/*******************************************************************************
 * Size: 16 px
 * Bpp: 8
 * Opts: --bpp 8 --size 16 --no-compress --font ../../../../Fonts/Open_Sans/static/OpenSans-Regular.ttf --range 32-255 --format lvgl
 ******************************************************************************/

#ifdef __has_include
    #if __has_include("lvgl.h")
        #ifndef LV_LVGL_H_INCLUDE_SIMPLE
            #define LV_LVGL_H_INCLUDE_SIMPLE
        #endif
    #endif
#endif

#ifdef LV_LVGL_H_INCLUDE_SIMPLE
    #include "lvgl.h"
#else
    #include "lvgl/lvgl.h"
#endif

#ifndef UI_FONT_OPEN_SANS_16
#define UI_FONT_OPEN_SANS_16 1
#endif

#if UI_FONT_OPEN_SANS_16

/*-----------------
 *    BITMAPS
 *----------------*/

/*Store the image of the glyphs*/
static LV_ATTRIBUTE_LARGE_CONST const uint8_t glyph_bitmap[] = {
    /* U+0020 " " */

    /* U+0021 "!" */
    0xa7, 0xe3, 0x0, 0x9c, 0xd8, 0x0, 0x91, 0xcd,
    0x0, 0x87, 0xc3, 0x0, 0x7c, 0xb7, 0x0, 0x71,
    0xac, 0x0, 0x65, 0xa1, 0x0, 0x5b, 0x97, 0x0,
    0x2a, 0x49, 0x0, 0x4, 0x8, 0x0, 0xb7, 0xe9,
    0x2, 0xa4, 0xd7, 0x1,

    /* U+0022 "\"" */
    0xe7, 0x6e, 0xb, 0xff, 0x4a, 0xd6, 0x5e, 0x0,
    0xfa, 0x3a, 0xc6, 0x4b, 0x0, 0xe7, 0x27, 0xb6,
    0x3a, 0x0, 0xd6, 0x16, 0x2e, 0xd, 0x0, 0x36,
    0x3,

    /* U+0023 "#" */
    0x0, 0x0, 0x0, 0x14, 0xfb, 0x5, 0x0, 0x9c,
    0x6c, 0x0, 0x0, 0x0, 0x0, 0x3c, 0xd6, 0x0,
    0x0, 0xc4, 0x44, 0x0, 0x0, 0x0, 0x0, 0x64,
    0xad, 0x0, 0x0, 0xec, 0x1c, 0x0, 0x0, 0x0,
    0x0, 0x8c, 0x84, 0x0, 0x14, 0xf3, 0x1, 0x0,
    0x0, 0xe8, 0xe8, 0xf7, 0xf2, 0xe8, 0xec, 0xfd,
    0xe8, 0xd6, 0x0, 0x18, 0x1a, 0xf2, 0x2f, 0x18,
    0x8e, 0x94, 0x18, 0x16, 0x0, 0x0, 0x31, 0xdc,
    0x0, 0x0, 0xc2, 0x4c, 0x0, 0x0, 0x8c, 0xec,
    0xf3, 0xfa, 0xec, 0xec, 0xfe, 0xef, 0xec, 0x55,
    0x11, 0x1c, 0xa9, 0x81, 0x1c, 0x44, 0xe4, 0x1c,
    0x1c, 0xa, 0x0, 0x0, 0xc4, 0x49, 0x0, 0x56,
    0xb8, 0x0, 0x0, 0x0, 0x0, 0x0, 0xec, 0x1f,
    0x0, 0x82, 0x8d, 0x0, 0x0, 0x0, 0x0, 0x14,
    0xf4, 0x1, 0x0, 0xad, 0x61, 0x0, 0x0, 0x0,

    /* U+0024 "$" */
    0x0, 0x0, 0x0, 0xf4, 0x0, 0x0, 0x0, 0x0,
    0x11, 0xa1, 0xee, 0xff, 0xf6, 0xd2, 0x6c, 0x0,
    0xab, 0xcf, 0x42, 0xf6, 0x30, 0x6b, 0x5c, 0x0,
    0xf8, 0x50, 0x0, 0xf4, 0x0, 0x0, 0x0, 0x0,
    0xef, 0x75, 0x0, 0xf4, 0x0, 0x0, 0x0, 0x0,
    0x8b, 0xfb, 0x96, 0xf9, 0x0, 0x0, 0x0, 0x0,
    0x2, 0x6f, 0xe4, 0xff, 0xd7, 0x6a, 0x4, 0x0,
    0x0, 0x0, 0x2, 0xf5, 0xa6, 0xfb, 0xb0, 0x0,
    0x0, 0x0, 0x0, 0xf4, 0x0, 0x53, 0xff, 0x1f,
    0x0, 0x0, 0x0, 0xf4, 0x0, 0x24, 0xff, 0x26,
    0x82, 0x34, 0xb, 0xf4, 0x2f, 0xb5, 0xd5, 0x1,
    0xd4, 0xff, 0xff, 0xff, 0xfd, 0xb6, 0x20, 0x0,
    0x0, 0xf, 0x2a, 0xf6, 0xc, 0x0, 0x0, 0x0,
    0x0, 0x0, 0x0, 0x7a, 0x0, 0x0, 0x0, 0x0,

    /* U+0025 "%" */
    0x0, 0x49, 0xe4, 0xf0, 0x7b, 0x0, 0x0, 0x0,
    0x18, 0xed, 0x1f, 0x0, 0x0, 0x2, 0xe4, 0x4a,
    0x17, 0xea, 0x2e, 0x0, 0x0, 0x93, 0x91, 0x0,
    0x0, 0x0, 0x22, 0xf4, 0x1, 0x0, 0xa7, 0x6d,
    0x0, 0x21, 0xee, 0x16, 0x0, 0x0, 0x0, 0x32,
    0xe6, 0x0, 0x0, 0x96, 0x7e, 0x0, 0xa2, 0x82,
    0x0, 0x0, 0x0, 0x0, 0x1f, 0xf5, 0x2, 0x0,
    0xa9, 0x6b, 0x2b, 0xe9, 0xe, 0x0, 0x0, 0x0,
    0x0, 0x1, 0xdc, 0x51, 0x1b, 0xec, 0x2b, 0xb1,
    0x74, 0x53, 0xe6, 0xea, 0x69, 0x0, 0x0, 0x3e,
    0xde, 0xef, 0x7a, 0x39, 0xe3, 0xf, 0xee, 0x44,
    0x27, 0xf2, 0x1d, 0x0, 0x0, 0x0, 0x0, 0x0,
    0xbf, 0x65, 0x31, 0xe8, 0x0, 0x0, 0xbe, 0x5c,
    0x0, 0x0, 0x0, 0x0, 0x46, 0xda, 0x4, 0x42,
    0xd6, 0x0, 0x0, 0xaa, 0x6e, 0x0, 0x0, 0x0,
    0x1, 0xce, 0x57, 0x0, 0x31, 0xe2, 0x0, 0x0,
    0xb7, 0x5d, 0x0, 0x0, 0x0, 0x56, 0xce, 0x1,
    0x0, 0x5, 0xea, 0x27, 0x10, 0xed, 0x1f, 0x0,
    0x0, 0x4, 0xd8, 0x46, 0x0, 0x0, 0x0, 0x4c,
    0xd9, 0xdb, 0x70, 0x0,

    /* U+0026 "&" */
    0x0, 0x0, 0x28, 0xc1, 0xf9, 0xf0, 0x93, 0x4,
    0x0, 0x0, 0x0, 0x0, 0x0, 0x0, 0xd2, 0xaf,
    0x24, 0x45, 0xf1, 0x67, 0x0, 0x0, 0x0, 0x0,
    0x0, 0x7, 0xff, 0x43, 0x0, 0x0, 0xb3, 0x97,
    0x0, 0x0, 0x0, 0x0, 0x0, 0x0, 0xe2, 0x7b,
    0x0, 0x10, 0xe7, 0x6c, 0x0, 0x0, 0x0, 0x0,
    0x0, 0x0, 0x5e, 0xf7, 0x5e, 0xd3, 0xbb, 0x6,
    0x0, 0x0, 0x0, 0x0, 0x0, 0x0, 0x14, 0xde,
    0xff, 0xa3, 0x5, 0x0, 0x0, 0x0, 0x0, 0x0,
    0x0, 0x2d, 0xe5, 0xbf, 0xa9, 0xec, 0x30, 0x0,
    0x0, 0x6e, 0xae, 0x0, 0x0, 0xd5, 0xb3, 0x3,
    0x3, 0xa5, 0xec, 0x30, 0x0, 0xd1, 0x82, 0x0,
    0x18, 0xff, 0x49, 0x0, 0x0, 0x3, 0xa5, 0xec,
    0x80, 0xf7, 0x1b, 0x0, 0x10, 0xff, 0x56, 0x0,
    0x0, 0x0, 0x3, 0xb9, 0xff, 0x82, 0x0, 0x0,
    0x0, 0xb5, 0xdc, 0x39, 0xc, 0x23, 0x83, 0xf6,
    0xcb, 0xeb, 0x2d, 0x0, 0x0, 0xf, 0x99, 0xe8,
    0xfd, 0xeb, 0xac, 0x34, 0x4, 0xa8, 0xe9, 0x2b,

    /* U+0027 "'" */
    0xe7, 0x6e, 0xd6, 0x5e, 0xc6, 0x4b, 0xb6, 0x3a,
    0x2e, 0xd,

    /* U+0028 "(" */
    0x0, 0x0, 0x5d, 0xdc, 0xb, 0x0, 0x10, 0xed,
    0x54, 0x0, 0x0, 0x74, 0xde, 0x2, 0x0, 0x0,
    0xcf, 0x87, 0x0, 0x0, 0x12, 0xff, 0x46, 0x0,
    0x0, 0x3c, 0xff, 0x19, 0x0, 0x0, 0x55, 0xff,
    0x2, 0x0, 0x0, 0x5b, 0xfb, 0x0, 0x0, 0x0,
    0x4d, 0xff, 0x9, 0x0, 0x0, 0x2d, 0xff, 0x2a,
    0x0, 0x0, 0x5, 0xf4, 0x5e, 0x0, 0x0, 0x0,
    0xab, 0xaa, 0x0, 0x0, 0x0, 0x43, 0xf9, 0x1a,
    0x0, 0x0, 0x0, 0xb7, 0x98, 0x0, 0x0, 0x0,
    0x18, 0x7e, 0xa,

    /* U+0029 ")" */
    0x32, 0xf0, 0x25, 0x0, 0x0, 0x0, 0x99, 0xb7,
    0x0, 0x0, 0x0, 0x27, 0xff, 0x31, 0x0, 0x0,
    0x0, 0xce, 0x8b, 0x0, 0x0, 0x0, 0x8c, 0xcb,
    0x0, 0x0, 0x0, 0x5d, 0xf3, 0x0, 0x0, 0x0,
    0x43, 0xff, 0xb, 0x0, 0x0, 0x3f, 0xff, 0x10,
    0x0, 0x0, 0x4d, 0xff, 0x6, 0x0, 0x0, 0x6e,
    0xe5, 0x0, 0x0, 0x0, 0xa3, 0xb4, 0x0, 0x0,
    0x5, 0xeb, 0x68, 0x0, 0x0, 0x59, 0xf0, 0xf,
    0x0, 0x6, 0xd7, 0x72, 0x0, 0x0, 0x2b, 0x74,
    0x3, 0x0, 0x0,

    /* U+002A "*" */
    0x0, 0x0, 0x0, 0x4c, 0xff, 0xc, 0x0, 0x0,
    0x0, 0x0, 0x0, 0x0, 0x34, 0xf4, 0x0, 0x0,
    0x0, 0x0, 0x1a, 0x8e, 0x3e, 0x1f, 0xdc, 0xb,
    0x52, 0x91, 0x0, 0x2d, 0xc6, 0xe1, 0xea, 0xf8,
    0xed, 0xdb, 0xbf, 0x5, 0x0, 0x0, 0x1, 0xb7,
    0xde, 0x7d, 0x0, 0x0, 0x0, 0x0, 0x0, 0x70,
    0xe1, 0x2a, 0xf9, 0x3b, 0x0, 0x0, 0x0, 0x10,
    0xec, 0x72, 0x0, 0xa6, 0xc4, 0x0, 0x0, 0x0,
    0x0, 0x17, 0xc, 0x0, 0x18, 0xa, 0x0, 0x0,

    /* U+002B "+" */
    0x0, 0x0, 0x0, 0x0, 0xec, 0x17, 0x0, 0x0,
    0x0, 0x0, 0x0, 0x0, 0x0, 0xf8, 0x18, 0x0,
    0x0, 0x0, 0x0, 0x0, 0x0, 0x0, 0xf8, 0x18,
    0x0, 0x0, 0x0, 0x2e, 0xf4, 0xf4, 0xf4, 0xff,
    0xf5, 0xf4, 0xf4, 0x4c, 0x7, 0x24, 0x24, 0x24,
    0xf9, 0x39, 0x24, 0x24, 0xb, 0x0, 0x0, 0x0,
    0x0, 0xf8, 0x18, 0x0, 0x0, 0x0, 0x0, 0x0,
    0x0, 0x0, 0xf8, 0x18, 0x0, 0x0, 0x0, 0x0,
    0x0, 0x0, 0x0, 0xf8, 0x18, 0x0, 0x0, 0x0,

    /* U+002C "," */
    0x0, 0x6, 0xa, 0x0, 0x9e, 0xda, 0x0, 0xcc,
    0x91, 0x7, 0xf9, 0x37, 0x3b, 0xd5, 0x0,

    /* U+002D "-" */
    0x5c, 0xff, 0xff, 0xff, 0x84, 0x11, 0x30, 0x30,
    0x30, 0x19,

    /* U+002E "." */
    0x4, 0x8, 0x0, 0xb7, 0xe9, 0x2, 0xa5, 0xd6,
    0x1,

    /* U+002F "/" */
    0x0, 0x0, 0x0, 0x0, 0xc1, 0x86, 0x0, 0x0,
    0x0, 0x1d, 0xfe, 0x2c, 0x0, 0x0, 0x0, 0x77,
    0xd2, 0x0, 0x0, 0x0, 0x0, 0xd2, 0x77, 0x0,
    0x0, 0x0, 0x2d, 0xfe, 0x1d, 0x0, 0x0, 0x0,
    0x87, 0xc1, 0x0, 0x0, 0x0, 0x1, 0xe1, 0x66,
    0x0, 0x0, 0x0, 0x3d, 0xf9, 0x12, 0x0, 0x0,
    0x0, 0x97, 0xb1, 0x0, 0x0, 0x0, 0x5, 0xed,
    0x56, 0x0, 0x0, 0x0, 0x4d, 0xf2, 0x9, 0x0,
    0x0, 0x0, 0xa7, 0xa1, 0x0, 0x0, 0x0, 0x0,

    /* U+0030 "0" */
    0x0, 0x0, 0x59, 0xd8, 0xfc, 0xde, 0x68, 0x0,
    0x0, 0x0, 0x42, 0xfd, 0x71, 0x2a, 0x5f, 0xf5,
    0x58, 0x0, 0x0, 0xb9, 0xa1, 0x0, 0x0, 0x0,
    0x7d, 0xd7, 0x0, 0x3, 0xf7, 0x53, 0x0, 0x0,
    0x0, 0x2f, 0xff, 0x1d, 0x1d, 0xff, 0x2d, 0x0,
    0x0, 0x0, 0x9, 0xff, 0x43, 0x2d, 0xff, 0x1e,
    0x0, 0x0, 0x0, 0x0, 0xfb, 0x54, 0x2c, 0xff,
    0x1e, 0x0, 0x0, 0x0, 0x0, 0xfb, 0x54, 0x1b,
    0xff, 0x2d, 0x0, 0x0, 0x0, 0xa, 0xff, 0x45,
    0x2, 0xf3, 0x53, 0x0, 0x0, 0x0, 0x2f, 0xff,
    0x22, 0x0, 0xaf, 0xa0, 0x0, 0x0, 0x0, 0x7e,
    0xdf, 0x0, 0x0, 0x36, 0xf9, 0x71, 0x2a, 0x5e,
    0xf5, 0x68, 0x0, 0x0, 0x0, 0x4d, 0xd5, 0xfc,
    0xe2, 0x73, 0x0, 0x0,

    /* U+0031 "1" */
    0x0, 0x0, 0x33, 0xe1, 0xa0, 0x0, 0x58, 0xf2,
    0xdd, 0xa0, 0x4d, 0xf2, 0x4a, 0xa3, 0xa0, 0x6,
    0x28, 0x0, 0xa4, 0xa0, 0x0, 0x0, 0x0, 0xa4,
    0xa0, 0x0, 0x0, 0x0, 0xa4, 0xa0, 0x0, 0x0,
    0x0, 0xa4, 0xa0, 0x0, 0x0, 0x0, 0xa4, 0xa0,
    0x0, 0x0, 0x0, 0xa4, 0xa0, 0x0, 0x0, 0x0,
    0xa4, 0xa0, 0x0, 0x0, 0x0, 0xa4, 0xa0, 0x0,
    0x0, 0x0, 0xa4, 0xa0,

    /* U+0032 "2" */
    0x0, 0x1f, 0x9d, 0xe8, 0xfc, 0xdc, 0x6d, 0x0,
    0x0, 0x1, 0xd1, 0xaf, 0x42, 0x29, 0x6e, 0xfb,
    0x63, 0x0, 0x0, 0x14, 0x0, 0x0, 0x0, 0x0,
    0xa6, 0xbf, 0x0, 0x0, 0x0, 0x0, 0x0, 0x0,
    0x0, 0x8f, 0xc9, 0x0, 0x0, 0x0, 0x0, 0x0,
    0x0, 0x0, 0xc6, 0x97, 0x0, 0x0, 0x0, 0x0,
    0x0, 0x0, 0x4d, 0xfa, 0x27, 0x0, 0x0, 0x0,
    0x0, 0x0, 0x27, 0xee, 0x6d, 0x0, 0x0, 0x0,
    0x0, 0x0, 0x1f, 0xe2, 0x8d, 0x0, 0x0, 0x0,
    0x0, 0x0, 0x19, 0xdc, 0x9a, 0x1, 0x0, 0x0,
    0x0, 0x0, 0x13, 0xd4, 0xa2, 0x2, 0x0, 0x0,
    0x0, 0x0, 0xc, 0xcb, 0xd5, 0x43, 0x40, 0x40,
    0x40, 0x40, 0x12, 0x34, 0xff, 0xff, 0xff, 0xff,
    0xff, 0xff, 0xff, 0x48,

    /* U+0033 "3" */
    0x0, 0x41, 0xb4, 0xef, 0xfc, 0xe1, 0x85, 0x5,
    0x0, 0xb, 0xd7, 0x86, 0x38, 0x24, 0x5c, 0xf2,
    0x85, 0x0, 0x0, 0x2, 0x0, 0x0, 0x0, 0x0,
    0x8d, 0xd4, 0x0, 0x0, 0x0, 0x0, 0x0, 0x0,
    0x0, 0x9a, 0xc2, 0x0, 0x0, 0x0, 0x0, 0x0,
    0xd, 0x68, 0xf0, 0x40, 0x0, 0x0, 0x0, 0x84,
    0xf9, 0xff, 0xe6, 0x53, 0x0, 0x0, 0x0, 0x0,
    0x15, 0x29, 0x37, 0x76, 0xf0, 0x84, 0x0, 0x0,
    0x0, 0x0, 0x0, 0x0, 0x0, 0x5a, 0xfc, 0x14,
    0x0, 0x0, 0x0, 0x0, 0x0, 0x0, 0x2d, 0xff,
    0x30, 0x0, 0x0, 0x0, 0x0, 0x0, 0x0, 0x65,
    0xfc, 0x10, 0x3e, 0x97, 0x4b, 0x26, 0x2c, 0x6a,
    0xf1, 0x90, 0x0, 0x1e, 0xa8, 0xe4, 0xfc, 0xf8,
    0xd0, 0x6c, 0x2, 0x0,

    /* U+0034 "4" */
    0x0, 0x0, 0x0, 0x0, 0x0, 0x90, 0xff, 0x24,
    0x0, 0x0, 0x0, 0x0, 0x0, 0x3d, 0xe4, 0xff,
    0x24, 0x0, 0x0, 0x0, 0x0, 0xb, 0xdc, 0x6e,
    0xff, 0x24, 0x0, 0x0, 0x0, 0x0, 0x93, 0xae,
    0x1f, 0xff, 0x24, 0x0, 0x0, 0x0, 0x41, 0xea,
    0x17, 0x20, 0xff, 0x24, 0x0, 0x0, 0xd, 0xe0,
    0x53, 0x0, 0x20, 0xff, 0x24, 0x0, 0x0, 0x98,
    0xa7, 0x0, 0x0, 0x20, 0xff, 0x24, 0x0, 0x46,
    0xe7, 0x13, 0x0, 0x0, 0x20, 0xff, 0x24, 0x0,
    0xa7, 0xff, 0xff, 0xff, 0xff, 0xff, 0xff, 0xff,
    0xd8, 0x20, 0x30, 0x30, 0x30, 0x30, 0x4a, 0xff,
    0x4d, 0x29, 0x0, 0x0, 0x0, 0x0, 0x0, 0x20,
    0xff, 0x24, 0x0, 0x0, 0x0, 0x0, 0x0, 0x0,
    0x20, 0xff, 0x24, 0x0,

    /* U+0035 "5" */
    0x4a, 0xff, 0xff, 0xff, 0xff, 0xff, 0x70, 0x0,
    0x5c, 0xde, 0x3c, 0x3c, 0x3c, 0x3c, 0x1a, 0x0,
    0x6f, 0xc6, 0x0, 0x0, 0x0, 0x0, 0x0, 0x0,
    0x82, 0xb2, 0x0, 0x0, 0x0, 0x0, 0x0, 0x0,
    0x95, 0xa2, 0x0, 0x0, 0x0, 0x0, 0x0, 0x0,
    0xa6, 0xec, 0xe9, 0xf5, 0xdc, 0x86, 0xa, 0x0,
    0x22, 0x4c, 0x2f, 0x31, 0x65, 0xe9, 0xb4, 0x0,
    0x0, 0x0, 0x0, 0x0, 0x0, 0x4f, 0xff, 0x22,
    0x0, 0x0, 0x0, 0x0, 0x0, 0x21, 0xff, 0x38,
    0x0, 0x0, 0x0, 0x0, 0x0, 0x57, 0xfc, 0x13,
    0xa0, 0x54, 0x2d, 0x2d, 0x6c, 0xef, 0x8d, 0x0,
    0x90, 0xdc, 0xfa, 0xf9, 0xcf, 0x6a, 0x2, 0x0,

    /* U+0036 "6" */
    0x0, 0x0, 0x1, 0x60, 0xcb, 0xf8, 0xfc, 0x77,
    0x0, 0x0, 0x0, 0x92, 0xe0, 0x5d, 0x24, 0x1e,
    0x1b, 0x0, 0x0, 0x40, 0xf1, 0x1d, 0x0, 0x0,
    0x0, 0x0, 0x0, 0x0, 0xa6, 0x91, 0x0, 0x0,
    0x0, 0x0, 0x0, 0x0, 0x0, 0xe2, 0x5e, 0x90,
    0xdd, 0xe2, 0x9f, 0x14, 0x0, 0x7, 0xff, 0xd9,
    0x78, 0x24, 0x38, 0xc9, 0xc8, 0x1, 0x15, 0xff,
    0x85, 0x0, 0x0, 0x0, 0x24, 0xff, 0x34, 0x11,
    0xff, 0x42, 0x0, 0x0, 0x0, 0x0, 0xef, 0x5b,
    0x1, 0xf0, 0x5c, 0x0, 0x0, 0x0, 0x1, 0xf5,
    0x54, 0x0, 0xa7, 0xb9, 0x0, 0x0, 0x0, 0x36,
    0xff, 0x22, 0x0, 0x2a, 0xf5, 0x90, 0x29, 0x44,
    0xd8, 0xac, 0x0, 0x0, 0x0, 0x37, 0xc3, 0xfb,
    0xed, 0x97, 0xb, 0x0,

    /* U+0037 "7" */
    0x44, 0xff, 0xff, 0xff, 0xff, 0xff, 0xff, 0xff,
    0x58, 0x10, 0x3c, 0x3c, 0x3c, 0x3c, 0x3c, 0x66,
    0xff, 0x28, 0x0, 0x0, 0x0, 0x0, 0x0, 0x0,
    0x99, 0xba, 0x0, 0x0, 0x0, 0x0, 0x0, 0x0,
    0x13, 0xf6, 0x4d, 0x0, 0x0, 0x0, 0x0, 0x0,
    0x0, 0x79, 0xde, 0x2, 0x0, 0x0, 0x0, 0x0,
    0x0, 0x4, 0xe3, 0x73, 0x0, 0x0, 0x0, 0x0,
    0x0, 0x0, 0x56, 0xf5, 0x11, 0x0, 0x0, 0x0,
    0x0, 0x0, 0x0, 0xc6, 0x99, 0x0, 0x0, 0x0,
    0x0, 0x0, 0x0, 0x36, 0xff, 0x2c, 0x0, 0x0,
    0x0, 0x0, 0x0, 0x0, 0xa5, 0xc0, 0x0, 0x0,
    0x0, 0x0, 0x0, 0x0, 0x1b, 0xfb, 0x54, 0x0,
    0x0, 0x0, 0x0, 0x0, 0x0, 0x86, 0xe3, 0x4,
    0x0, 0x0, 0x0, 0x0,

    /* U+0038 "8" */
    0x0, 0x4, 0x7e, 0xe0, 0xfd, 0xe8, 0x94, 0xc,
    0x0, 0x0, 0x80, 0xeb, 0x50, 0x1c, 0x45, 0xdd,
    0xa2, 0x0, 0x0, 0xcd, 0x82, 0x0, 0x0, 0x0,
    0x62, 0xec, 0x0, 0x0, 0xba, 0x97, 0x0, 0x0,
    0x0, 0x77, 0xd8, 0x0, 0x0, 0x40, 0xf7, 0x74,
    0x6, 0x53, 0xef, 0x4d, 0x0, 0x0, 0x0, 0x42,
    0xf7, 0xf5, 0xf5, 0x3e, 0x0, 0x0, 0x0, 0x23,
    0xd4, 0xb9, 0x66, 0xcd, 0xe1, 0x36, 0x0, 0x2,
    0xd4, 0x97, 0x1, 0x0, 0x2, 0x8c, 0xeb, 0x10,
    0x26, 0xff, 0x20, 0x0, 0x0, 0x0, 0x7, 0xfb,
    0x4b, 0x1f, 0xff, 0x31, 0x0, 0x0, 0x0, 0x15,
    0xff, 0x3f, 0x0, 0xc0, 0xcd, 0x3a, 0x14, 0x33,
    0xbd, 0xd2, 0x4, 0x0, 0x11, 0x97, 0xe5, 0xfd,
    0xea, 0x9f, 0x16, 0x0,

    /* U+0039 "9" */
    0x0, 0x4, 0x80, 0xe4, 0xfc, 0xd6, 0x58, 0x0,
    0x0, 0x0, 0x8e, 0xe6, 0x52, 0x26, 0x65, 0xf5,
    0x53, 0x0, 0xb, 0xf9, 0x54, 0x0, 0x0, 0x0,
    0x6e, 0xda, 0x0, 0x2c, 0xff, 0x21, 0x0, 0x0,
    0x0, 0x19, 0xff, 0x25, 0x1e, 0xff, 0x38, 0x0,
    0x0, 0x0, 0x25, 0xff, 0x44, 0x0, 0xcc, 0xbc,
    0x16, 0x0, 0x27, 0xbb, 0xff, 0x48, 0x0, 0x22,
    0xc5, 0xfe, 0xf4, 0xda, 0x4e, 0xff, 0x3a, 0x0,
    0x0, 0x0, 0x12, 0x18, 0x0, 0x37, 0xff, 0x16,
    0x0, 0x0, 0x0, 0x0, 0x0, 0x0, 0x7d, 0xd9,
    0x0, 0x0, 0x0, 0x0, 0x0, 0x0, 0x17, 0xea,
    0x70, 0x0, 0x0, 0x1d, 0x2a, 0x23, 0x57, 0xdb,
    0xbf, 0x5, 0x0, 0x0, 0x54, 0xf7, 0xfb, 0xd7,
    0x7c, 0x8, 0x0, 0x0,

    /* U+003A ":" */
    0xa8, 0xd7, 0x1, 0xb7, 0xe8, 0x2, 0x6, 0xa,
    0x0, 0x0, 0x0, 0x0, 0x0, 0x0, 0x0, 0x0,
    0x0, 0x0, 0x4, 0x8, 0x0, 0xb7, 0xe9, 0x2,
    0xa5, 0xd6, 0x1,

    /* U+003B ";" */
    0x0, 0xaf, 0xd3, 0x0, 0xc0, 0xe3, 0x0, 0x6,
    0x9, 0x0, 0x0, 0x0, 0x0, 0x0, 0x0, 0x0,
    0x0, 0x0, 0x0, 0x0, 0x0, 0x0, 0xbc, 0xbb,
    0x0, 0xec, 0x71, 0x22, 0xfe, 0x1c, 0x5b, 0xba,
    0x0, 0x6, 0x6, 0x0,

    /* U+003C "<" */
    0x0, 0x0, 0x0, 0x0, 0x0, 0x0, 0x19, 0x93,
    0x4d, 0x0, 0x0, 0x0, 0x0, 0x16, 0x8e, 0xf0,
    0x98, 0x17, 0x0, 0x0, 0x12, 0x88, 0xeb, 0x91,
    0x1b, 0x0, 0x0, 0xa, 0x82, 0xe7, 0x8b, 0x19,
    0x0, 0x0, 0x0, 0x0, 0x1f, 0xe5, 0xc3, 0x42,
    0x1, 0x0, 0x0, 0x0, 0x0, 0x0, 0x6, 0x61,
    0xd5, 0xd3, 0x62, 0x8, 0x0, 0x0, 0x0, 0x0,
    0x0, 0x1, 0x4d, 0xc1, 0xea, 0x82, 0x11, 0x0,
    0x0, 0x0, 0x0, 0x0, 0x0, 0x37, 0xab, 0x51,
    0x0, 0x0, 0x0, 0x0, 0x0, 0x0, 0x0, 0x0,
    0x1,

    /* U+003D "=" */
    0x17, 0xf4, 0xf4, 0xf4, 0xf4, 0xf4, 0xf4, 0xf4,
    0x39, 0x3, 0x24, 0x24, 0x24, 0x24, 0x24, 0x24,
    0x24, 0x8, 0x0, 0x0, 0x0, 0x0, 0x0, 0x0,
    0x0, 0x0, 0x0, 0x17, 0xf4, 0xf4, 0xf4, 0xf4,
    0xf4, 0xf4, 0xf4, 0x39, 0x3, 0x20, 0x20, 0x20,
    0x20, 0x20, 0x20, 0x20, 0x8,

    /* U+003E ">" */
    0x2e, 0xa5, 0x27, 0x0, 0x0, 0x0, 0x0, 0x0,
    0x0, 0xb, 0x87, 0xee, 0xa0, 0x22, 0x0, 0x0,
    0x0, 0x0, 0x0, 0x0, 0x12, 0x82, 0xeb, 0x9b,
    0x1e, 0x0, 0x0, 0x0, 0x0, 0x0, 0x0, 0x10,
    0x7d, 0xe8, 0x95, 0x14, 0x0, 0x0, 0x0, 0x0,
    0x0, 0x32, 0xaf, 0xf0, 0x3a, 0x0, 0x0, 0x3,
    0x50, 0xc2, 0xe1, 0x73, 0xd, 0x0, 0x9, 0x72,
    0xdf, 0xd0, 0x5c, 0x5, 0x0, 0x0, 0x0, 0x30,
    0xbc, 0x47, 0x1, 0x0, 0x0, 0x0, 0x0, 0x0,
    0x1, 0x0, 0x0, 0x0, 0x0, 0x0, 0x0, 0x0,
    0x0,

    /* U+003F "?" */
    0x4b, 0xbb, 0xf0, 0xfc, 0xd5, 0x54, 0x0, 0x61,
    0x81, 0x3e, 0x33, 0x84, 0xfd, 0x2d, 0x0, 0x0,
    0x0, 0x0, 0x0, 0xd2, 0x70, 0x0, 0x0, 0x0,
    0x0, 0x1, 0xde, 0x62, 0x0, 0x0, 0x0, 0x0,
    0x7e, 0xe8, 0x12, 0x0, 0x0, 0x1, 0x8f, 0xe6,
    0x2d, 0x0, 0x0, 0x0, 0x64, 0xe4, 0x21, 0x0,
    0x0, 0x0, 0x0, 0xb3, 0x68, 0x0, 0x0, 0x0,
    0x0, 0x0, 0x66, 0x28, 0x0, 0x0, 0x0, 0x0,
    0x0, 0xa, 0x3, 0x0, 0x0, 0x0, 0x0, 0xb,
    0xf1, 0xa3, 0x0, 0x0, 0x0, 0x0, 0x7, 0xe1,
    0x90, 0x0, 0x0, 0x0,

    /* U+0040 "@" */
    0x0, 0x0, 0x0, 0x0, 0x4c, 0xb0, 0xe7, 0xfc,
    0xf1, 0xbf, 0x59, 0x1, 0x0, 0x0, 0x0, 0x0,
    0x9, 0xad, 0xd5, 0x61, 0x1f, 0x8, 0x16, 0x54,
    0xd1, 0xac, 0x4, 0x0, 0x0, 0x0, 0xaa, 0xab,
    0x7, 0x0, 0x0, 0x0, 0x0, 0x0, 0x8, 0xbd,
    0x84, 0x0, 0x0, 0x47, 0xdd, 0x9, 0x0, 0x52,
    0xd7, 0xf9, 0xee, 0xae, 0x0, 0x20, 0xf3, 0xf,
    0x0, 0xb1, 0x6c, 0x0, 0x3f, 0xf0, 0x41, 0x1,
    0x4d, 0xdf, 0x0, 0x0, 0xc4, 0x4e, 0x0, 0xf0,
    0x26, 0x0, 0xb0, 0x89, 0x0, 0x0, 0x4b, 0xd3,
    0x0, 0x0, 0xa2, 0x6a, 0xe, 0xff, 0x6, 0x0,
    0xdb, 0x53, 0x0, 0x0, 0x58, 0xc7, 0x0, 0x0,
    0xa7, 0x65, 0xf, 0xff, 0x6, 0x0, 0xd2, 0x5b,
    0x0, 0x0, 0x83, 0xc2, 0x0, 0x0, 0xd2, 0x38,
    0x1, 0xf3, 0x27, 0x0, 0x8b, 0xbd, 0xd, 0x22,
    0xcd, 0xde, 0x12, 0x51, 0xd4, 0x2, 0x0, 0xb1,
    0x74, 0x0, 0xd, 0xaa, 0xee, 0xd1, 0x37, 0x6d,
    0xed, 0xcd, 0x28, 0x0, 0x0, 0x3f, 0xeb, 0x1f,
    0x0, 0x0, 0x0, 0x0, 0x0, 0x0, 0x0, 0x0,
    0x0, 0x0, 0x0, 0x0, 0x78, 0xe5, 0x61, 0x10,
    0x0, 0x0, 0x11, 0x4e, 0x29, 0x0, 0x0, 0x0,
    0x0, 0x0, 0x0, 0x42, 0xb7, 0xf5, 0xee, 0xf1,
    0xf2, 0xb3, 0x26, 0x0, 0x0, 0x0, 0x0, 0x0,
    0x0, 0x0, 0x0, 0x2, 0x13, 0x11, 0x1, 0x0,
    0x0, 0x0, 0x0, 0x0,

    /* U+0041 "A" */
    0x0, 0x0, 0x0, 0x0, 0xb8, 0xdb, 0x1, 0x0,
    0x0, 0x0, 0x0, 0x0, 0x0, 0x0, 0x1a, 0xf9,
    0xef, 0x3b, 0x0, 0x0, 0x0, 0x0, 0x0, 0x0,
    0x0, 0x78, 0xc3, 0xa2, 0x98, 0x0, 0x0, 0x0,
    0x0, 0x0, 0x0, 0x0, 0xd5, 0x72, 0x4f, 0xf0,
    0x8, 0x0, 0x0, 0x0, 0x0, 0x0, 0x34, 0xfd,
    0x19, 0x7, 0xee, 0x56, 0x0, 0x0, 0x0, 0x0,
    0x0, 0x94, 0xb9, 0x0, 0x0, 0x9a, 0xb4, 0x0,
    0x0, 0x0, 0x0, 0x7, 0xed, 0x60, 0x4, 0x4,
    0x43, 0xfc, 0x18, 0x0, 0x0, 0x0, 0x54, 0xff,
    0xff, 0xff, 0xff, 0xff, 0xff, 0x72, 0x0, 0x0,
    0x0, 0xb4, 0xaf, 0x34, 0x34, 0x34, 0x34, 0x9f,
    0xd0, 0x0, 0x0, 0x16, 0xfc, 0x44, 0x0, 0x0,
    0x0, 0x0, 0x30, 0xff, 0x30, 0x0, 0x70, 0xe4,
    0x2, 0x0, 0x0, 0x0, 0x0, 0x0, 0xd3, 0x8e,
    0x0, 0xd0, 0x88, 0x0, 0x0, 0x0, 0x0, 0x0,
    0x0, 0x74, 0xe8, 0x4,

    /* U+0042 "B" */
    0x70, 0xff, 0xff, 0xff, 0xfa, 0xdc, 0x93, 0x15,
    0x0, 0x70, 0xe9, 0x2c, 0x2c, 0x34, 0x65, 0xe7,
    0xc2, 0x0, 0x70, 0xe4, 0x0, 0x0, 0x0, 0x0,
    0x61, 0xff, 0xf, 0x70, 0xe4, 0x0, 0x0, 0x0,
    0x0, 0x57, 0xfb, 0x9, 0x70, 0xe4, 0x0, 0x0,
    0x3, 0x2e, 0xcf, 0x92, 0x0, 0x70, 0xff, 0xfc,
    0xfc, 0xff, 0xfd, 0x8f, 0x2, 0x0, 0x70, 0xe9,
    0x2c, 0x2c, 0x31, 0x56, 0xd3, 0xb9, 0x4, 0x70,
    0xe4, 0x0, 0x0, 0x0, 0x0, 0x1e, 0xff, 0x53,
    0x70, 0xe4, 0x0, 0x0, 0x0, 0x0, 0x0, 0xf4,
    0x76, 0x70, 0xe4, 0x0, 0x0, 0x0, 0x0, 0x29,
    0xff, 0x57, 0x70, 0xe9, 0x2c, 0x2c, 0x2f, 0x56,
    0xd7, 0xde, 0xa, 0x70, 0xff, 0xff, 0xff, 0xff,
    0xea, 0xa1, 0x1c, 0x0,

    /* U+0043 "C" */
    0x0, 0x0, 0x0, 0x3e, 0xb1, 0xed, 0xfd, 0xeb,
    0xb7, 0x3c, 0x0, 0x0, 0x6a, 0xfe, 0xb0, 0x50,
    0x38, 0x51, 0x9a, 0x36, 0x0, 0x2f, 0xfc, 0x82,
    0x0, 0x0, 0x0, 0x0, 0x0, 0x0, 0x0, 0x9e,
    0xdc, 0x3, 0x0, 0x0, 0x0, 0x0, 0x0, 0x0,
    0x0, 0xe1, 0x88, 0x0, 0x0, 0x0, 0x0, 0x0,
    0x0, 0x0, 0x1, 0xfe, 0x66, 0x0, 0x0, 0x0,
    0x0, 0x0, 0x0, 0x0, 0x1, 0xfe, 0x66, 0x0,
    0x0, 0x0, 0x0, 0x0, 0x0, 0x0, 0x0, 0xe5,
    0x86, 0x0, 0x0, 0x0, 0x0, 0x0, 0x0, 0x0,
    0x0, 0xab, 0xd4, 0x1, 0x0, 0x0, 0x0, 0x0,
    0x0, 0x0, 0x0, 0x43, 0xff, 0x6d, 0x0, 0x0,
    0x0, 0x0, 0x0, 0x0, 0x0, 0x0, 0x91, 0xff,
    0xa0, 0x4c, 0x37, 0x49, 0x7d, 0x1c, 0x0, 0x0,
    0x0, 0x5a, 0xc4, 0xf4, 0xff, 0xee, 0xbb, 0x19,

    /* U+0044 "D" */
    0x70, 0xff, 0xff, 0xff, 0xfa, 0xd8, 0x8c, 0x16,
    0x0, 0x0, 0x70, 0xe9, 0x2c, 0x2c, 0x38, 0x6a,
    0xd7, 0xe9, 0x2c, 0x0, 0x70, 0xe4, 0x0, 0x0,
    0x0, 0x0, 0x9, 0xc3, 0xd7, 0x3, 0x70, 0xe4,
    0x0, 0x0, 0x0, 0x0, 0x0, 0x2f, 0xff, 0x4a,
    0x70, 0xe4, 0x0, 0x0, 0x0, 0x0, 0x0, 0x0,
    0xe6, 0x87, 0x70, 0xe4, 0x0, 0x0, 0x0, 0x0,
    0x0, 0x0, 0xc9, 0xa0, 0x70, 0xe4, 0x0, 0x0,
    0x0, 0x0, 0x0, 0x0, 0xca, 0x9d, 0x70, 0xe4,
    0x0, 0x0, 0x0, 0x0, 0x0, 0x1, 0xeb, 0x80,
    0x70, 0xe4, 0x0, 0x0, 0x0, 0x0, 0x0, 0x3c,
    0xff, 0x3f, 0x70, 0xe4, 0x0, 0x0, 0x0, 0x0,
    0x11, 0xd1, 0xcb, 0x1, 0x70, 0xe9, 0x2c, 0x2d,
    0x3e, 0x77, 0xe4, 0xe0, 0x22, 0x0, 0x70, 0xff,
    0xff, 0xff, 0xf4, 0xcd, 0x7d, 0xe, 0x0, 0x0,

    /* U+0045 "E" */
    0x70, 0xff, 0xff, 0xff, 0xff, 0xff, 0xec, 0x70,
    0xea, 0x38, 0x38, 0x38, 0x38, 0x34, 0x70, 0xe4,
    0x0, 0x0, 0x0, 0x0, 0x0, 0x70, 0xe4, 0x0,
    0x0, 0x0, 0x0, 0x0, 0x70, 0xe4, 0x0, 0x0,
    0x0, 0x0, 0x0, 0x70, 0xff, 0xff, 0xff, 0xff,
    0xff, 0xa4, 0x70, 0xe9, 0x30, 0x30, 0x30, 0x30,
    0x1f, 0x70, 0xe4, 0x0, 0x0, 0x0, 0x0, 0x0,
    0x70, 0xe4, 0x0, 0x0, 0x0, 0x0, 0x0, 0x70,
    0xe4, 0x0, 0x0, 0x0, 0x0, 0x0, 0x70, 0xea,
    0x34, 0x34, 0x34, 0x34, 0x30, 0x70, 0xff, 0xff,
    0xff, 0xff, 0xff, 0xec,

    /* U+0046 "F" */
    0x70, 0xff, 0xff, 0xff, 0xff, 0xff, 0xec, 0x70,
    0xea, 0x38, 0x38, 0x38, 0x38, 0x34, 0x70, 0xe4,
    0x0, 0x0, 0x0, 0x0, 0x0, 0x70, 0xe4, 0x0,
    0x0, 0x0, 0x0, 0x0, 0x70, 0xe4, 0x0, 0x0,
    0x0, 0x0, 0x0, 0x70, 0xe4, 0x0, 0x0, 0x0,
    0x0, 0x0, 0x70, 0xff, 0xff, 0xff, 0xff, 0xff,
    0xa0, 0x70, 0xe9, 0x30, 0x30, 0x30, 0x30, 0x1e,
    0x70, 0xe4, 0x0, 0x0, 0x0, 0x0, 0x0, 0x70,
    0xe4, 0x0, 0x0, 0x0, 0x0, 0x0, 0x70, 0xe4,
    0x0, 0x0, 0x0, 0x0, 0x0, 0x70, 0xe4, 0x0,
    0x0, 0x0, 0x0, 0x0,

    /* U+0047 "G" */
    0x0, 0x0, 0x0, 0x26, 0x99, 0xde, 0xfa, 0xf7,
    0xd9, 0x98, 0x15, 0x0, 0x0, 0x52, 0xf8, 0xc0,
    0x5a, 0x36, 0x3e, 0x72, 0xb9, 0x7, 0x0, 0x24,
    0xf8, 0x90, 0x1, 0x0, 0x0, 0x0, 0x0, 0x0,
    0x0, 0x0, 0x96, 0xde, 0x5, 0x0, 0x0, 0x0,
    0x0, 0x0, 0x0, 0x0, 0x0, 0xdd, 0x88, 0x0,
    0x0, 0x0, 0x0, 0x0, 0x0, 0x0, 0x0, 0x1,
    0xfd, 0x63, 0x0, 0x0, 0x0, 0x2, 0x4, 0x4,
    0x4, 0x2, 0x1, 0xfd, 0x62, 0x0, 0x0, 0x0,
    0x8c, 0xff, 0xff, 0xff, 0x70, 0x0, 0xe2, 0x83,
    0x0, 0x0, 0x0, 0x1c, 0x34, 0x34, 0xea, 0x70,
    0x0, 0xa4, 0xd2, 0x1, 0x0, 0x0, 0x0, 0x0,
    0x0, 0xe4, 0x70, 0x0, 0x36, 0xfe, 0x72, 0x0,
    0x0, 0x0, 0x0, 0x0, 0xe4, 0x70, 0x0, 0x0,
    0x78, 0xff, 0xab, 0x54, 0x33, 0x38, 0x56, 0xf1,
    0x70, 0x0, 0x0, 0x0, 0x44, 0xb6, 0xee, 0xfe,
    0xf6, 0xdb, 0xa6, 0x31,

    /* U+0048 "H" */
    0x70, 0xe4, 0x0, 0x0, 0x0, 0x0, 0x0, 0x1c,
    0xff, 0x38, 0x70, 0xe4, 0x0, 0x0, 0x0, 0x0,
    0x0, 0x1c, 0xff, 0x38, 0x70, 0xe4, 0x0, 0x0,
    0x0, 0x0, 0x0, 0x1c, 0xff, 0x38, 0x70, 0xe4,
    0x0, 0x0, 0x0, 0x0, 0x0, 0x1c, 0xff, 0x38,
    0x70, 0xe4, 0x0, 0x0, 0x0, 0x0, 0x0, 0x1c,
    0xff, 0x38, 0x70, 0xff, 0xff, 0xff, 0xff, 0xff,
    0xff, 0xff, 0xff, 0x38, 0x70, 0xe9, 0x30, 0x30,
    0x30, 0x30, 0x30, 0x47, 0xff, 0x38, 0x70, 0xe4,
    0x0, 0x0, 0x0, 0x0, 0x0, 0x1c, 0xff, 0x38,
    0x70, 0xe4, 0x0, 0x0, 0x0, 0x0, 0x0, 0x1c,
    0xff, 0x38, 0x70, 0xe4, 0x0, 0x0, 0x0, 0x0,
    0x0, 0x1c, 0xff, 0x38, 0x70, 0xe4, 0x0, 0x0,
    0x0, 0x0, 0x0, 0x1c, 0xff, 0x38, 0x70, 0xe4,
    0x0, 0x0, 0x0, 0x0, 0x0, 0x1c, 0xff, 0x38,

    /* U+0049 "I" */
    0x70, 0xe4, 0x70, 0xe4, 0x70, 0xe4, 0x70, 0xe4,
    0x70, 0xe4, 0x70, 0xe4, 0x70, 0xe4, 0x70, 0xe4,
    0x70, 0xe4, 0x70, 0xe4, 0x70, 0xe4, 0x70, 0xe4,

    /* U+004A "J" */
    0x0, 0x0, 0x0, 0x80, 0xd4, 0x0, 0x0, 0x0,
    0x80, 0xd4, 0x0, 0x0, 0x0, 0x80, 0xd4, 0x0,
    0x0, 0x0, 0x80, 0xd4, 0x0, 0x0, 0x0, 0x80,
    0xd4, 0x0, 0x0, 0x0, 0x80, 0xd4, 0x0, 0x0,
    0x0, 0x80, 0xd4, 0x0, 0x0, 0x0, 0x80, 0xd4,
    0x0, 0x0, 0x0, 0x80, 0xd4, 0x0, 0x0, 0x0,
    0x80, 0xd4, 0x0, 0x0, 0x0, 0x80, 0xd4, 0x0,
    0x0, 0x0, 0x80, 0xd4, 0x0, 0x0, 0x0, 0x8b,
    0xc8, 0xb, 0xc, 0x27, 0xe0, 0x8d, 0x48, 0xff,
    0xff, 0xc8, 0x12, 0x3, 0x2b, 0x25, 0x1, 0x0,

    /* U+004B "K" */
    0x70, 0xe4, 0x0, 0x0, 0x0, 0x0, 0x5c, 0xf6,
    0x39, 0x70, 0xe4, 0x0, 0x0, 0x0, 0x42, 0xf8,
    0x53, 0x0, 0x70, 0xe4, 0x0, 0x0, 0x2a, 0xef,
    0x70, 0x0, 0x0, 0x70, 0xe4, 0x0, 0x17, 0xe0,
    0x91, 0x0, 0x0, 0x0, 0x70, 0xe4, 0xa, 0xcb,
    0xaf, 0x2, 0x0, 0x0, 0x0, 0x70, 0xe6, 0xb0,
    0xff, 0x51, 0x0, 0x0, 0x0, 0x0, 0x70, 0xff,
    0xb8, 0xad, 0xe7, 0x13, 0x0, 0x0, 0x0, 0x70,
    0xec, 0x6, 0x11, 0xe3, 0xac, 0x0, 0x0, 0x0,
    0x70, 0xe4, 0x0, 0x0, 0x41, 0xfe, 0x5d, 0x0,
    0x0, 0x70, 0xe4, 0x0, 0x0, 0x0, 0x89, 0xf1,
    0x1f, 0x0, 0x70, 0xe4, 0x0, 0x0, 0x0, 0x6,
    0xce, 0xbf, 0x2, 0x70, 0xe4, 0x0, 0x0, 0x0,
    0x0, 0x29, 0xf6, 0x73,

    /* U+004C "L" */
    0x70, 0xe4, 0x0, 0x0, 0x0, 0x0, 0x0, 0x70,
    0xe4, 0x0, 0x0, 0x0, 0x0, 0x0, 0x70, 0xe4,
    0x0, 0x0, 0x0, 0x0, 0x0, 0x70, 0xe4, 0x0,
    0x0, 0x0, 0x0, 0x0, 0x70, 0xe4, 0x0, 0x0,
    0x0, 0x0, 0x0, 0x70, 0xe4, 0x0, 0x0, 0x0,
    0x0, 0x0, 0x70, 0xe4, 0x0, 0x0, 0x0, 0x0,
    0x0, 0x70, 0xe4, 0x0, 0x0, 0x0, 0x0, 0x0,
    0x70, 0xe4, 0x0, 0x0, 0x0, 0x0, 0x0, 0x70,
    0xe4, 0x0, 0x0, 0x0, 0x0, 0x0, 0x70, 0xea,
    0x38, 0x38, 0x38, 0x38, 0x36, 0x70, 0xff, 0xff,
    0xff, 0xff, 0xff, 0xf8,

    /* U+004D "M" */
    0x70, 0xff, 0xb7, 0x0, 0x0, 0x0, 0x0, 0x0,
    0x0, 0x50, 0xff, 0xd4, 0x70, 0xf2, 0xfc, 0x18,
    0x0, 0x0, 0x0, 0x0, 0x0, 0xac, 0xe8, 0xd4,
    0x70, 0xc2, 0xe5, 0x70, 0x0, 0x0, 0x0, 0x0,
    0x13, 0xf9, 0x99, 0xd4, 0x70, 0xc7, 0x89, 0xcd,
    0x0, 0x0, 0x0, 0x0, 0x69, 0xca, 0x79, 0xd4,
    0x70, 0xcc, 0x2c, 0xff, 0x2a, 0x0, 0x0, 0x0,
    0xc8, 0x6c, 0x7c, 0xd4, 0x70, 0xcc, 0x0, 0xcc,
    0x87, 0x0, 0x0, 0x26, 0xfb, 0x13, 0x7c, 0xd4,
    0x70, 0xcc, 0x0, 0x6f, 0xe2, 0x2, 0x0, 0x84,
    0xb0, 0x0, 0x7c, 0xd4, 0x70, 0xcc, 0x0, 0x15,
    0xfb, 0x41, 0x2, 0xe2, 0x53, 0x0, 0x7c, 0xd4,
    0x70, 0xcc, 0x0, 0x0, 0xb2, 0x9e, 0x40, 0xed,
    0x7, 0x0, 0x7c, 0xd4, 0x70, 0xcc, 0x0, 0x0,
    0x54, 0xf2, 0xa9, 0x97, 0x0, 0x0, 0x7c, 0xd4,
    0x70, 0xcc, 0x0, 0x0, 0x7, 0xee, 0xff, 0x38,
    0x0, 0x0, 0x7c, 0xd4, 0x70, 0xcc, 0x0, 0x0,
    0x0, 0x97, 0xdb, 0x1, 0x0, 0x0, 0x7c, 0xd4,

    /* U+004E "N" */
    0x70, 0xff, 0x68, 0x0, 0x0, 0x0, 0x0, 0x0,
    0xc0, 0x80, 0x70, 0xff, 0xf0, 0x18, 0x0, 0x0,
    0x0, 0x0, 0xc0, 0x80, 0x70, 0xc0, 0xde, 0xa9,
    0x0, 0x0, 0x0, 0x0, 0xc0, 0x80, 0x70, 0xc3,
    0x4a, 0xff, 0x4a, 0x0, 0x0, 0x0, 0xc0, 0x80,
    0x70, 0xca, 0x0, 0xac, 0xe1, 0xb, 0x0, 0x0,
    0xc0, 0x80, 0x70, 0xcc, 0x0, 0x1c, 0xf3, 0x8d,
    0x0, 0x0, 0xc0, 0x80, 0x70, 0xcc, 0x0, 0x0,
    0x70, 0xfc, 0x30, 0x0, 0xc0, 0x80, 0x70, 0xcc,
    0x0, 0x0, 0x3, 0xcd, 0xcc, 0x3, 0xbe, 0x80,
    0x70, 0xcc, 0x0, 0x0, 0x0, 0x34, 0xfd, 0x6f,
    0xb8, 0x80, 0x70, 0xcc, 0x0, 0x0, 0x0, 0x0,
    0x94, 0xf3, 0xcb, 0x80, 0x70, 0xcc, 0x0, 0x0,
    0x0, 0x0, 0xf, 0xe7, 0xff, 0x80, 0x70, 0xcc,
    0x0, 0x0, 0x0, 0x0, 0x0, 0x58, 0xff, 0x80,

    /* U+004F "O" */
    0x0, 0x0, 0x0, 0x56, 0xc1, 0xf3, 0xfd, 0xde,
    0x8f, 0x14, 0x0, 0x0, 0x0, 0x0, 0x8c, 0xfc,
    0x92, 0x45, 0x38, 0x60, 0xd2, 0xe1, 0x1c, 0x0,
    0x0, 0x42, 0xff, 0x59, 0x0, 0x0, 0x0, 0x0,
    0xa, 0xd5, 0xb3, 0x0, 0x0, 0xa9, 0xca, 0x0,
    0x0, 0x0, 0x0, 0x0, 0x0, 0x55, 0xff, 0x1d,
    0x0, 0xe5, 0x83, 0x0, 0x0, 0x0, 0x0, 0x0,
    0x0, 0xf, 0xff, 0x58, 0x1, 0xfe, 0x65, 0x0,
    0x0, 0x0, 0x0, 0x0, 0x0, 0x0, 0xf2, 0x72,
    0x1, 0xfe, 0x65, 0x0, 0x0, 0x0, 0x0, 0x0,
    0x0, 0x0, 0xf1, 0x73, 0x0, 0xe5, 0x83, 0x0,
    0x0, 0x0, 0x0, 0x0, 0x0, 0xf, 0xff, 0x59,
    0x0, 0xaa, 0xc7, 0x0, 0x0, 0x0, 0x0, 0x0,
    0x0, 0x52, 0xff, 0x1d, 0x0, 0x43, 0xff, 0x56,
    0x0, 0x0, 0x0, 0x0, 0xb, 0xd2, 0xb2, 0x0,
    0x0, 0x0, 0x90, 0xfb, 0x8c, 0x40, 0x34, 0x5e,
    0xd3, 0xe1, 0x1c, 0x0, 0x0, 0x0, 0x0, 0x5a,
    0xc4, 0xf4, 0xfd, 0xe0, 0x91, 0x15, 0x0, 0x0,

    /* U+0050 "P" */
    0x70, 0xff, 0xff, 0xff, 0xf2, 0xc1, 0x4d, 0x0,
    0x70, 0xe9, 0x2c, 0x2e, 0x47, 0xa8, 0xfe, 0x47,
    0x70, 0xe4, 0x0, 0x0, 0x0, 0x1, 0xc9, 0xb0,
    0x70, 0xe4, 0x0, 0x0, 0x0, 0x0, 0x98, 0xc8,
    0x70, 0xe4, 0x0, 0x0, 0x0, 0x0, 0xbf, 0xa8,
    0x70, 0xe4, 0x0, 0x1, 0x1e, 0x85, 0xfe, 0x40,
    0x70, 0xff, 0xfc, 0xfe, 0xff, 0xd5, 0x4e, 0x0,
    0x70, 0xe9, 0x2c, 0x2a, 0x14, 0x0, 0x0, 0x0,
    0x70, 0xe4, 0x0, 0x0, 0x0, 0x0, 0x0, 0x0,
    0x70, 0xe4, 0x0, 0x0, 0x0, 0x0, 0x0, 0x0,
    0x70, 0xe4, 0x0, 0x0, 0x0, 0x0, 0x0, 0x0,
    0x70, 0xe4, 0x0, 0x0, 0x0, 0x0, 0x0, 0x0,

    /* U+0051 "Q" */
    0x0, 0x0, 0x0, 0x56, 0xc1, 0xf3, 0xfd, 0xde,
    0x8f, 0x14, 0x0, 0x0, 0x0, 0x0, 0x8c, 0xfc,
    0x92, 0x45, 0x38, 0x60, 0xd2, 0xe1, 0x1c, 0x0,
    0x0, 0x42, 0xff, 0x59, 0x0, 0x0, 0x0, 0x0,
    0xa, 0xd5, 0xb3, 0x0, 0x0, 0xa9, 0xca, 0x0,
    0x0, 0x0, 0x0, 0x0, 0x0, 0x55, 0xff, 0x1d,
    0x0, 0xe5, 0x83, 0x0, 0x0, 0x0, 0x0, 0x0,
    0x0, 0xf, 0xff, 0x58, 0x1, 0xfe, 0x65, 0x0,
    0x0, 0x0, 0x0, 0x0, 0x0, 0x0, 0xf2, 0x72,
    0x1, 0xfe, 0x65, 0x0, 0x0, 0x0, 0x0, 0x0,
    0x0, 0x0, 0xf1, 0x73, 0x0, 0xe5, 0x83, 0x0,
    0x0, 0x0, 0x0, 0x0, 0x0, 0xf, 0xff, 0x59,
    0x0, 0xaa, 0xc7, 0x0, 0x0, 0x0, 0x0, 0x0,
    0x0, 0x52, 0xfe, 0x1c, 0x0, 0x43, 0xff, 0x56,
    0x0, 0x0, 0x0, 0x0, 0xb, 0xd2, 0xaf, 0x0,
    0x0, 0x0, 0x90, 0xfb, 0x8c, 0x40, 0x34, 0x5e,
    0xd3, 0xe1, 0x1b, 0x0, 0x0, 0x0, 0x0, 0x5a,
    0xc4, 0xf4, 0xff, 0xff, 0x9f, 0x15, 0x0, 0x0,
    0x0, 0x0, 0x0, 0x0, 0x0, 0x0, 0x11, 0xd6,
    0xc6, 0xc, 0x0, 0x0, 0x0, 0x0, 0x0, 0x0,
    0x0, 0x0, 0x0, 0x20, 0xe6, 0xc0, 0xa, 0x0,
    0x0, 0x0, 0x0, 0x0, 0x0, 0x0, 0x0, 0x0,
    0x2e, 0x80, 0x43, 0x0,

    /* U+0052 "R" */
    0x70, 0xff, 0xff, 0xff, 0xf3, 0xc4, 0x53, 0x0,
    0x0, 0x70, 0xe9, 0x30, 0x31, 0x44, 0x9e, 0xff,
    0x4c, 0x0, 0x70, 0xe4, 0x0, 0x0, 0x0, 0x0,
    0xc4, 0xb1, 0x0, 0x70, 0xe4, 0x0, 0x0, 0x0,
    0x0, 0x99, 0xca, 0x0, 0x70, 0xe4, 0x0, 0x0,
    0x0, 0x0, 0xbc, 0xac, 0x0, 0x70, 0xe4, 0x0,
    0x0, 0x11, 0x76, 0xfa, 0x3a, 0x0, 0x70, 0xff,
    0xfc, 0xfd, 0xff, 0xd8, 0x3c, 0x0, 0x0, 0x70,
    0xe9, 0x2c, 0x2c, 0x95, 0xdf, 0x9, 0x0, 0x0,
    0x70, 0xe4, 0x0, 0x0, 0xf, 0xe9, 0x82, 0x0,
    0x0, 0x70, 0xe4, 0x0, 0x0, 0x0, 0x63, 0xf8,
    0x23, 0x0, 0x70, 0xe4, 0x0, 0x0, 0x0, 0x2,
    0xcc, 0xb7, 0x0, 0x70, 0xe4, 0x0, 0x0, 0x0,
    0x0, 0x3b, 0xff, 0x50,

    /* U+0053 "S" */
    0x0, 0x6, 0x82, 0xe0, 0xfc, 0xf1, 0xc2, 0x56,
    0x0, 0x0, 0x9c, 0xeb, 0x66, 0x38, 0x49, 0x85,
    0x5c, 0x0, 0x3, 0xf8, 0x67, 0x0, 0x0, 0x0,
    0x0, 0x0, 0x0, 0x1, 0xf9, 0x64, 0x0, 0x0,
    0x0, 0x0, 0x0, 0x0, 0x0, 0xa9, 0xe3, 0x35,
    0x0, 0x0, 0x0, 0x0, 0x0, 0x0, 0xf, 0xb2,
    0xff, 0xc0, 0x59, 0x4, 0x0, 0x0, 0x0, 0x0,
    0x0, 0x38, 0xa0, 0xf8, 0xd7, 0x25, 0x0, 0x0,
    0x0, 0x0, 0x0, 0x0, 0x1d, 0xd2, 0xc6, 0x0,
    0x0, 0x0, 0x0, 0x0, 0x0, 0x0, 0x5c, 0xfe,
    0x1, 0x0, 0x0, 0x0, 0x0, 0x0, 0x0, 0x73,
    0xea, 0x0, 0x24, 0x9f, 0x5b, 0x36, 0x38, 0x75,
    0xf5, 0x79, 0x0, 0x15, 0xb2, 0xe7, 0xfd, 0xf9,
    0xcf, 0x63, 0x0, 0x0,

    /* U+0054 "T" */
    0xdc, 0xff, 0xff, 0xff, 0xff, 0xff, 0xff, 0xff,
    0xa8, 0x30, 0x38, 0x38, 0x6d, 0xff, 0x48, 0x38,
    0x38, 0x25, 0x0, 0x0, 0x0, 0x44, 0xff, 0x14,
    0x0, 0x0, 0x0, 0x0, 0x0, 0x0, 0x44, 0xff,
    0x14, 0x0, 0x0, 0x0, 0x0, 0x0, 0x0, 0x44,
    0xff, 0x14, 0x0, 0x0, 0x0, 0x0, 0x0, 0x0,
    0x44, 0xff, 0x14, 0x0, 0x0, 0x0, 0x0, 0x0,
    0x0, 0x44, 0xff, 0x14, 0x0, 0x0, 0x0, 0x0,
    0x0, 0x0, 0x44, 0xff, 0x14, 0x0, 0x0, 0x0,
    0x0, 0x0, 0x0, 0x44, 0xff, 0x14, 0x0, 0x0,
    0x0, 0x0, 0x0, 0x0, 0x44, 0xff, 0x14, 0x0,
    0x0, 0x0, 0x0, 0x0, 0x0, 0x44, 0xff, 0x14,
    0x0, 0x0, 0x0, 0x0, 0x0, 0x0, 0x44, 0xff,
    0x14, 0x0, 0x0, 0x0,

    /* U+0055 "U" */
    0x8c, 0xc8, 0x0, 0x0, 0x0, 0x0, 0x0, 0x1c,
    0xff, 0x34, 0x8c, 0xc8, 0x0, 0x0, 0x0, 0x0,
    0x0, 0x1c, 0xff, 0x34, 0x8c, 0xc8, 0x0, 0x0,
    0x0, 0x0, 0x0, 0x1c, 0xff, 0x34, 0x8c, 0xc8,
    0x0, 0x0, 0x0, 0x0, 0x0, 0x1c, 0xff, 0x34,
    0x8c, 0xc8, 0x0, 0x0, 0x0, 0x0, 0x0, 0x1c,
    0xff, 0x34, 0x8c, 0xc8, 0x0, 0x0, 0x0, 0x0,
    0x0, 0x1c, 0xff, 0x34, 0x8c, 0xc8, 0x0, 0x0,
    0x0, 0x0, 0x0, 0x1c, 0xff, 0x34, 0x8c, 0xc9,
    0x0, 0x0, 0x0, 0x0, 0x0, 0x1d, 0xff, 0x33,
    0x7b, 0xde, 0x0, 0x0, 0x0, 0x0, 0x0, 0x32,
    0xff, 0x23, 0x3a, 0xff, 0x3a, 0x0, 0x0, 0x0,
    0x0, 0x8e, 0xdf, 0x1, 0x0, 0xaf, 0xeb, 0x6c,
    0x36, 0x3f, 0x92, 0xfd, 0x53, 0x0, 0x0, 0x7,
    0x81, 0xdc, 0xfd, 0xf3, 0xc0, 0x45, 0x0, 0x0,

    /* U+0056 "V" */
    0xd4, 0x90, 0x0, 0x0, 0x0, 0x0, 0x0, 0xf,
    0xf9, 0x60, 0x7c, 0xe4, 0x2, 0x0, 0x0, 0x0,
    0x0, 0x5d, 0xf9, 0xf, 0x26, 0xff, 0x3c, 0x0,
    0x0, 0x0, 0x0, 0xb3, 0xb0, 0x0, 0x0, 0xce,
    0x93, 0x0, 0x0, 0x0, 0x11, 0xf9, 0x59, 0x0,
    0x0, 0x76, 0xe7, 0x2, 0x0, 0x0, 0x60, 0xf6,
    0xc, 0x0, 0x0, 0x1f, 0xff, 0x40, 0x0, 0x0,
    0xb6, 0xaa, 0x0, 0x0, 0x0, 0x0, 0xc6, 0x96,
    0x0, 0x12, 0xfa, 0x52, 0x0, 0x0, 0x0, 0x0,
    0x6e, 0xe9, 0x3, 0x63, 0xf2, 0x9, 0x0, 0x0,
    0x0, 0x0, 0x1a, 0xfe, 0x41, 0xb7, 0xa3, 0x0,
    0x0, 0x0, 0x0, 0x0, 0x0, 0xc0, 0x95, 0xf8,
    0x4c, 0x0, 0x0, 0x0, 0x0, 0x0, 0x0, 0x68,
    0xf4, 0xee, 0x5, 0x0, 0x0, 0x0, 0x0, 0x0,
    0x0, 0x14, 0xfc, 0x9c, 0x0, 0x0, 0x0, 0x0,

    /* U+0057 "W" */
    0xa4, 0xc0, 0x0, 0x0, 0x0, 0x0, 0x7c, 0xff,
    0x28, 0x0, 0x0, 0x0, 0x4, 0xf3, 0x6c, 0x64,
    0xf6, 0x6, 0x0, 0x0, 0x0, 0xc2, 0xff, 0x72,
    0x0, 0x0, 0x0, 0x36, 0xff, 0x2a, 0x24, 0xff,
    0x3c, 0x0, 0x0, 0xf, 0xfb, 0xb9, 0xba, 0x0,
    0x0, 0x0, 0x74, 0xe8, 0x1, 0x0, 0xe0, 0x7a,
    0x0, 0x0, 0x50, 0xf2, 0x49, 0xf9, 0xb, 0x0,
    0x0, 0xb4, 0xa7, 0x0, 0x0, 0xa0, 0xb7, 0x0,
    0x0, 0x97, 0xb2, 0x7, 0xf5, 0x4c, 0x0, 0x3,
    0xf1, 0x65, 0x0, 0x0, 0x60, 0xf2, 0x3, 0x0,
    0xde, 0x6a, 0x0, 0xb3, 0x96, 0x0, 0x31, 0xff,
    0x24, 0x0, 0x0, 0x20, 0xff, 0x34, 0x24, 0xff,
    0x23, 0x0, 0x6a, 0xde, 0x0, 0x70, 0xe4, 0x0,
    0x0, 0x0, 0x0, 0xe0, 0x72, 0x6b, 0xdd, 0x0,
    0x0, 0x21, 0xff, 0x28, 0xaf, 0xa2, 0x0, 0x0,
    0x0, 0x0, 0xa0, 0xae, 0xaa, 0x95, 0x0, 0x0,
    0x0, 0xd8, 0x6b, 0xe8, 0x60, 0x0, 0x0, 0x0,
    0x0, 0x5d, 0xdf, 0xde, 0x4e, 0x0, 0x0, 0x0,
    0x8f, 0xbb, 0xff, 0x20, 0x0, 0x0, 0x0, 0x0,
    0x1c, 0xfe, 0xf8, 0xc, 0x0, 0x0, 0x0, 0x46,
    0xfc, 0xde, 0x0, 0x0, 0x0, 0x0, 0x0, 0x0,
    0xdc, 0xc0, 0x0, 0x0, 0x0, 0x0, 0x8, 0xf5,
    0x9c, 0x0, 0x0, 0x0,

    /* U+0058 "X" */
    0x61, 0xf7, 0x21, 0x0, 0x0, 0x0, 0x2, 0xc7,
    0x9d, 0x0, 0x1, 0xc3, 0xaf, 0x0, 0x0, 0x0,
    0x62, 0xec, 0x14, 0x0, 0x0, 0x2b, 0xfb, 0x48,
    0x0, 0x11, 0xeb, 0x60, 0x0, 0x0, 0x0, 0x0,
    0x88, 0xdb, 0x6, 0x97, 0xc3, 0x1, 0x0, 0x0,
    0x0, 0x0, 0xa, 0xdf, 0xa5, 0xf7, 0x2a, 0x0,
    0x0, 0x0, 0x0, 0x0, 0x0, 0x55, 0xff, 0x93,
    0x0, 0x0, 0x0, 0x0, 0x0, 0x0, 0x0, 0x99,
    0xf4, 0xd8, 0x6, 0x0, 0x0, 0x0, 0x0, 0x0,
    0x38, 0xf8, 0x35, 0xe6, 0x77, 0x0, 0x0, 0x0,
    0x0, 0x3, 0xcf, 0x89, 0x0, 0x5d, 0xf5, 0x1d,
    0x0, 0x0, 0x0, 0x6e, 0xe6, 0xd, 0x0, 0x1,
    0xc6, 0xad, 0x0, 0x0, 0x18, 0xf1, 0x5c, 0x0,
    0x0, 0x0, 0x33, 0xfe, 0x48, 0x0, 0xa7, 0xc3,
    0x1, 0x0, 0x0, 0x0, 0x0, 0x9b, 0xdb, 0x7,

    /* U+0059 "Y" */
    0xbe, 0xb6, 0x0, 0x0, 0x0, 0x0, 0x0, 0xbe,
    0xb1, 0x3b, 0xff, 0x38, 0x0, 0x0, 0x0, 0x40,
    0xfe, 0x2f, 0x0, 0xb8, 0xbc, 0x0, 0x0, 0x0,
    0xc4, 0xa7, 0x0, 0x0, 0x33, 0xff, 0x3f, 0x0,
    0x46, 0xfc, 0x27, 0x0, 0x0, 0x0, 0xb0, 0xc1,
    0x0, 0xc9, 0x9e, 0x0, 0x0, 0x0, 0x0, 0x2d,
    0xfe, 0x90, 0xfa, 0x1f, 0x0, 0x0, 0x0, 0x0,
    0x0, 0xa7, 0xff, 0x95, 0x0, 0x0, 0x0, 0x0,
    0x0, 0x0, 0x3b, 0xff, 0x2c, 0x0, 0x0, 0x0,
    0x0, 0x0, 0x0, 0x30, 0xff, 0x24, 0x0, 0x0,
    0x0, 0x0, 0x0, 0x0, 0x30, 0xff, 0x24, 0x0,
    0x0, 0x0, 0x0, 0x0, 0x0, 0x30, 0xff, 0x24,
    0x0, 0x0, 0x0, 0x0, 0x0, 0x0, 0x30, 0xff,
    0x24, 0x0, 0x0, 0x0,

    /* U+005A "Z" */
    0x2c, 0xff, 0xff, 0xff, 0xff, 0xff, 0xff, 0xff,
    0x60, 0xa, 0x3c, 0x3c, 0x3c, 0x3c, 0x3c, 0x9a,
    0xf5, 0x22, 0x0, 0x0, 0x0, 0x0, 0x0, 0x18,
    0xf0, 0x75, 0x0, 0x0, 0x0, 0x0, 0x0, 0x0,
    0xac, 0xd0, 0x4, 0x0, 0x0, 0x0, 0x0, 0x0,
    0x4d, 0xfd, 0x33, 0x0, 0x0, 0x0, 0x0, 0x0,
    0xd, 0xe2, 0x90, 0x0, 0x0, 0x0, 0x0, 0x0,
    0x0, 0x90, 0xe1, 0xb, 0x0, 0x0, 0x0, 0x0,
    0x0, 0x35, 0xfd, 0x4b, 0x0, 0x0, 0x0, 0x0,
    0x0, 0x4, 0xd0, 0xa9, 0x0, 0x0, 0x0, 0x0,
    0x0, 0x0, 0x78, 0xf0, 0x18, 0x0, 0x0, 0x0,
    0x0, 0x0, 0x22, 0xf6, 0x96, 0x38, 0x38, 0x38,
    0x38, 0x38, 0x1f, 0x64, 0xff, 0xff, 0xff, 0xff,
    0xff, 0xff, 0xff, 0x8c,

    /* U+005B "[" */
    0xb4, 0xff, 0xff, 0xd8, 0xb4, 0x9c, 0x1c, 0x18,
    0xb4, 0x90, 0x0, 0x0, 0xb4, 0x90, 0x0, 0x0,
    0xb4, 0x90, 0x0, 0x0, 0xb4, 0x90, 0x0, 0x0,
    0xb4, 0x90, 0x0, 0x0, 0xb4, 0x90, 0x0, 0x0,
    0xb4, 0x90, 0x0, 0x0, 0xb4, 0x90, 0x0, 0x0,
    0xb4, 0x90, 0x0, 0x0, 0xb4, 0x90, 0x0, 0x0,
    0xb4, 0x90, 0x0, 0x0, 0xb4, 0xfb, 0xf4, 0xce,
    0x19, 0x24, 0x24, 0x1e,

    /* U+005C "\\" */
    0xa7, 0xa1, 0x0, 0x0, 0x0, 0x0, 0x4d, 0xf3,
    0xa, 0x0, 0x0, 0x0, 0x5, 0xed, 0x57, 0x0,
    0x0, 0x0, 0x0, 0x97, 0xb2, 0x0, 0x0, 0x0,
    0x0, 0x3d, 0xfb, 0x13, 0x0, 0x0, 0x0, 0x1,
    0xe1, 0x69, 0x0, 0x0, 0x0, 0x0, 0x87, 0xc3,
    0x0, 0x0, 0x0, 0x0, 0x2d, 0xff, 0x1f, 0x0,
    0x0, 0x0, 0x0, 0xd2, 0x79, 0x0, 0x0, 0x0,
    0x0, 0x77, 0xd5, 0x0, 0x0, 0x0, 0x0, 0x1d,
    0xfe, 0x2e, 0x0, 0x0, 0x0, 0x0, 0xc2, 0x8a,

    /* U+005D "]" */
    0x98, 0xff, 0xff, 0xf4, 0x11, 0x1c, 0x67, 0xf4,
    0x0, 0x0, 0x54, 0xf4, 0x0, 0x0, 0x54, 0xf4,
    0x0, 0x0, 0x54, 0xf4, 0x0, 0x0, 0x54, 0xf4,
    0x0, 0x0, 0x54, 0xf4, 0x0, 0x0, 0x54, 0xf4,
    0x0, 0x0, 0x54, 0xf4, 0x0, 0x0, 0x54, 0xf4,
    0x0, 0x0, 0x54, 0xf4, 0x0, 0x0, 0x54, 0xf4,
    0x0, 0x0, 0x54, 0xf4, 0x91, 0xf4, 0xf8, 0xf4,
    0x15, 0x24, 0x24, 0x22,

    /* U+005E "^" */
    0x0, 0x0, 0x0, 0x8, 0x76, 0x1, 0x0, 0x0,
    0x0, 0x0, 0x0, 0x0, 0x65, 0xff, 0x50, 0x0,
    0x0, 0x0, 0x0, 0x0, 0x2, 0xd9, 0x7c, 0xce,
    0x1, 0x0, 0x0, 0x0, 0x0, 0x50, 0xc6, 0x0,
    0xcb, 0x4d, 0x0, 0x0, 0x0, 0x0, 0xc5, 0x56,
    0x0, 0x50, 0xcb, 0x0, 0x0, 0x0, 0x3b, 0xe1,
    0x4, 0x0, 0x1, 0xd4, 0x4a, 0x0, 0x0, 0xb0,
    0x75, 0x0, 0x0, 0x0, 0x5a, 0xc8, 0x0, 0x27,
    0xf2, 0x11, 0x0, 0x0, 0x0, 0x3, 0xdb, 0x48,

    /* U+005F "_" */
    0x8, 0xfc, 0xfc, 0xfc, 0xfc, 0xfc, 0xfc, 0xfc,
    0xc,

    /* U+0060 "`" */
    0x22, 0x80, 0x2a, 0x0, 0x1, 0xa2, 0xcd, 0x5,
    0x0, 0x4, 0xa3, 0x8b,

    /* U+0061 "a" */
    0x0, 0x1a, 0x9d, 0xe3, 0xfc, 0xe8, 0x83, 0x1,
    0x0, 0x13, 0x9b, 0x3b, 0x1a, 0x5e, 0xfe, 0x56,
    0x0, 0x0, 0x0, 0x0, 0x0, 0x0, 0xc5, 0x90,
    0x0, 0x0, 0x0, 0x0, 0x0, 0x0, 0xad, 0x98,
    0x0, 0x28, 0xa5, 0xdf, 0xf2, 0xf0, 0xfb, 0x98,
    0xe, 0xec, 0xaa, 0x21, 0x1, 0x0, 0xb1, 0x98,
    0x3f, 0xff, 0x23, 0x0, 0x0, 0x0, 0xd1, 0x98,
    0x1d, 0xfd, 0x67, 0x0, 0xb, 0x80, 0xf2, 0x98,
    0x0, 0x5d, 0xe0, 0xf0, 0xde, 0x75, 0x77, 0x98,

    /* U+0062 "b" */
    0xa0, 0xac, 0x0, 0x0, 0x0, 0x0, 0x0, 0x0,
    0xa0, 0xac, 0x0, 0x0, 0x0, 0x0, 0x0, 0x0,
    0xa0, 0xac, 0x0, 0x0, 0x0, 0x0, 0x0, 0x0,
    0xa0, 0xa5, 0x72, 0xe5, 0xfc, 0xd2, 0x4a, 0x0,
    0xa0, 0xeb, 0xa9, 0x30, 0x26, 0x8b, 0xfb, 0x34,
    0xa0, 0xed, 0x7, 0x0, 0x0, 0x0, 0xc6, 0xa4,
    0xa0, 0xbb, 0x0, 0x0, 0x0, 0x0, 0x83, 0xd8,
    0xa0, 0xae, 0x0, 0x0, 0x0, 0x0, 0x72, 0xe6,
    0xa0, 0xbf, 0x0, 0x0, 0x0, 0x0, 0x85, 0xd6,
    0xa0, 0xf1, 0xb, 0x0, 0x0, 0x0, 0xcd, 0xa0,
    0xa0, 0xea, 0xaf, 0x32, 0x27, 0x90, 0xfa, 0x2f,
    0xa0, 0x6b, 0x78, 0xe7, 0xfc, 0xcf, 0x46, 0x0,

    /* U+0063 "c" */
    0x0, 0x0, 0x47, 0xc5, 0xf9, 0xf5, 0xc3, 0x8,
    0x0, 0x46, 0xfc, 0x8a, 0x36, 0x3c, 0x64, 0x0,
    0x0, 0xca, 0xa4, 0x0, 0x0, 0x0, 0x0, 0x0,
    0x9, 0xfe, 0x53, 0x0, 0x0, 0x0, 0x0, 0x0,
    0x1a, 0xff, 0x3e, 0x0, 0x0, 0x0, 0x0, 0x0,
    0xb, 0xff, 0x52, 0x0, 0x0, 0x0, 0x0, 0x0,
    0x0, 0xd2, 0x9f, 0x0, 0x0, 0x0, 0x0, 0x0,
    0x0, 0x53, 0xfe, 0x81, 0x30, 0x36, 0x73, 0x3,
    0x0, 0x0, 0x54, 0xcf, 0xfb, 0xf4, 0xbd, 0x2,

    /* U+0064 "d" */
    0x0, 0x0, 0x0, 0x0, 0x0, 0x0, 0x0, 0xe0,
    0x6c, 0x0, 0x0, 0x0, 0x0, 0x0, 0x0, 0x0,
    0xe0, 0x6c, 0x0, 0x0, 0x0, 0x0, 0x0, 0x0,
    0x0, 0xe0, 0x6c, 0x0, 0x0, 0x69, 0xdf, 0xfc,
    0xd5, 0x4f, 0xdc, 0x6c, 0x0, 0x61, 0xfd, 0x6f,
    0x22, 0x3e, 0xca, 0xf0, 0x6c, 0x0, 0xd7, 0x9d,
    0x0, 0x0, 0x0, 0x2f, 0xff, 0x6c, 0xb, 0xff,
    0x53, 0x0, 0x0, 0x0, 0x0, 0xef, 0x6c, 0x1a,
    0xff, 0x3f, 0x0, 0x0, 0x0, 0x0, 0xdd, 0x6c,
    0xd, 0xff, 0x4f, 0x0, 0x0, 0x0, 0x0, 0xe9,
    0x6c, 0x0, 0xda, 0x93, 0x0, 0x0, 0x0, 0x25,
    0xff, 0x6c, 0x0, 0x68, 0xfa, 0x68, 0x22, 0x3c,
    0xc5, 0xed, 0x6c, 0x0, 0x0, 0x70, 0xe2, 0xfc,
    0xd5, 0x4d, 0xb2, 0x6c,

    /* U+0065 "e" */
    0x0, 0x0, 0x4e, 0xd0, 0xfc, 0xe5, 0x78, 0x1,
    0x0, 0x0, 0x44, 0xfb, 0x76, 0x1f, 0x4a, 0xee,
    0x72, 0x0, 0x0, 0xc5, 0xa5, 0x0, 0x0, 0x0,
    0x79, 0xe7, 0x1, 0x9, 0xfe, 0x5a, 0x0, 0x0,
    0x0, 0x41, 0xff, 0x1b, 0x1a, 0xff, 0xf4, 0xf0,
    0xf0, 0xf0, 0xf3, 0xff, 0x28, 0xa, 0xff, 0x5f,
    0x20, 0x20, 0x20, 0x20, 0x20, 0x5, 0x0, 0xcb,
    0x8d, 0x0, 0x0, 0x0, 0x0, 0x0, 0x0, 0x0,
    0x46, 0xfa, 0x81, 0x32, 0x2a, 0x4b, 0x68, 0x0,
    0x0, 0x0, 0x44, 0xc3, 0xf8, 0xfa, 0xda, 0x74,
    0x0,

    /* U+0066 "f" */
    0x0, 0x0, 0x62, 0xe1, 0xfe, 0xd9, 0x5, 0x0,
    0x1a, 0xfd, 0x79, 0x22, 0x2c, 0x0, 0x0, 0x3f,
    0xff, 0x10, 0x0, 0x0, 0x0, 0x8a, 0xf0, 0xff,
    0xff, 0xff, 0x30, 0x0, 0x9, 0x49, 0xff, 0x17,
    0xc, 0x2, 0x0, 0x0, 0x40, 0xff, 0xc, 0x0,
    0x0, 0x0, 0x0, 0x40, 0xff, 0xc, 0x0, 0x0,
    0x0, 0x0, 0x40, 0xff, 0xc, 0x0, 0x0, 0x0,
    0x0, 0x40, 0xff, 0xc, 0x0, 0x0, 0x0, 0x0,
    0x40, 0xff, 0xc, 0x0, 0x0, 0x0, 0x0, 0x40,
    0xff, 0xc, 0x0, 0x0, 0x0, 0x0, 0x40, 0xff,
    0xc, 0x0, 0x0, 0x0,

    /* U+0067 "g" */
    0x0, 0x15, 0xa7, 0xf2, 0xff, 0xff, 0xff, 0xff,
    0x60, 0x0, 0xb8, 0xc5, 0x18, 0x8, 0x8d, 0xf5,
    0x2d, 0x4, 0x8, 0xfe, 0x55, 0x0, 0x0, 0x10,
    0xff, 0x49, 0x0, 0xb, 0xff, 0x51, 0x0, 0x0,
    0xc, 0xff, 0x4b, 0x0, 0x0, 0xc0, 0xc1, 0x16,
    0x8, 0x88, 0xeb, 0xe, 0x0, 0x0, 0x1b, 0xe4,
    0xf7, 0xf4, 0xbd, 0x30, 0x0, 0x0, 0x0, 0x66,
    0xc4, 0x5, 0x0, 0x0, 0x0, 0x0, 0x0, 0x0,
    0x92, 0xce, 0x49, 0x40, 0x3d, 0x1c, 0x0, 0x0,
    0x0, 0x5a, 0xfd, 0xff, 0xff, 0xff, 0xff, 0x9c,
    0x0, 0x66, 0xe2, 0x30, 0x2, 0x0, 0x7, 0x5f,
    0xff, 0x2f, 0xb9, 0x95, 0x0, 0x0, 0x0, 0x0,
    0x1d, 0xff, 0x38, 0x89, 0xe4, 0x44, 0x10, 0x16,
    0x43, 0xc5, 0xd0, 0x4, 0x8, 0x8c, 0xe0, 0xfd,
    0xf9, 0xd8, 0x8b, 0x12, 0x0,

    /* U+0068 "h" */
    0xa0, 0xac, 0x0, 0x0, 0x0, 0x0, 0x0, 0x0,
    0xa0, 0xac, 0x0, 0x0, 0x0, 0x0, 0x0, 0x0,
    0xa0, 0xac, 0x0, 0x0, 0x0, 0x0, 0x0, 0x0,
    0xa0, 0xaa, 0x6b, 0xe0, 0xfd, 0xde, 0x65, 0x0,
    0xa0, 0xe7, 0xb1, 0x33, 0x24, 0x82, 0xff, 0x33,
    0xa0, 0xee, 0x9, 0x0, 0x0, 0x0, 0xdf, 0x76,
    0xa0, 0xba, 0x0, 0x0, 0x0, 0x0, 0xc5, 0x84,
    0xa0, 0xac, 0x0, 0x0, 0x0, 0x0, 0xc4, 0x84,
    0xa0, 0xac, 0x0, 0x0, 0x0, 0x0, 0xc4, 0x84,
    0xa0, 0xac, 0x0, 0x0, 0x0, 0x0, 0xc4, 0x84,
    0xa0, 0xac, 0x0, 0x0, 0x0, 0x0, 0xc4, 0x84,
    0xa0, 0xac, 0x0, 0x0, 0x0, 0x0, 0xc4, 0x84,

    /* U+0069 "i" */
    0x9b, 0xad, 0x6c, 0x78, 0x0, 0x0, 0xa0, 0xac,
    0xa0, 0xac, 0xa0, 0xac, 0xa0, 0xac, 0xa0, 0xac,
    0xa0, 0xac, 0xa0, 0xac, 0xa0, 0xac, 0xa0, 0xac,

    /* U+006A "j" */
    0x0, 0x0, 0x9b, 0xad, 0x0, 0x0, 0x6c, 0x78,
    0x0, 0x0, 0x0, 0x0, 0x0, 0x0, 0xa0, 0xac,
    0x0, 0x0, 0xa0, 0xac, 0x0, 0x0, 0xa0, 0xac,
    0x0, 0x0, 0xa0, 0xac, 0x0, 0x0, 0xa0, 0xac,
    0x0, 0x0, 0xa0, 0xac, 0x0, 0x0, 0xa0, 0xac,
    0x0, 0x0, 0xa0, 0xac, 0x0, 0x0, 0xa0, 0xac,
    0x0, 0x0, 0xa0, 0xac, 0x0, 0x0, 0xa3, 0xa8,
    0x2c, 0x31, 0xe2, 0x80, 0xcc, 0xfb, 0xbe, 0x12,

    /* U+006B "k" */
    0xa0, 0xa8, 0x0, 0x0, 0x0, 0x0, 0x0, 0x0,
    0xa0, 0xa8, 0x0, 0x0, 0x0, 0x0, 0x0, 0x0,
    0xa0, 0xa8, 0x0, 0x0, 0x0, 0x0, 0x0, 0x0,
    0xa0, 0xa8, 0x0, 0x0, 0x14, 0xda, 0x95, 0x0,
    0xa0, 0xa8, 0x0, 0xa, 0xc8, 0xae, 0x3, 0x0,
    0xa0, 0xa8, 0x4, 0xb3, 0xc3, 0x8, 0x0, 0x0,
    0xa0, 0xa4, 0x96, 0xda, 0x11, 0x0, 0x0, 0x0,
    0xa0, 0xe3, 0xf0, 0xf1, 0x20, 0x0, 0x0, 0x0,
    0xa0, 0xdb, 0x18, 0xbf, 0xc4, 0x3, 0x0, 0x0,
    0xa0, 0xa8, 0x0, 0x1d, 0xef, 0x7f, 0x0, 0x0,
    0xa0, 0xa8, 0x0, 0x0, 0x58, 0xfc, 0x3a, 0x0,
    0xa0, 0xa8, 0x0, 0x0, 0x0, 0xa4, 0xde, 0xe,

    /* U+006C "l" */
    0xa0, 0xac, 0xa0, 0xac, 0xa0, 0xac, 0xa0, 0xac,
    0xa0, 0xac, 0xa0, 0xac, 0xa0, 0xac, 0xa0, 0xac,
    0xa0, 0xac, 0xa0, 0xac, 0xa0, 0xac, 0xa0, 0xac,

    /* U+006D "m" */
    0xa0, 0x7c, 0x73, 0xe5, 0xfb, 0xc7, 0x2a, 0x3e,
    0xca, 0xfb, 0xe6, 0x72, 0x0, 0xa0, 0xe8, 0xa6,
    0x30, 0x36, 0xcb, 0xda, 0xd7, 0x4c, 0x26, 0x79,
    0xff, 0x39, 0xa0, 0xeb, 0x6, 0x0, 0x0, 0x4e,
    0xff, 0x59, 0x0, 0x0, 0x0, 0xdc, 0x76, 0xa0,
    0xb9, 0x0, 0x0, 0x0, 0x35, 0xff, 0x22, 0x0,
    0x0, 0x0, 0xc5, 0x84, 0xa0, 0xac, 0x0, 0x0,
    0x0, 0x34, 0xff, 0x18, 0x0, 0x0, 0x0, 0xc4,
    0x84, 0xa0, 0xac, 0x0, 0x0, 0x0, 0x34, 0xff,
    0x18, 0x0, 0x0, 0x0, 0xc4, 0x84, 0xa0, 0xac,
    0x0, 0x0, 0x0, 0x34, 0xff, 0x18, 0x0, 0x0,
    0x0, 0xc4, 0x84, 0xa0, 0xac, 0x0, 0x0, 0x0,
    0x34, 0xff, 0x18, 0x0, 0x0, 0x0, 0xc4, 0x84,
    0xa0, 0xac, 0x0, 0x0, 0x0, 0x34, 0xff, 0x18,
    0x0, 0x0, 0x0, 0xc4, 0x84,

    /* U+006E "n" */
    0xa0, 0x7c, 0x69, 0xdd, 0xfc, 0xdc, 0x62, 0x0,
    0xa0, 0xe2, 0xb6, 0x38, 0x29, 0x86, 0xff, 0x31,
    0xa0, 0xf2, 0xc, 0x0, 0x0, 0x0, 0xe0, 0x75,
    0xa0, 0xbe, 0x0, 0x0, 0x0, 0x0, 0xc5, 0x84,
    0xa0, 0xad, 0x0, 0x0, 0x0, 0x0, 0xc4, 0x84,
    0xa0, 0xac, 0x0, 0x0, 0x0, 0x0, 0xc4, 0x84,
    0xa0, 0xac, 0x0, 0x0, 0x0, 0x0, 0xc4, 0x84,
    0xa0, 0xac, 0x0, 0x0, 0x0, 0x0, 0xc4, 0x84,
    0xa0, 0xac, 0x0, 0x0, 0x0, 0x0, 0xc4, 0x84,

    /* U+006F "o" */
    0x0, 0x0, 0x4c, 0xca, 0xf9, 0xf0, 0xa7, 0x1b,
    0x0, 0x0, 0x4a, 0xfc, 0x79, 0x29, 0x37, 0xba,
    0xdc, 0xc, 0x0, 0xcb, 0x9d, 0x0, 0x0, 0x0,
    0xc, 0xee, 0x6d, 0xa, 0xff, 0x53, 0x0, 0x0,
    0x0, 0x0, 0xad, 0xab, 0x1a, 0xff, 0x3e, 0x0,
    0x0, 0x0, 0x0, 0x9a, 0xbe, 0x9, 0xfe, 0x53,
    0x0, 0x0, 0x0, 0x0, 0xaf, 0xab, 0x0, 0xc4,
    0x9e, 0x0, 0x0, 0x0, 0xc, 0xef, 0x6c, 0x0,
    0x40, 0xfb, 0x78, 0x24, 0x34, 0xb9, 0xdc, 0xb,
    0x0, 0x0, 0x48, 0xcb, 0xfc, 0xf1, 0xa9, 0x1d,
    0x0,

    /* U+0070 "p" */
    0xa0, 0x80, 0x6b, 0xe2, 0xfc, 0xd4, 0x4d, 0x0,
    0xa0, 0xe3, 0xb1, 0x35, 0x2a, 0x92, 0xfc, 0x37,
    0xa0, 0xee, 0x9, 0x0, 0x0, 0x0, 0xcd, 0xa5,
    0xa0, 0xba, 0x0, 0x0, 0x0, 0x0, 0x84, 0xd9,
    0xa0, 0xad, 0x0, 0x0, 0x0, 0x0, 0x72, 0xe6,
    0xa0, 0xbe, 0x0, 0x0, 0x0, 0x0, 0x87, 0xd6,
    0xa0, 0xf3, 0xc, 0x0, 0x0, 0x1, 0xcf, 0xa0,
    0xa0, 0xeb, 0xb3, 0x31, 0x27, 0x96, 0xfa, 0x2f,
    0xa0, 0xa5, 0x72, 0xe5, 0xfc, 0xcf, 0x46, 0x0,
    0xa0, 0xac, 0x0, 0x0, 0x0, 0x0, 0x0, 0x0,
    0xa0, 0xac, 0x0, 0x0, 0x0, 0x0, 0x0, 0x0,
    0xa0, 0xac, 0x0, 0x0, 0x0, 0x0, 0x0, 0x0,
    0xa0, 0xac, 0x0, 0x0, 0x0, 0x0, 0x0, 0x0,

    /* U+0071 "q" */
    0x0, 0x0, 0x66, 0xde, 0xfc, 0xd6, 0x48, 0xb0,
    0x68, 0x0, 0x5b, 0xfd, 0x6d, 0x22, 0x41, 0xcc,
    0xec, 0x68, 0x0, 0xd3, 0x9c, 0x0, 0x0, 0x0,
    0x32, 0xff, 0x68, 0xb, 0xff, 0x53, 0x0, 0x0,
    0x0, 0x0, 0xf3, 0x68, 0x1a, 0xff, 0x3f, 0x0,
    0x0, 0x0, 0x0, 0xe1, 0x68, 0xd, 0xff, 0x4f,
    0x0, 0x0, 0x0, 0x0, 0xee, 0x68, 0x0, 0xda,
    0x94, 0x0, 0x0, 0x0, 0x28, 0xff, 0x68, 0x0,
    0x68, 0xfa, 0x68, 0x21, 0x3d, 0xc6, 0xf0, 0x68,
    0x0, 0x0, 0x71, 0xe3, 0xfc, 0xd4, 0x48, 0xe1,
    0x68, 0x0, 0x0, 0x0, 0x0, 0x0, 0x0, 0x0,
    0xe4, 0x68, 0x0, 0x0, 0x0, 0x0, 0x0, 0x0,
    0x0, 0xe4, 0x68, 0x0, 0x0, 0x0, 0x0, 0x0,
    0x0, 0x0, 0xe4, 0x68, 0x0, 0x0, 0x0, 0x0,
    0x0, 0x0, 0x0, 0xe4, 0x68,

    /* U+0072 "r" */
    0xa0, 0x7e, 0x4f, 0xdc, 0xfb, 0x39, 0xa0, 0xc4,
    0xda, 0x5a, 0x41, 0xe, 0xa0, 0xfc, 0x26, 0x0,
    0x0, 0x0, 0xa0, 0xc3, 0x0, 0x0, 0x0, 0x0,
    0xa0, 0xad, 0x0, 0x0, 0x0, 0x0, 0xa0, 0xac,
    0x0, 0x0, 0x0, 0x0, 0xa0, 0xac, 0x0, 0x0,
    0x0, 0x0, 0xa0, 0xac, 0x0, 0x0, 0x0, 0x0,
    0xa0, 0xac, 0x0, 0x0, 0x0, 0x0,

    /* U+0073 "s" */
    0x0, 0x3e, 0xc4, 0xf8, 0xf9, 0xd2, 0x5e, 0xc,
    0xf3, 0x7f, 0x20, 0x26, 0x5b, 0x40, 0x25, 0xff,
    0x27, 0x0, 0x0, 0x0, 0x0, 0x2, 0xc1, 0xe1,
    0x69, 0xe, 0x0, 0x0, 0x0, 0x6, 0x67, 0xd8,
    0xf4, 0x8f, 0xd, 0x0, 0x0, 0x0, 0x1, 0x48,
    0xe0, 0xa9, 0x0, 0x0, 0x0, 0x0, 0x0, 0x65,
    0xe3, 0x23, 0x7b, 0x33, 0x18, 0x31, 0xc5, 0xad,
    0x17, 0xb9, 0xef, 0xfe, 0xea, 0xa1, 0x14,

    /* U+0074 "t" */
    0x0, 0x23, 0xc8, 0x0, 0x0, 0x0, 0x0, 0x6e,
    0xc8, 0x0, 0x0, 0x0, 0x93, 0xfe, 0xff, 0xff,
    0xff, 0x48, 0x9, 0x8e, 0xcb, 0xc, 0xc, 0x3,
    0x0, 0x88, 0xc8, 0x0, 0x0, 0x0, 0x0, 0x88,
    0xc8, 0x0, 0x0, 0x0, 0x0, 0x88, 0xc8, 0x0,
    0x0, 0x0, 0x0, 0x88, 0xc8, 0x0, 0x0, 0x0,
    0x0, 0x85, 0xcf, 0x0, 0x0, 0x0, 0x0, 0x5a,
    0xfc, 0x4b, 0x21, 0x14, 0x0, 0x4, 0x9c, 0xf4,
    0xf2, 0x47,

    /* U+0075 "u" */
    0xb8, 0x98, 0x0, 0x0, 0x0, 0x0, 0xdc, 0x70,
    0xb8, 0x98, 0x0, 0x0, 0x0, 0x0, 0xdc, 0x70,
    0xb8, 0x98, 0x0, 0x0, 0x0, 0x0, 0xdc, 0x70,
    0xb8, 0x98, 0x0, 0x0, 0x0, 0x0, 0xdc, 0x70,
    0xb8, 0x98, 0x0, 0x0, 0x0, 0x0, 0xdc, 0x70,
    0xb8, 0x98, 0x0, 0x0, 0x0, 0x0, 0xe8, 0x70,
    0xaa, 0xac, 0x0, 0x0, 0x0, 0x1d, 0xff, 0x70,
    0x67, 0xf5, 0x3a, 0x0, 0x19, 0xb6, 0xf5, 0x70,
    0x3, 0x8a, 0xeb, 0xf4, 0xd5, 0x5b, 0xb4, 0x70,

    /* U+0076 "v" */
    0xd2, 0x90, 0x0, 0x0, 0x0, 0x0, 0x91, 0xd2,
    0x75, 0xe6, 0x3, 0x0, 0x0, 0x3, 0xe7, 0x74,
    0x1b, 0xfe, 0x42, 0x0, 0x0, 0x42, 0xfd, 0x1a,
    0x0, 0xbc, 0x9a, 0x0, 0x0, 0x9a, 0xbb, 0x0,
    0x0, 0x60, 0xee, 0x6, 0x6, 0xee, 0x5e, 0x0,
    0x0, 0xe, 0xf6, 0x4c, 0x4c, 0xf5, 0xc, 0x0,
    0x0, 0x0, 0xa7, 0x9d, 0x9d, 0xa4, 0x0, 0x0,
    0x0, 0x0, 0x4b, 0xe5, 0xea, 0x48, 0x0, 0x0,
    0x0, 0x0, 0x4, 0xea, 0xe7, 0x3, 0x0, 0x0,

    /* U+0077 "w" */
    0xaf, 0xa7, 0x0, 0x0, 0x0, 0x9f, 0xfe, 0x17,
    0x0, 0x0, 0x3c, 0xff, 0x17, 0x6c, 0xe7, 0x0,
    0x0, 0x2, 0xea, 0xe9, 0x60, 0x0, 0x0, 0x7c,
    0xd3, 0x0, 0x29, 0xff, 0x27, 0x0, 0x3a, 0xf1,
    0x8a, 0xaa, 0x0, 0x0, 0xbc, 0x8f, 0x0, 0x0,
    0xe4, 0x67, 0x0, 0x87, 0xb0, 0x43, 0xf0, 0x4,
    0x6, 0xf6, 0x4c, 0x0, 0x0, 0xa2, 0xa7, 0x0,
    0xd5, 0x65, 0x6, 0xf3, 0x3f, 0x3e, 0xfb, 0xc,
    0x0, 0x0, 0x60, 0xe4, 0x1f, 0xfe, 0x18, 0x0,
    0xaf, 0x89, 0x7c, 0xc4, 0x0, 0x0, 0x0, 0x1c,
    0xff, 0x80, 0xc7, 0x0, 0x0, 0x64, 0xce, 0xb6,
    0x81, 0x0, 0x0, 0x0, 0x0, 0xd7, 0xe7, 0x7a,
    0x0, 0x0, 0x19, 0xfc, 0xee, 0x3d, 0x0, 0x0,
    0x0, 0x0, 0x96, 0xff, 0x2a, 0x0, 0x0, 0x0,
    0xcd, 0xf4, 0x6, 0x0, 0x0,

    /* U+0078 "x" */
    0x38, 0xfc, 0x44, 0x0, 0x0, 0x8, 0xda, 0x92,
    0x0, 0x0, 0x8b, 0xde, 0xb, 0x0, 0x89, 0xdb,
    0xb, 0x0, 0x0, 0x8, 0xd6, 0x8f, 0x33, 0xfa,
    0x3d, 0x0, 0x0, 0x0, 0x0, 0x34, 0xf9, 0xde,
    0x8e, 0x0, 0x0, 0x0, 0x0, 0x0, 0x0, 0xc5,
    0xff, 0x22, 0x0, 0x0, 0x0, 0x0, 0x0, 0x57,
    0xf3, 0xc2, 0xb5, 0x0, 0x0, 0x0, 0x0, 0x17,
    0xec, 0x6c, 0x1b, 0xf0, 0x62, 0x0, 0x0, 0x0,
    0xae, 0xc2, 0x2, 0x0, 0x65, 0xf2, 0x1e, 0x0,
    0x5a, 0xf6, 0x25, 0x0, 0x0, 0x1, 0xbb, 0xbc,
    0x1,

    /* U+0079 "y" */
    0xcc, 0x96, 0x0, 0x0, 0x0, 0x0, 0x8c, 0xd6,
    0x0, 0x69, 0xed, 0x6, 0x0, 0x0, 0x2, 0xe3,
    0x79, 0x0, 0x10, 0xf8, 0x50, 0x0, 0x0, 0x3e,
    0xfe, 0x1e, 0x0, 0x0, 0xa6, 0xac, 0x0, 0x0,
    0x96, 0xc0, 0x0, 0x0, 0x0, 0x44, 0xf9, 0x10,
    0x4, 0xea, 0x64, 0x0, 0x0, 0x0, 0x2, 0xe2,
    0x66, 0x44, 0xf8, 0xf, 0x0, 0x0, 0x0, 0x0,
    0x80, 0xbd, 0x96, 0xaa, 0x0, 0x0, 0x0, 0x0,
    0x0, 0x21, 0xf6, 0xe5, 0x4d, 0x0, 0x0, 0x0,
    0x0, 0x0, 0x0, 0xbc, 0xec, 0x5, 0x0, 0x0,
    0x0, 0x0, 0x0, 0x0, 0xbc, 0x94, 0x0, 0x0,
    0x0, 0x0, 0x0, 0x0, 0x22, 0xfe, 0x34, 0x0,
    0x0, 0x0, 0x0, 0x22, 0x2e, 0xc3, 0xb8, 0x0,
    0x0, 0x0, 0x0, 0x0, 0xcb, 0xfb, 0xb8, 0x17,
    0x0, 0x0, 0x0, 0x0, 0x0,

    /* U+007A "z" */
    0x14, 0xff, 0xff, 0xff, 0xff, 0xff, 0xc4, 0x1,
    0xc, 0xc, 0xc, 0x1f, 0xec, 0x6d, 0x0, 0x0,
    0x0, 0x0, 0xa5, 0xc1, 0x2, 0x0, 0x0, 0x0,
    0x50, 0xf5, 0x23, 0x0, 0x0, 0x0, 0x13, 0xe8,
    0x6f, 0x0, 0x0, 0x0, 0x0, 0xa5, 0xc3, 0x2,
    0x0, 0x0, 0x0, 0x50, 0xf6, 0x25, 0x0, 0x0,
    0x0, 0x12, 0xe8, 0x7b, 0xc, 0xc, 0xc, 0xb,
    0x5f, 0xff, 0xff, 0xff, 0xff, 0xff, 0xe0,

    /* U+007B "{" */
    0x0, 0x0, 0x1, 0x7b, 0xe2, 0x7b, 0x0, 0x0,
    0x5d, 0xf6, 0x53, 0x10, 0x0, 0x0, 0x9c, 0xb3,
    0x0, 0x0, 0x0, 0x0, 0xa0, 0xa8, 0x0, 0x0,
    0x0, 0x0, 0xa0, 0xa8, 0x0, 0x0, 0x0, 0x0,
    0xa6, 0xa4, 0x0, 0x0, 0x0, 0x28, 0xe9, 0x66,
    0x0, 0x0, 0x88, 0xff, 0x94, 0x1, 0x0, 0x0,
    0x17, 0x53, 0xf0, 0x66, 0x0, 0x0, 0x0, 0x0,
    0xa6, 0xa7, 0x0, 0x0, 0x0, 0x0, 0xa0, 0xa8,
    0x0, 0x0, 0x0, 0x0, 0xa0, 0xaa, 0x0, 0x0,
    0x0, 0x0, 0x84, 0xe2, 0x22, 0x0, 0x0, 0x0,
    0x11, 0xb7, 0xfe, 0x78, 0x0, 0x0, 0x0, 0x0,
    0xe, 0x10,

    /* U+007C "|" */
    0x28, 0xf0, 0x28, 0xf0, 0x28, 0xf0, 0x28, 0xf0,
    0x28, 0xf0, 0x28, 0xf0, 0x28, 0xf0, 0x28, 0xf0,
    0x28, 0xf0, 0x28, 0xf0, 0x28, 0xf0, 0x28, 0xf0,
    0x28, 0xf0, 0x28, 0xf0, 0x28, 0xf0, 0x28, 0xf0,

    /* U+007D "}" */
    0x77, 0xe6, 0x82, 0x2, 0x0, 0x0, 0xe, 0x4d,
    0xf5, 0x62, 0x0, 0x0, 0x0, 0x0, 0xb2, 0x9c,
    0x0, 0x0, 0x0, 0x0, 0xa8, 0xa0, 0x0, 0x0,
    0x0, 0x0, 0xa8, 0xa0, 0x0, 0x0, 0x0, 0x0,
    0xa5, 0xa4, 0x0, 0x0, 0x0, 0x0, 0x69, 0xe8,
    0x28, 0x0, 0x0, 0x0, 0x1, 0x8f, 0xff, 0x8c,
    0x0, 0x0, 0x5e, 0xef, 0x54, 0x17, 0x0, 0x0,
    0xa6, 0xa6, 0x0, 0x0, 0x0, 0x0, 0xa8, 0xa0,
    0x0, 0x0, 0x0, 0x0, 0xaa, 0xa0, 0x0, 0x0,
    0x0, 0x26, 0xe4, 0x84, 0x0, 0x0, 0x77, 0xff,
    0xb6, 0x11, 0x0, 0x0, 0x12, 0x11, 0x0, 0x0,
    0x0, 0x0,

    /* U+007E "~" */
    0x8, 0x99, 0xeb, 0xdd, 0x8d, 0x29, 0x1, 0x4b,
    0x42, 0x30, 0x94, 0x2d, 0x49, 0xaa, 0xfa, 0xfb,
    0xda, 0x22, 0x2, 0x0, 0x0, 0x0, 0x0, 0xc,
    0x1f, 0x2, 0x0,

    /* U+00A0 " " */

    /* U+00A1 "¡" */
    0xa4, 0xd8, 0x1, 0xb6, 0xe9, 0x2, 0x4, 0x8,
    0x0, 0x2d, 0x45, 0x0, 0x63, 0x93, 0x0, 0x6d,
    0x9d, 0x0, 0x78, 0xa8, 0x0, 0x84, 0xb3, 0x0,
    0x8f, 0xbe, 0x0, 0x99, 0xc9, 0x0, 0xa4, 0xd4,
    0x0, 0xaf, 0xdf, 0x0,

    /* U+00A2 "¢" */
    0x0, 0x0, 0x0, 0x64, 0xa0, 0x0, 0x0, 0x0,
    0x10, 0x96, 0xec, 0xfd, 0xe5, 0x73, 0x1, 0xc1,
    0xdc, 0x53, 0x30, 0x56, 0x40, 0x3f, 0xff, 0x2e,
    0x0, 0x0, 0x0, 0x0, 0x77, 0xe1, 0x0, 0x0,
    0x0, 0x0, 0x0, 0x8a, 0xca, 0x0, 0x0, 0x0,
    0x0, 0x0, 0x80, 0xd6, 0x0, 0x0, 0x0, 0x0,
    0x0, 0x53, 0xfc, 0x17, 0x0, 0x0, 0x0, 0x0,
    0x9, 0xe2, 0xb9, 0x1e, 0x1, 0x1c, 0x35, 0x0,
    0x2c, 0xcd, 0xff, 0xff, 0xff, 0x7c, 0x0, 0x0,
    0x0, 0x71, 0xac, 0x13, 0x0, 0x0, 0x0, 0x0,
    0x64, 0x9c, 0x0, 0x0,

    /* U+00A3 "£" */
    0x0, 0x0, 0x0, 0x74, 0xe4, 0xfc, 0xe4, 0x9e,
    0x9, 0x0, 0x0, 0x62, 0xf4, 0x53, 0x21, 0x4d,
    0x90, 0x0, 0x0, 0x0, 0xc0, 0x99, 0x0, 0x0,
    0x0, 0x0, 0x0, 0x0, 0x0, 0xd7, 0x79, 0x0,
    0x0, 0x0, 0x0, 0x0, 0x0, 0x0, 0xd8, 0x78,
    0x0, 0x0, 0x0, 0x0, 0x0, 0x0, 0x0, 0xd8,
    0x78, 0x0, 0x0, 0x0, 0x0, 0x0, 0x5b, 0xe8,
    0xfc, 0xf3, 0xe8, 0xe8, 0xa7, 0x0, 0x0, 0x9,
    0x18, 0xdc, 0x85, 0x18, 0x18, 0x11, 0x0, 0x0,
    0x0, 0x0, 0xd9, 0x77, 0x0, 0x0, 0x0, 0x0,
    0x0, 0x0, 0x5, 0xf1, 0x5c, 0x0, 0x0, 0x0,
    0x0, 0x0, 0x17, 0x9f, 0xd8, 0x3e, 0x38, 0x38,
    0x38, 0x38, 0x1e, 0x78, 0xff, 0xff, 0xff, 0xff,
    0xff, 0xff, 0xff, 0x88,

    /* U+00A4 "¤" */
    0x0, 0x37, 0x3, 0x0, 0x0, 0x0, 0x0, 0x3c,
    0x0, 0x0, 0xbd, 0xb1, 0xc8, 0xfb, 0xd4, 0xa1,
    0xda, 0xa, 0x0, 0x2d, 0xf4, 0x4e, 0x5, 0x38,
    0xe0, 0x51, 0x0, 0x0, 0x7d, 0x89, 0x0, 0x0,
    0x0, 0x59, 0xa4, 0x0, 0x0, 0x7e, 0x85, 0x0,
    0x0, 0x0, 0x57, 0xa7, 0x0, 0x0, 0x2d, 0xf3,
    0x4b, 0x5, 0x37, 0xde, 0x53, 0x0, 0x0, 0xba,
    0xb2, 0xca, 0xfc, 0xd7, 0xa8, 0xd3, 0x8, 0x0,
    0x3a, 0x3, 0x0, 0x0, 0x0, 0x0, 0x40, 0x0,

    /* U+00A5 "¥" */
    0x7b, 0xdc, 0x4, 0x0, 0x0, 0x0, 0x0, 0xbc,
    0x9a, 0xa, 0xe6, 0x60, 0x0, 0x0, 0x0, 0x40,
    0xf4, 0x19, 0x0, 0x64, 0xdf, 0x5, 0x0, 0x0,
    0xc0, 0x81, 0x0, 0x0, 0x4, 0xd8, 0x64, 0x0,
    0x42, 0xe9, 0xd, 0x0, 0x0, 0x0, 0x50, 0xdf,
    0x5, 0xc4, 0x6a, 0x0, 0x0, 0x0, 0x0, 0x0,
    0xc5, 0xa6, 0xd9, 0x5, 0x0, 0x0, 0x0, 0x88,
    0xff, 0xff, 0xff, 0xff, 0xff, 0xa8, 0x0, 0x0,
    0x0, 0x0, 0x10, 0xff, 0x34, 0x0, 0x0, 0x0,
    0x0, 0x0, 0x0, 0x10, 0xff, 0x34, 0x0, 0x0,
    0x0, 0x0, 0x84, 0xf8, 0xf8, 0xff, 0xfa, 0xf8,
    0xa2, 0x0, 0x0, 0x0, 0x0, 0x10, 0xff, 0x34,
    0x0, 0x0, 0x0, 0x0, 0x0, 0x0, 0x10, 0xff,
    0x34, 0x0, 0x0, 0x0,

    /* U+00A6 "¦" */
    0x28, 0xf0, 0x28, 0xf0, 0x28, 0xf0, 0x28, 0xf0,
    0x28, 0xf0, 0x28, 0xf0, 0xb, 0x40, 0x0, 0x0,
    0x0, 0x0, 0xb, 0x44, 0x28, 0xf0, 0x28, 0xf0,
    0x28, 0xf0, 0x28, 0xf0, 0x28, 0xf0, 0x28, 0xf0,

    /* U+00A7 "§" */
    0x0, 0x22, 0xb5, 0xf2, 0xfd, 0xe4, 0x8e, 0x0,
    0x0, 0xbc, 0xa1, 0x1b, 0x12, 0x37, 0x53, 0x0,
    0x0, 0xc5, 0x99, 0x3, 0x0, 0x0, 0x0, 0x0,
    0x0, 0x30, 0xe7, 0xdd, 0x7c, 0x19, 0x0, 0x0,
    0x0, 0x6d, 0xc9, 0x54, 0x9d, 0xf1, 0x6a, 0x0,
    0x0, 0xdf, 0x44, 0x0, 0x0, 0x3d, 0xfc, 0x11,
    0x0, 0xc2, 0xa6, 0xb, 0x0, 0x18, 0xfd, 0x10,
    0x0, 0x20, 0xbe, 0xed, 0x8e, 0xcc, 0x7e, 0x0,
    0x0, 0x0, 0x0, 0x2c, 0x8e, 0xf3, 0x88, 0x0,
    0x0, 0x0, 0x0, 0x0, 0x0, 0x42, 0xff, 0xe,
    0x8, 0x74, 0x2d, 0xb, 0x17, 0x8c, 0xe7, 0x3,
    0x6, 0xaa, 0xe9, 0xfd, 0xf2, 0xb8, 0x30, 0x0,

    /* U+00A8 "¨" */
    0x39, 0x5d, 0x0, 0x39, 0x5d, 0x77, 0xba, 0x0,
    0x77, 0xb9,

    /* U+00A9 "©" */
    0x0, 0x0, 0x0, 0x19, 0x86, 0xca, 0xd0, 0xcf,
    0x9c, 0x30, 0x0, 0x0, 0x0, 0x0, 0x0, 0x49,
    0xd4, 0x5d, 0xc, 0x0, 0x3, 0x41, 0xc3, 0x7d,
    0x0, 0x0, 0x0, 0x2c, 0xd2, 0x16, 0x16, 0xad,
    0xf6, 0xf2, 0x9e, 0x3, 0xa9, 0x6a, 0x0, 0x0,
    0xb6, 0x3c, 0x0, 0xc0, 0xa7, 0x14, 0x11, 0x31,
    0x0, 0xd, 0xd9, 0xe, 0xe, 0xd4, 0x0, 0x24,
    0xfe, 0x13, 0x0, 0x0, 0x0, 0x0, 0x0, 0x8d,
    0x58, 0x31, 0xab, 0x0, 0x42, 0xec, 0x0, 0x0,
    0x0, 0x0, 0x0, 0x0, 0x5c, 0x81, 0x31, 0xac,
    0x0, 0x2b, 0xfb, 0x9, 0x0, 0x0, 0x0, 0x0,
    0x0, 0x5c, 0x81, 0xe, 0xd9, 0x0, 0x1, 0xd6,
    0x87, 0x3, 0x1, 0x18, 0x0, 0x0, 0x8c, 0x5b,
    0x0, 0xb6, 0x45, 0x0, 0x2c, 0xce, 0xf4, 0xf3,
    0x89, 0x0, 0xd, 0xdb, 0x10, 0x0, 0x2d, 0xd9,
    0x1b, 0x0, 0x0, 0xf, 0xb, 0x0, 0x4, 0xaa,
    0x75, 0x0, 0x0, 0x0, 0x4c, 0xdb, 0x62, 0xd,
    0x0, 0x3, 0x43, 0xc5, 0x8d, 0x1, 0x0, 0x0,
    0x0, 0x0, 0x1b, 0x86, 0xca, 0xd1, 0xd0, 0xa1,
    0x3a, 0x0, 0x0, 0x0,

    /* U+00AA "ª" */
    0x7, 0xab, 0xca, 0xca, 0x4e, 0x0, 0x1b, 0x0,
    0x2c, 0xd3, 0x11, 0x9a, 0xb6, 0xb6, 0xdc, 0x6e,
    0x99, 0x0, 0x28, 0xdc, 0x2d, 0xcf, 0xaa, 0x8d,
    0xd1,

    /* U+00AB "«" */
    0x0, 0x0, 0x13, 0x94, 0x9, 0x7, 0x93, 0x18,
    0x0, 0x4, 0xbd, 0xa1, 0x0, 0x9e, 0xc0, 0x4,
    0x0, 0x90, 0xce, 0x9, 0x6f, 0xe4, 0x16, 0x0,
    0x3e, 0xff, 0x2d, 0x25, 0xfc, 0x50, 0x0, 0x0,
    0x4, 0xbd, 0xab, 0x1, 0xa2, 0xc9, 0x7, 0x0,
    0x0, 0x13, 0xdf, 0x75, 0x8, 0xca, 0x98, 0x0,
    0x0, 0x0, 0x2e, 0xcb, 0x9, 0x1b, 0xcd, 0x1c,
    0x0, 0x0, 0x0, 0x0, 0x0, 0x0, 0x0, 0x0,

    /* U+00AC "¬" */
    0x2e, 0xf4, 0xf4, 0xf4, 0xf4, 0xf4, 0xf4, 0xf4,
    0x45, 0x7, 0x24, 0x24, 0x24, 0x24, 0x24, 0x24,
    0xcc, 0x48, 0x0, 0x0, 0x0, 0x0, 0x0, 0x0,
    0x0, 0xc4, 0x48, 0x0, 0x0, 0x0, 0x0, 0x0,
    0x0, 0x0, 0xc4, 0x48, 0x0, 0x0, 0x0, 0x0,
    0x0, 0x0, 0x0, 0x1c, 0xa,

    /* U+00AD "­" */
    0x5c, 0xff, 0xff, 0xff, 0x84, 0x11, 0x30, 0x30,
    0x30, 0x19,

    /* U+00AE "®" */
    0x0, 0x0, 0x0, 0x19, 0x86, 0xca, 0xd0, 0xcf,
    0x9c, 0x30, 0x0, 0x0, 0x0, 0x0, 0x0, 0x49,
    0xd4, 0x5d, 0xc, 0x0, 0x3, 0x41, 0xc3, 0x7d,
    0x0, 0x0, 0x0, 0x2c, 0xd2, 0x16, 0x7e, 0xfb,
    0xf9, 0xd8, 0x49, 0x3, 0xa9, 0x6a, 0x0, 0x0,
    0xb6, 0x3c, 0x0, 0x80, 0xa0, 0x1, 0x6e, 0xe3,
    0x0, 0xd, 0xd9, 0xe, 0xe, 0xd4, 0x0, 0x0,
    0x80, 0xa0, 0x0, 0x22, 0xff, 0x4, 0x0, 0x8d,
    0x58, 0x31, 0xab, 0x0, 0x0, 0x80, 0xa0, 0x1,
    0x79, 0xd2, 0x0, 0x0, 0x5c, 0x81, 0x31, 0xac,
    0x0, 0x0, 0x80, 0xfa, 0xf5, 0xef, 0x28, 0x0,
    0x0, 0x5c, 0x81, 0xe, 0xd9, 0x0, 0x0, 0x80,
    0xa0, 0x10, 0xe8, 0x48, 0x0, 0x0, 0x8c, 0x5b,
    0x0, 0xb6, 0x45, 0x0, 0x80, 0xa0, 0x0, 0x59,
    0xe0, 0xb, 0xd, 0xdb, 0x10, 0x0, 0x2d, 0xd9,
    0x1b, 0x4c, 0x5f, 0x0, 0x0, 0x82, 0x44, 0xaa,
    0x75, 0x0, 0x0, 0x0, 0x4c, 0xdb, 0x62, 0xd,
    0x0, 0x3, 0x43, 0xc5, 0x8d, 0x1, 0x0, 0x0,
    0x0, 0x0, 0x1b, 0x86, 0xca, 0xd1, 0xd0, 0xa1,
    0x3a, 0x0, 0x0, 0x0,

    /* U+00AF "¯" */
    0xb, 0xec, 0xec, 0xec, 0xec, 0xec, 0xec, 0xec,
    0xec, 0xb, 0x1, 0x1c, 0x1c, 0x1c, 0x1c, 0x1c,
    0x1c, 0x1c, 0x1c, 0x1,

    /* U+00B0 "°" */
    0x0, 0x34, 0xc8, 0xe2, 0xb7, 0x1c, 0x1, 0xde,
    0x3f, 0x0, 0x63, 0xb8, 0x10, 0xea, 0x0, 0x0,
    0xe, 0xeb, 0x1, 0xdd, 0x46, 0x1, 0x69, 0xba,
    0x0, 0x32, 0xc9, 0xec, 0xb9, 0x1d,

    /* U+00B1 "±" */
    0x0, 0x0, 0x0, 0x0, 0xec, 0x17, 0x0, 0x0,
    0x0, 0x0, 0x0, 0x0, 0x0, 0xf8, 0x18, 0x0,
    0x0, 0x0, 0x0, 0x0, 0x0, 0x0, 0xf8, 0x18,
    0x0, 0x0, 0x0, 0x0, 0x0, 0x0, 0x0, 0xf8,
    0x18, 0x0, 0x0, 0x0, 0x2e, 0xf4, 0xf4, 0xf4,
    0xff, 0xf5, 0xf4, 0xf4, 0x4c, 0x7, 0x24, 0x24,
    0x24, 0xf9, 0x39, 0x24, 0x24, 0xb, 0x0, 0x0,
    0x0, 0x0, 0xf8, 0x18, 0x0, 0x0, 0x0, 0x0,
    0x0, 0x0, 0x0, 0xf8, 0x18, 0x0, 0x0, 0x0,
    0x5, 0x18, 0x18, 0x18, 0x18, 0x18, 0x18, 0x18,
    0x8, 0x30, 0xff, 0xff, 0xff, 0xff, 0xff, 0xff,
    0xff, 0x54,

    /* U+00B2 "²" */
    0x29, 0xbd, 0xe1, 0xdd, 0x4a, 0x1c, 0x40, 0x0,
    0x4e, 0xd6, 0x0, 0x0, 0x0, 0x48, 0xc8, 0x0,
    0x0, 0x12, 0xd3, 0x44, 0x0, 0x12, 0xc9, 0x57,
    0x0, 0x15, 0xcc, 0x4f, 0x0, 0x0, 0x97, 0xfc,
    0xf0, 0xf0, 0xda,

    /* U+00B3 "³" */
    0x45, 0xd0, 0xde, 0xde, 0x50, 0x0, 0x24, 0x2a,
    0x0, 0x4c, 0xdc, 0x0, 0x0, 0x0, 0x0, 0x69,
    0xbb, 0x0, 0x0, 0x8c, 0xd9, 0xf6, 0x45, 0x0,
    0x0, 0x0, 0x0, 0x30, 0xf3, 0xa, 0x26, 0x3,
    0x0, 0x2a, 0xf8, 0xc, 0x7f, 0xdf, 0xd8, 0xd8,
    0x59, 0x0,

    /* U+00B4 "´" */
    0x0, 0x1, 0x74, 0x5c, 0x0, 0x65, 0xeb, 0x29,
    0x27, 0xdc, 0x2f, 0x0,

    /* U+00B5 "µ" */
    0xa0, 0xac, 0x0, 0x0, 0x0, 0x0, 0xc4, 0x88,
    0xa0, 0xac, 0x0, 0x0, 0x0, 0x0, 0xc4, 0x88,
    0xa0, 0xac, 0x0, 0x0, 0x0, 0x0, 0xc4, 0x88,
    0xa0, 0xac, 0x0, 0x0, 0x0, 0x0, 0xc4, 0x88,
    0xa0, 0xac, 0x0, 0x0, 0x0, 0x0, 0xc4, 0x88,
    0xa0, 0xac, 0x0, 0x0, 0x0, 0x0, 0xd0, 0x88,
    0xa0, 0xc0, 0x0, 0x0, 0x0, 0xc, 0xf7, 0x88,
    0xa0, 0xfc, 0x4d, 0x1, 0x11, 0xa3, 0xf5, 0x88,
    0xa0, 0xce, 0xd1, 0xf5, 0xe2, 0x70, 0x9d, 0x88,
    0xa0, 0xaa, 0x0, 0x0, 0x0, 0x0, 0x0, 0x0,
    0xa0, 0xac, 0x0, 0x0, 0x0, 0x0, 0x0, 0x0,
    0xa0, 0xac, 0x0, 0x0, 0x0, 0x0, 0x0, 0x0,
    0xa0, 0xac, 0x0, 0x0, 0x0, 0x0, 0x0, 0x0,

    /* U+00B6 "¶" */
    0x0, 0x5, 0x8a, 0xe8, 0xff, 0xff, 0xe2, 0xe1,
    0xbc, 0x0, 0x82, 0xff, 0xff, 0xff, 0xff, 0x2c,
    0x24, 0xbc, 0x0, 0xe2, 0xff, 0xff, 0xff, 0xff,
    0x2c, 0x24, 0xbc, 0x5, 0xff, 0xff, 0xff, 0xff,
    0xff, 0x2c, 0x24, 0xbc, 0x8, 0xff, 0xff, 0xff,
    0xff, 0xff, 0x2c, 0x24, 0xbc, 0x0, 0xec, 0xff,
    0xff, 0xff, 0xff, 0x2c, 0x24, 0xbc, 0x0, 0x9d,
    0xff, 0xff, 0xff, 0xff, 0x2c, 0x24, 0xbc, 0x0,
    0x12, 0xba, 0xff, 0xff, 0xff, 0x2c, 0x24, 0xbc,
    0x0, 0x0, 0x0, 0x14, 0x1e, 0xb7, 0x2c, 0x24,
    0xbc, 0x0, 0x0, 0x0, 0x0, 0x0, 0xb4, 0x2c,
    0x24, 0xbc, 0x0, 0x0, 0x0, 0x0, 0x0, 0xb4,
    0x2c, 0x24, 0xbc, 0x0, 0x0, 0x0, 0x0, 0x0,
    0xb4, 0x2c, 0x24, 0xbc, 0x0, 0x0, 0x0, 0x0,
    0x0, 0xb4, 0x2c, 0x24, 0xbc, 0x0, 0x0, 0x0,
    0x0, 0x0, 0xb4, 0x2c, 0x24, 0xbc, 0x0, 0x0,
    0x0, 0x0, 0x0, 0x9b, 0x26, 0x1f, 0xa2,

    /* U+00B7 "·" */
    0x6, 0xa, 0x0, 0xb8, 0xea, 0x2, 0xa5, 0xd7,
    0x1,

    /* U+00B8 "¸" */
    0x0, 0xa, 0x7, 0x0, 0x0, 0xc7, 0x26, 0x0,
    0xc, 0x84, 0xe2, 0x21, 0x0, 0x4, 0xcf, 0x4b,
    0xab, 0xdc, 0x99, 0x5,

    /* U+00B9 "¹" */
    0x0, 0x2f, 0xd4, 0xc4, 0x2e, 0xdb, 0x7e, 0xc4,
    0x1, 0xe, 0x4c, 0xc4, 0x0, 0x0, 0x4c, 0xc4,
    0x0, 0x0, 0x4c, 0xc4, 0x0, 0x0, 0x4c, 0xc4,
    0x0, 0x0, 0x4c, 0xc4,

    /* U+00BA "º" */
    0x0, 0x60, 0xc7, 0xcb, 0x62, 0x0, 0x2d, 0xcc,
    0xa, 0xb, 0xd1, 0x2f, 0x6c, 0x82, 0x0, 0x0,
    0x86, 0x72, 0x70, 0x80, 0x0, 0x0, 0x84, 0x73,
    0x36, 0xc6, 0x3, 0x4, 0xca, 0x36, 0x0, 0x77,
    0xd1, 0xd3, 0x76, 0x0,

    /* U+00BB "»" */
    0x1e, 0x8e, 0x3, 0x11, 0x94, 0xb, 0x0, 0x0,
    0x7, 0xc9, 0x8d, 0x2, 0xb3, 0xad, 0x1, 0x0,
    0x0, 0x1d, 0xea, 0x5e, 0x10, 0xdc, 0x7f, 0x0,
    0x0, 0x0, 0x5c, 0xf8, 0x15, 0x41, 0xff, 0x31,
    0x0, 0xa, 0xd2, 0x8e, 0x3, 0xbc, 0xae, 0x1,
    0x0, 0xa4, 0xbb, 0x4, 0x88, 0xd2, 0xc, 0x0,
    0x25, 0xc8, 0x12, 0x12, 0xcd, 0x21, 0x0, 0x0,
    0x0, 0x0, 0x0, 0x0, 0x0, 0x0, 0x0, 0x0,

    /* U+00BC "¼" */
    0x0, 0x34, 0xdd, 0xac, 0x0, 0x0, 0x0, 0x0,
    0x5e, 0xc2, 0x0, 0x0, 0x3d, 0xe2, 0x90, 0xac,
    0x0, 0x0, 0x0, 0xb, 0xe2, 0x31, 0x0, 0x0,
    0x7, 0x17, 0x60, 0xac, 0x0, 0x0, 0x0, 0x82,
    0x9e, 0x0, 0x0, 0x0, 0x0, 0x0, 0x60, 0xac,
    0x0, 0x0, 0x1e, 0xe9, 0x17, 0x0, 0x0, 0x0,
    0x0, 0x0, 0x60, 0xac, 0x0, 0x0, 0xa6, 0x78,
    0x0, 0xe, 0x17, 0x0, 0x0, 0x0, 0x60, 0xac,
    0x0, 0x3a, 0xde, 0x7, 0x8, 0xd2, 0xb4, 0x0,
    0x0, 0x0, 0x60, 0xac, 0x1, 0xc9, 0x53, 0x0,
    0x95, 0xb9, 0xb4, 0x0, 0x0, 0x0, 0x8, 0xd,
    0x5e, 0xc0, 0x0, 0x52, 0xa3, 0x68, 0xb4, 0x0,
    0x0, 0x0, 0x0, 0xb, 0xe1, 0x30, 0x1e, 0xc8,
    0xc, 0x68, 0xb4, 0x0, 0x0, 0x0, 0x0, 0x82,
    0x9a, 0x0, 0x82, 0xee, 0xe8, 0xf2, 0xf8, 0xa4,
    0x0, 0x0, 0x1e, 0xe7, 0x17, 0x0, 0x0, 0x0,
    0x0, 0x68, 0xb4, 0x0, 0x0, 0x0, 0xa6, 0x76,
    0x0, 0x0, 0x0, 0x0, 0x0, 0x68, 0xb4, 0x0,

    /* U+00BD "½" */
    0x0, 0x47, 0xed, 0x84, 0x0, 0x0, 0x0, 0x1,
    0xc8, 0x53, 0x0, 0x0, 0x5d, 0xe1, 0xad, 0x84,
    0x0, 0x0, 0x0, 0x5d, 0xc0, 0x0, 0x0, 0x0,
    0x22, 0x17, 0x8c, 0x84, 0x0, 0x0, 0xb, 0xe1,
    0x30, 0x0, 0x0, 0x0, 0x0, 0x0, 0x8c, 0x84,
    0x0, 0x0, 0x83, 0x9a, 0x0, 0x0, 0x0, 0x0,
    0x0, 0x0, 0x8c, 0x84, 0x0, 0x1f, 0xe8, 0x17,
    0x0, 0x0, 0x0, 0x0, 0x0, 0x0, 0x8c, 0x84,
    0x0, 0xa9, 0x76, 0x45, 0xc4, 0xe0, 0xbb, 0x1b,
    0x0, 0x0, 0x8c, 0x84, 0x3d, 0xdb, 0x6, 0x32,
    0x1d, 0x1, 0x9b, 0x8e, 0x0, 0x0, 0xb, 0xc,
    0xcc, 0x4f, 0x0, 0x0, 0x0, 0x0, 0x8c, 0x83,
    0x0, 0x0, 0x0, 0x62, 0xbd, 0x0, 0x0, 0x0,
    0x0, 0x38, 0xd8, 0x15, 0x0, 0x0, 0xd, 0xe6,
    0x2d, 0x0, 0x0, 0x0, 0x39, 0xd1, 0x23, 0x0,
    0x0, 0x0, 0x88, 0x97, 0x0, 0x0, 0x0, 0x41,
    0xcf, 0x1d, 0x0, 0x0, 0x0, 0x1f, 0xe4, 0x15,
    0x0, 0x0, 0x0, 0xd6, 0xf6, 0xf4, 0xf4, 0x99,

    /* U+00BE "¾" */
    0x41, 0xb5, 0xbb, 0xb9, 0x35, 0x0, 0x0, 0x0,
    0x0, 0x83, 0x71, 0x0, 0x0, 0x28, 0x26, 0x0,
    0x54, 0xce, 0x0, 0x0, 0x0, 0x27, 0xe6, 0xf,
    0x0, 0x0, 0x0, 0x0, 0x0, 0x72, 0xb9, 0x0,
    0x0, 0x0, 0xb6, 0x67, 0x0, 0x0, 0x0, 0x0,
    0x98, 0xe2, 0xf4, 0x40, 0x0, 0x0, 0x4a, 0xd0,
    0x3, 0x0, 0x0, 0x0, 0x0, 0x0, 0x0, 0x31,
    0xf1, 0x6, 0x6, 0xd9, 0x3e, 0x0, 0x1a, 0xa,
    0x0, 0x28, 0x8, 0x0, 0x3e, 0xf3, 0x6, 0x73,
    0xaa, 0x0, 0x3f, 0xf9, 0x50, 0x0, 0x77, 0xdb,
    0xe0, 0xcb, 0x49, 0x17, 0xe8, 0x20, 0x13, 0xb3,
    0xcb, 0x50, 0x0, 0x0, 0x0, 0x0, 0x0, 0x0,
    0x9d, 0x83, 0x1, 0xad, 0x30, 0xcc, 0x50, 0x0,
    0x0, 0x0, 0x0, 0x0, 0x33, 0xe1, 0xa, 0x71,
    0x7d, 0x0, 0xcc, 0x50, 0x0, 0x0, 0x0, 0x0,
    0x1, 0xc4, 0x5a, 0x0, 0xe2, 0xea, 0xe8, 0xfc,
    0xf0, 0x48, 0x0, 0x0, 0x0, 0x59, 0xc6, 0x1,
    0x0, 0x0, 0x0, 0x0, 0xcc, 0x50, 0x0, 0x0,
    0x0, 0xa, 0xe1, 0x34, 0x0, 0x0, 0x0, 0x0,
    0x0, 0xcc, 0x50, 0x0,

    /* U+00BF "¿" */
    0x0, 0x0, 0x0, 0xad, 0xcc, 0x0, 0x0, 0x0,
    0x0, 0x0, 0xc0, 0xe0, 0x0, 0x0, 0x0, 0x0,
    0x0, 0x6, 0x9, 0x0, 0x0, 0x0, 0x0, 0x0,
    0x34, 0x52, 0x0, 0x0, 0x0, 0x0, 0x0, 0x80,
    0x99, 0x0, 0x0, 0x0, 0x0, 0x22, 0xeb, 0x50,
    0x0, 0x0, 0x0, 0x31, 0xe7, 0x8a, 0x0, 0x0,
    0x0, 0x19, 0xeb, 0x7d, 0x0, 0x0, 0x0, 0x0,
    0x79, 0xcd, 0x0, 0x0, 0x0, 0x0, 0x0, 0x8e,
    0xb2, 0x0, 0x0, 0x0, 0x0, 0x0, 0x57, 0xf6,
    0x46, 0x5, 0x18, 0x67, 0x38, 0x2, 0x93, 0xfc,
    0xff, 0xff, 0xe0, 0x54, 0x0, 0x0, 0x10, 0x2c,
    0x1c, 0x0, 0x0,

    /* U+00C0 "À" */
    0x0, 0x0, 0x1, 0x78, 0x54, 0x0, 0x0, 0x0,
    0x0, 0x0, 0x0, 0x0, 0x0, 0x0, 0x58, 0xf6,
    0x2a, 0x0, 0x0, 0x0, 0x0, 0x0, 0x0, 0x0,
    0x0, 0x0, 0x5a, 0xcd, 0x9, 0x0, 0x0, 0x0,
    0x0, 0x0, 0x0, 0x0, 0x0, 0x0, 0x0, 0x0,
    0x0, 0x0, 0x0, 0x0, 0x0, 0x0, 0x0, 0x0,
    0xb8, 0xdb, 0x1, 0x0, 0x0, 0x0, 0x0, 0x0,
    0x0, 0x0, 0x1a, 0xf9, 0xef, 0x3b, 0x0, 0x0,
    0x0, 0x0, 0x0, 0x0, 0x0, 0x78, 0xc3, 0xa2,
    0x98, 0x0, 0x0, 0x0, 0x0, 0x0, 0x0, 0x0,
    0xd5, 0x72, 0x4f, 0xf0, 0x8, 0x0, 0x0, 0x0,
    0x0, 0x0, 0x34, 0xfd, 0x19, 0x7, 0xee, 0x56,
    0x0, 0x0, 0x0, 0x0, 0x0, 0x94, 0xb9, 0x0,
    0x0, 0x9a, 0xb4, 0x0, 0x0, 0x0, 0x0, 0x7,
    0xed, 0x60, 0x4, 0x4, 0x43, 0xfc, 0x18, 0x0,
    0x0, 0x0, 0x54, 0xff, 0xff, 0xff, 0xff, 0xff,
    0xff, 0x72, 0x0, 0x0, 0x0, 0xb4, 0xaf, 0x34,
    0x34, 0x34, 0x34, 0x9f, 0xd0, 0x0, 0x0, 0x16,
    0xfc, 0x44, 0x0, 0x0, 0x0, 0x0, 0x30, 0xff,
    0x30, 0x0, 0x70, 0xe4, 0x2, 0x0, 0x0, 0x0,
    0x0, 0x0, 0xd3, 0x8e, 0x0, 0xd0, 0x88, 0x0,
    0x0, 0x0, 0x0, 0x0, 0x0, 0x74, 0xe8, 0x4,

    /* U+00C1 "Á" */
    0x0, 0x0, 0x0, 0x0, 0x0, 0x35, 0x80, 0x1c,
    0x0, 0x0, 0x0, 0x0, 0x0, 0x0, 0x0, 0xb,
    0xda, 0x98, 0x0, 0x0, 0x0, 0x0, 0x0, 0x0,
    0x0, 0x0, 0x9b, 0x93, 0x2, 0x0, 0x0, 0x0,
    0x0, 0x0, 0x0, 0x0, 0x0, 0x0, 0x0, 0x0,
    0x0, 0x0, 0x0, 0x0, 0x0, 0x0, 0x0, 0x0,
    0xb8, 0xdb, 0x1, 0x0, 0x0, 0x0, 0x0, 0x0,
    0x0, 0x0, 0x1a, 0xf9, 0xef, 0x3b, 0x0, 0x0,
    0x0, 0x0, 0x0, 0x0, 0x0, 0x78, 0xc3, 0xa2,
    0x98, 0x0, 0x0, 0x0, 0x0, 0x0, 0x0, 0x0,
    0xd5, 0x72, 0x4f, 0xf0, 0x8, 0x0, 0x0, 0x0,
    0x0, 0x0, 0x34, 0xfd, 0x19, 0x7, 0xee, 0x56,
    0x0, 0x0, 0x0, 0x0, 0x0, 0x94, 0xb9, 0x0,
    0x0, 0x9a, 0xb4, 0x0, 0x0, 0x0, 0x0, 0x7,
    0xed, 0x60, 0x4, 0x4, 0x43, 0xfc, 0x18, 0x0,
    0x0, 0x0, 0x54, 0xff, 0xff, 0xff, 0xff, 0xff,
    0xff, 0x72, 0x0, 0x0, 0x0, 0xb4, 0xaf, 0x34,
    0x34, 0x34, 0x34, 0x9f, 0xd0, 0x0, 0x0, 0x16,
    0xfc, 0x44, 0x0, 0x0, 0x0, 0x0, 0x30, 0xff,
    0x30, 0x0, 0x70, 0xe4, 0x2, 0x0, 0x0, 0x0,
    0x0, 0x0, 0xd3, 0x8e, 0x0, 0xd0, 0x88, 0x0,
    0x0, 0x0, 0x0, 0x0, 0x0, 0x74, 0xe8, 0x4,

    /* U+00C2 "Â" */
    0x0, 0x0, 0x0, 0x0, 0x61, 0x70, 0x1, 0x0,
    0x0, 0x0, 0x0, 0x0, 0x0, 0x0, 0x5b, 0xe7,
    0xdd, 0x79, 0x0, 0x0, 0x0, 0x0, 0x0, 0x0,
    0x41, 0xd1, 0x23, 0x19, 0xc7, 0x5f, 0x0, 0x0,
    0x0, 0x0, 0x0, 0x0, 0x0, 0x0, 0x0, 0x0,
    0x0, 0x0, 0x0, 0x0, 0x0, 0x0, 0x0, 0x0,
    0xb8, 0xdb, 0x1, 0x0, 0x0, 0x0, 0x0, 0x0,
    0x0, 0x0, 0x1a, 0xf9, 0xef, 0x3b, 0x0, 0x0,
    0x0, 0x0, 0x0, 0x0, 0x0, 0x78, 0xc3, 0xa2,
    0x98, 0x0, 0x0, 0x0, 0x0, 0x0, 0x0, 0x0,
    0xd5, 0x72, 0x4f, 0xf0, 0x8, 0x0, 0x0, 0x0,
    0x0, 0x0, 0x34, 0xfd, 0x19, 0x7, 0xee, 0x56,
    0x0, 0x0, 0x0, 0x0, 0x0, 0x94, 0xb9, 0x0,
    0x0, 0x9a, 0xb4, 0x0, 0x0, 0x0, 0x0, 0x7,
    0xed, 0x60, 0x4, 0x4, 0x43, 0xfc, 0x18, 0x0,
    0x0, 0x0, 0x54, 0xff, 0xff, 0xff, 0xff, 0xff,
    0xff, 0x72, 0x0, 0x0, 0x0, 0xb4, 0xaf, 0x34,
    0x34, 0x34, 0x34, 0x9f, 0xd0, 0x0, 0x0, 0x16,
    0xfc, 0x44, 0x0, 0x0, 0x0, 0x0, 0x30, 0xff,
    0x30, 0x0, 0x70, 0xe4, 0x2, 0x0, 0x0, 0x0,
    0x0, 0x0, 0xd3, 0x8e, 0x0, 0xd0, 0x88, 0x0,
    0x0, 0x0, 0x0, 0x0, 0x0, 0x74, 0xe8, 0x4,

    /* U+00C3 "Ã" */
    0x0, 0x0, 0x41, 0xdf, 0xc2, 0x3a, 0x12, 0xbb,
    0x0, 0x0, 0x0, 0x0, 0x0, 0xc0, 0x40, 0x65,
    0xe8, 0xf8, 0x60, 0x0, 0x0, 0x0, 0x0, 0x0,
    0x18, 0x0, 0x0, 0x6, 0x12, 0x0, 0x0, 0x0,
    0x0, 0x0, 0x0, 0x0, 0x0, 0xb8, 0xdb, 0x1,
    0x0, 0x0, 0x0, 0x0, 0x0, 0x0, 0x0, 0x1a,
    0xf9, 0xef, 0x3b, 0x0, 0x0, 0x0, 0x0, 0x0,
    0x0, 0x0, 0x78, 0xc3, 0xa2, 0x98, 0x0, 0x0,
    0x0, 0x0, 0x0, 0x0, 0x0, 0xd5, 0x72, 0x4f,
    0xf0, 0x8, 0x0, 0x0, 0x0, 0x0, 0x0, 0x34,
    0xfd, 0x19, 0x7, 0xee, 0x56, 0x0, 0x0, 0x0,
    0x0, 0x0, 0x94, 0xb9, 0x0, 0x0, 0x9a, 0xb4,
    0x0, 0x0, 0x0, 0x0, 0x7, 0xed, 0x60, 0x4,
    0x4, 0x43, 0xfc, 0x18, 0x0, 0x0, 0x0, 0x54,
    0xff, 0xff, 0xff, 0xff, 0xff, 0xff, 0x72, 0x0,
    0x0, 0x0, 0xb4, 0xaf, 0x34, 0x34, 0x34, 0x34,
    0x9f, 0xd0, 0x0, 0x0, 0x16, 0xfc, 0x44, 0x0,
    0x0, 0x0, 0x0, 0x30, 0xff, 0x30, 0x0, 0x70,
    0xe4, 0x2, 0x0, 0x0, 0x0, 0x0, 0x0, 0xd3,
    0x8e, 0x0, 0xd0, 0x88, 0x0, 0x0, 0x0, 0x0,
    0x0, 0x0, 0x74, 0xe8, 0x4,

    /* U+00C4 "Ä" */
    0x0, 0x0, 0x1a, 0xf0, 0x2a, 0x1a, 0xef, 0x29,
    0x0, 0x0, 0x0, 0x0, 0x0, 0x6, 0x7e, 0xd,
    0x6, 0x7d, 0xd, 0x0, 0x0, 0x0, 0x0, 0x0,
    0x0, 0x0, 0x0, 0x0, 0x0, 0x0, 0x0, 0x0,
    0x0, 0x0, 0x0, 0x0, 0x0, 0xb8, 0xdb, 0x1,
    0x0, 0x0, 0x0, 0x0, 0x0, 0x0, 0x0, 0x1a,
    0xf9, 0xef, 0x3b, 0x0, 0x0, 0x0, 0x0, 0x0,
    0x0, 0x0, 0x78, 0xc3, 0xa2, 0x98, 0x0, 0x0,
    0x0, 0x0, 0x0, 0x0, 0x0, 0xd5, 0x72, 0x4f,
    0xf0, 0x8, 0x0, 0x0, 0x0, 0x0, 0x0, 0x34,
    0xfd, 0x19, 0x7, 0xee, 0x56, 0x0, 0x0, 0x0,
    0x0, 0x0, 0x94, 0xb9, 0x0, 0x0, 0x9a, 0xb4,
    0x0, 0x0, 0x0, 0x0, 0x7, 0xed, 0x60, 0x4,
    0x4, 0x43, 0xfc, 0x18, 0x0, 0x0, 0x0, 0x54,
    0xff, 0xff, 0xff, 0xff, 0xff, 0xff, 0x72, 0x0,
    0x0, 0x0, 0xb4, 0xaf, 0x34, 0x34, 0x34, 0x34,
    0x9f, 0xd0, 0x0, 0x0, 0x16, 0xfc, 0x44, 0x0,
    0x0, 0x0, 0x0, 0x30, 0xff, 0x30, 0x0, 0x70,
    0xe4, 0x2, 0x0, 0x0, 0x0, 0x0, 0x0, 0xd3,
    0x8e, 0x0, 0xd0, 0x88, 0x0, 0x0, 0x0, 0x0,
    0x0, 0x0, 0x74, 0xe8, 0x4,

    /* U+00C5 "Å" */
    0x0, 0x0, 0x0, 0x2a, 0xbd, 0xc0, 0x33, 0x0,
    0x0, 0x0, 0x0, 0x0, 0x0, 0x0, 0xa3, 0x36,
    0x26, 0xb7, 0x0, 0x0, 0x0, 0x0, 0x0, 0x0,
    0x0, 0x9d, 0x4a, 0x3b, 0xb0, 0x0, 0x0, 0x0,
    0x0, 0x0, 0x0, 0x0, 0x1f, 0xec, 0xfe, 0x28,
    0x0, 0x0, 0x0, 0x0, 0x0, 0x0, 0x0, 0x1a,
    0xf8, 0xef, 0x3b, 0x0, 0x0, 0x0, 0x0, 0x0,
    0x0, 0x0, 0x78, 0xc1, 0xa2, 0x98, 0x0, 0x0,
    0x0, 0x0, 0x0, 0x0, 0x0, 0xd5, 0x70, 0x4e,
    0xf0, 0x8, 0x0, 0x0, 0x0, 0x0, 0x0, 0x34,
    0xfd, 0x18, 0x6, 0xed, 0x56, 0x0, 0x0, 0x0,
    0x0, 0x0, 0x94, 0xb9, 0x0, 0x0, 0x9a, 0xb4,
    0x0, 0x0, 0x0, 0x0, 0x7, 0xed, 0x60, 0x4,
    0x4, 0x43, 0xfc, 0x18, 0x0, 0x0, 0x0, 0x54,
    0xff, 0xff, 0xff, 0xff, 0xff, 0xff, 0x72, 0x0,
    0x0, 0x0, 0xb4, 0xaf, 0x34, 0x34, 0x34, 0x34,
    0x9f, 0xd0, 0x0, 0x0, 0x16, 0xfc, 0x44, 0x0,
    0x0, 0x0, 0x0, 0x30, 0xff, 0x30, 0x0, 0x70,
    0xe4, 0x2, 0x0, 0x0, 0x0, 0x0, 0x0, 0xd3,
    0x8e, 0x0, 0xd0, 0x88, 0x0, 0x0, 0x0, 0x0,
    0x0, 0x0, 0x74, 0xe8, 0x4,

    /* U+00C6 "Æ" */
    0x0, 0x0, 0x0, 0x0, 0x0, 0x2, 0xdc, 0xff,
    0xff, 0xff, 0xff, 0xff, 0xff, 0xff, 0x4, 0x0,
    0x0, 0x0, 0x0, 0x0, 0x4f, 0xf5, 0x3e, 0xf7,
    0x83, 0x38, 0x38, 0x38, 0x38, 0x1, 0x0, 0x0,
    0x0, 0x0, 0x0, 0xc2, 0x94, 0x0, 0xf4, 0x60,
    0x0, 0x0, 0x0, 0x0, 0x0, 0x0, 0x0, 0x0,
    0x0, 0x36, 0xfe, 0x24, 0x0, 0xf4, 0x60, 0x0,
    0x0, 0x0, 0x0, 0x0, 0x0, 0x0, 0x0, 0x0,
    0xa9, 0xb2, 0x0, 0x0, 0xf4, 0x60, 0x0, 0x0,
    0x0, 0x0, 0x0, 0x0, 0x0, 0x0, 0x1f, 0xfc,
    0x42, 0x0, 0x0, 0xf4, 0xff, 0xff, 0xff, 0xff,
    0xb4, 0x0, 0x0, 0x0, 0x0, 0x8e, 0xd5, 0x4,
    0x4, 0x4, 0xf4, 0x7e, 0x30, 0x30, 0x30, 0x22,
    0x0, 0x0, 0x0, 0xf, 0xf1, 0xff, 0xff, 0xff,
    0xff, 0xff, 0x60, 0x0, 0x0, 0x0, 0x0, 0x0,
    0x0, 0x0, 0x72, 0xec, 0x36, 0x34, 0x34, 0x34,
    0xf6, 0x60, 0x0, 0x0, 0x0, 0x0, 0x0, 0x0,
    0x4, 0xe1, 0x80, 0x0, 0x0, 0x0, 0x0, 0xf4,
    0x60, 0x0, 0x0, 0x0, 0x0, 0x0, 0x0, 0x58,
    0xf7, 0x15, 0x0, 0x0, 0x0, 0x0, 0xf4, 0x81,
    0x34, 0x34, 0x34, 0x34, 0x1, 0x0, 0xca, 0x96,
    0x0, 0x0, 0x0, 0x0, 0x0, 0xf4, 0xff, 0xff,
    0xff, 0xff, 0xff, 0x4,

    /* U+00C7 "Ç" */
    0x0, 0x0, 0x0, 0x3e, 0xb1, 0xed, 0xfd, 0xeb,
    0xb7, 0x3c, 0x0, 0x0, 0x6a, 0xfe, 0xb0, 0x50,
    0x38, 0x51, 0x9a, 0x36, 0x0, 0x2f, 0xfc, 0x82,
    0x0, 0x0, 0x0, 0x0, 0x0, 0x0, 0x0, 0x9e,
    0xdc, 0x3, 0x0, 0x0, 0x0, 0x0, 0x0, 0x0,
    0x0, 0xe1, 0x88, 0x0, 0x0, 0x0, 0x0, 0x0,
    0x0, 0x0, 0x1, 0xfe, 0x66, 0x0, 0x0, 0x0,
    0x0, 0x0, 0x0, 0x0, 0x1, 0xfe, 0x66, 0x0,
    0x0, 0x0, 0x0, 0x0, 0x0, 0x0, 0x0, 0xe5,
    0x86, 0x0, 0x0, 0x0, 0x0, 0x0, 0x0, 0x0,
    0x0, 0xab, 0xd4, 0x1, 0x0, 0x0, 0x0, 0x0,
    0x0, 0x0, 0x0, 0x43, 0xff, 0x6d, 0x0, 0x0,
    0x0, 0x0, 0x0, 0x0, 0x0, 0x0, 0x91, 0xff,
    0xa0, 0x4c, 0x37, 0x49, 0x7d, 0x1c, 0x0, 0x0,
    0x0, 0x5a, 0xc4, 0xf7, 0xff, 0xee, 0xbb, 0x19,
    0x0, 0x0, 0x0, 0x0, 0x0, 0xa2, 0x51, 0x0,
    0x0, 0x0, 0x0, 0x0, 0x0, 0x0, 0x0, 0x70,
    0xe2, 0x42, 0x0, 0x0, 0x0, 0x0, 0x0, 0x0,
    0x0, 0x0, 0x9f, 0x78, 0x0, 0x0, 0x0, 0x0,
    0x0, 0x0, 0x86, 0xde, 0xc2, 0x19, 0x0, 0x0,

    /* U+00C8 "È" */
    0x0, 0xe, 0x7f, 0x3f, 0x0, 0x0, 0x0, 0x0,
    0x0, 0x7d, 0xe8, 0x13, 0x0, 0x0, 0x0, 0x0,
    0x0, 0x7d, 0xb3, 0x0, 0x0, 0x0, 0x0, 0x0,
    0x0, 0x0, 0x0, 0x0, 0x70, 0xff, 0xff, 0xff,
    0xff, 0xff, 0xec, 0x70, 0xea, 0x38, 0x38, 0x38,
    0x38, 0x34, 0x70, 0xe4, 0x0, 0x0, 0x0, 0x0,
    0x0, 0x70, 0xe4, 0x0, 0x0, 0x0, 0x0, 0x0,
    0x70, 0xe4, 0x0, 0x0, 0x0, 0x0, 0x0, 0x70,
    0xff, 0xff, 0xff, 0xff, 0xff, 0xa4, 0x70, 0xe9,
    0x30, 0x30, 0x30, 0x30, 0x1f, 0x70, 0xe4, 0x0,
    0x0, 0x0, 0x0, 0x0, 0x70, 0xe4, 0x0, 0x0,
    0x0, 0x0, 0x0, 0x70, 0xe4, 0x0, 0x0, 0x0,
    0x0, 0x0, 0x70, 0xea, 0x34, 0x34, 0x34, 0x34,
    0x30, 0x70, 0xff, 0xff, 0xff, 0xff, 0xff, 0xec,

    /* U+00C9 "É" */
    0x0, 0x0, 0x0, 0x0, 0x47, 0x7e, 0xa, 0x0,
    0x0, 0x0, 0x1a, 0xed, 0x71, 0x0, 0x0, 0x0,
    0x0, 0xbc, 0x72, 0x0, 0x0, 0x0, 0x0, 0x0,
    0x0, 0x0, 0x0, 0x0, 0x70, 0xff, 0xff, 0xff,
    0xff, 0xff, 0xec, 0x70, 0xea, 0x38, 0x38, 0x38,
    0x38, 0x34, 0x70, 0xe4, 0x0, 0x0, 0x0, 0x0,
    0x0, 0x70, 0xe4, 0x0, 0x0, 0x0, 0x0, 0x0,
    0x70, 0xe4, 0x0, 0x0, 0x0, 0x0, 0x0, 0x70,
    0xff, 0xff, 0xff, 0xff, 0xff, 0xa4, 0x70, 0xe9,
    0x30, 0x30, 0x30, 0x30, 0x1f, 0x70, 0xe4, 0x0,
    0x0, 0x0, 0x0, 0x0, 0x70, 0xe4, 0x0, 0x0,
    0x0, 0x0, 0x0, 0x70, 0xe4, 0x0, 0x0, 0x0,
    0x0, 0x0, 0x70, 0xea, 0x34, 0x34, 0x34, 0x34,
    0x30, 0x70, 0xff, 0xff, 0xff, 0xff, 0xff, 0xec,

    /* U+00CA "Ê" */
    0x0, 0x0, 0x1, 0x73, 0x5d, 0x0, 0x0, 0x0,
    0x0, 0x81, 0xd7, 0xec, 0x52, 0x0, 0x0, 0x63,
    0xc0, 0x13, 0x2b, 0xd5, 0x3f, 0x0, 0x0, 0x0,
    0x0, 0x0, 0x0, 0x0, 0x70, 0xff, 0xff, 0xff,
    0xff, 0xff, 0xec, 0x70, 0xea, 0x38, 0x38, 0x38,
    0x38, 0x34, 0x70, 0xe4, 0x0, 0x0, 0x0, 0x0,
    0x0, 0x70, 0xe4, 0x0, 0x0, 0x0, 0x0, 0x0,
    0x70, 0xe4, 0x0, 0x0, 0x0, 0x0, 0x0, 0x70,
    0xff, 0xff, 0xff, 0xff, 0xff, 0xa4, 0x70, 0xe9,
    0x30, 0x30, 0x30, 0x30, 0x1f, 0x70, 0xe4, 0x0,
    0x0, 0x0, 0x0, 0x0, 0x70, 0xe4, 0x0, 0x0,
    0x0, 0x0, 0x0, 0x70, 0xe4, 0x0, 0x0, 0x0,
    0x0, 0x0, 0x70, 0xea, 0x34, 0x34, 0x34, 0x34,
    0x30, 0x70, 0xff, 0xff, 0xff, 0xff, 0xff, 0xec,

    /* U+00CB "Ë" */
    0x0, 0x37, 0xec, 0xe, 0x37, 0xec, 0xb, 0x0,
    0x15, 0x7b, 0x2, 0x15, 0x79, 0x2, 0x0, 0x0,
    0x0, 0x0, 0x0, 0x0, 0x0, 0x70, 0xff, 0xff,
    0xff, 0xff, 0xff, 0xec, 0x70, 0xea, 0x38, 0x38,
    0x38, 0x38, 0x34, 0x70, 0xe4, 0x0, 0x0, 0x0,
    0x0, 0x0, 0x70, 0xe4, 0x0, 0x0, 0x0, 0x0,
    0x0, 0x70, 0xe4, 0x0, 0x0, 0x0, 0x0, 0x0,
    0x70, 0xff, 0xff, 0xff, 0xff, 0xff, 0xa4, 0x70,
    0xe9, 0x30, 0x30, 0x30, 0x30, 0x1f, 0x70, 0xe4,
    0x0, 0x0, 0x0, 0x0, 0x0, 0x70, 0xe4, 0x0,
    0x0, 0x0, 0x0, 0x0, 0x70, 0xe4, 0x0, 0x0,
    0x0, 0x0, 0x0, 0x70, 0xea, 0x34, 0x34, 0x34,
    0x34, 0x30, 0x70, 0xff, 0xff, 0xff, 0xff, 0xff,
    0xec,

    /* U+00CC "Ì" */
    0x5, 0x7b, 0x4c, 0x0, 0x0, 0x0, 0x63, 0xf2,
    0x22, 0x0, 0x0, 0x0, 0x65, 0xc6, 0x5, 0x0,
    0x0, 0x0, 0x0, 0x0, 0x0, 0x0, 0x70, 0xe4,
    0x0, 0x0, 0x0, 0x70, 0xe4, 0x0, 0x0, 0x0,
    0x70, 0xe4, 0x0, 0x0, 0x0, 0x70, 0xe4, 0x0,
    0x0, 0x0, 0x70, 0xe4, 0x0, 0x0, 0x0, 0x70,
    0xe4, 0x0, 0x0, 0x0, 0x70, 0xe4, 0x0, 0x0,
    0x0, 0x70, 0xe4, 0x0, 0x0, 0x0, 0x70, 0xe4,
    0x0, 0x0, 0x0, 0x70, 0xe4, 0x0, 0x0, 0x0,
    0x70, 0xe4, 0x0, 0x0, 0x0, 0x70, 0xe4, 0x0,

    /* U+00CD "Í" */
    0x0, 0x12, 0x80, 0x3e, 0x0, 0xa0, 0xcd, 0xd,
    0x55, 0xc8, 0x12, 0x0, 0x0, 0x0, 0x0, 0x0,
    0x70, 0xe4, 0x0, 0x0, 0x70, 0xe4, 0x0, 0x0,
    0x70, 0xe4, 0x0, 0x0, 0x70, 0xe4, 0x0, 0x0,
    0x70, 0xe4, 0x0, 0x0, 0x70, 0xe4, 0x0, 0x0,
    0x70, 0xe4, 0x0, 0x0, 0x70, 0xe4, 0x0, 0x0,
    0x70, 0xe4, 0x0, 0x0, 0x70, 0xe4, 0x0, 0x0,
    0x70, 0xe4, 0x0, 0x0, 0x70, 0xe4, 0x0, 0x0,

    /* U+00CE "Î" */
    0x0, 0x0, 0x4d, 0x7d, 0x8, 0x0, 0x0, 0x38,
    0xef, 0xcd, 0xa1, 0x1, 0x26, 0xd5, 0x3d, 0x9,
    0xaa, 0x87, 0x0, 0x0, 0x0, 0x0, 0x0, 0x0,
    0x0, 0x0, 0x70, 0xe4, 0x0, 0x0, 0x0, 0x0,
    0x70, 0xe4, 0x0, 0x0, 0x0, 0x0, 0x70, 0xe4,
    0x0, 0x0, 0x0, 0x0, 0x70, 0xe4, 0x0, 0x0,
    0x0, 0x0, 0x70, 0xe4, 0x0, 0x0, 0x0, 0x0,
    0x70, 0xe4, 0x0, 0x0, 0x0, 0x0, 0x70, 0xe4,
    0x0, 0x0, 0x0, 0x0, 0x70, 0xe4, 0x0, 0x0,
    0x0, 0x0, 0x70, 0xe4, 0x0, 0x0, 0x0, 0x0,
    0x70, 0xe4, 0x0, 0x0, 0x0, 0x0, 0x70, 0xe4,
    0x0, 0x0, 0x0, 0x0, 0x70, 0xe4, 0x0, 0x0,

    /* U+00CF "Ï" */
    0xd7, 0x5e, 0x0, 0xd7, 0x5c, 0x6b, 0x27, 0x0,
    0x6b, 0x26, 0x0, 0x0, 0x0, 0x0, 0x0, 0x0,
    0x70, 0xe4, 0x0, 0x0, 0x0, 0x70, 0xe4, 0x0,
    0x0, 0x0, 0x70, 0xe4, 0x0, 0x0, 0x0, 0x70,
    0xe4, 0x0, 0x0, 0x0, 0x70, 0xe4, 0x0, 0x0,
    0x0, 0x70, 0xe4, 0x0, 0x0, 0x0, 0x70, 0xe4,
    0x0, 0x0, 0x0, 0x70, 0xe4, 0x0, 0x0, 0x0,
    0x70, 0xe4, 0x0, 0x0, 0x0, 0x70, 0xe4, 0x0,
    0x0, 0x0, 0x70, 0xe4, 0x0, 0x0, 0x0, 0x70,
    0xe4, 0x0, 0x0,

    /* U+00D0 "Ð" */
    0x0, 0x54, 0xff, 0xff, 0xff, 0xfa, 0xd8, 0x8c,
    0x16, 0x0, 0x0, 0x0, 0x54, 0xfd, 0x2c, 0x2c,
    0x38, 0x6b, 0xd8, 0xe9, 0x2c, 0x0, 0x0, 0x54,
    0xfc, 0x0, 0x0, 0x0, 0x0, 0xa, 0xc4, 0xd7,
    0x3, 0x0, 0x54, 0xfc, 0x0, 0x0, 0x0, 0x0,
    0x0, 0x32, 0xff, 0x4a, 0x0, 0x54, 0xfc, 0x0,
    0x0, 0x0, 0x0, 0x0, 0x0, 0xe8, 0x87, 0x0,
    0x54, 0xfc, 0x0, 0x0, 0x0, 0x0, 0x0, 0x0,
    0xc9, 0xa0, 0x8c, 0xff, 0xff, 0xff, 0xff, 0xe4,
    0x0, 0x0, 0x0, 0xca, 0x9d, 0x1a, 0x74, 0xfd,
    0x30, 0x30, 0x2b, 0x0, 0x0, 0x1, 0xeb, 0x80,
    0x0, 0x54, 0xfc, 0x0, 0x0, 0x0, 0x0, 0x0,
    0x3c, 0xff, 0x3f, 0x0, 0x54, 0xfc, 0x0, 0x0,
    0x0, 0x0, 0x11, 0xd1, 0xcb, 0x1, 0x0, 0x54,
    0xfd, 0x2c, 0x2d, 0x3e, 0x77, 0xe4, 0xe0, 0x22,
    0x0, 0x0, 0x54, 0xff, 0xff, 0xff, 0xf4, 0xcc,
    0x7d, 0xe, 0x0, 0x0,

    /* U+00D1 "Ñ" */
    0x0, 0x0, 0x41, 0xde, 0xc2, 0x3b, 0x11, 0xbb,
    0x0, 0x0, 0x0, 0x0, 0xc0, 0x40, 0x64, 0xe6,
    0xf8, 0x60, 0x0, 0x0, 0x0, 0x0, 0x18, 0x0,
    0x0, 0x6, 0x12, 0x0, 0x0, 0x0, 0x70, 0xff,
    0x68, 0x0, 0x0, 0x0, 0x0, 0x0, 0xc0, 0x80,
    0x70, 0xff, 0xf0, 0x18, 0x0, 0x0, 0x0, 0x0,
    0xc0, 0x80, 0x70, 0xc0, 0xde, 0xa9, 0x0, 0x0,
    0x0, 0x0, 0xc0, 0x80, 0x70, 0xc3, 0x4a, 0xff,
    0x4a, 0x0, 0x0, 0x0, 0xc0, 0x80, 0x70, 0xca,
    0x0, 0xac, 0xe1, 0xb, 0x0, 0x0, 0xc0, 0x80,
    0x70, 0xcc, 0x0, 0x1c, 0xf3, 0x8d, 0x0, 0x0,
    0xc0, 0x80, 0x70, 0xcc, 0x0, 0x0, 0x70, 0xfc,
    0x30, 0x0, 0xc0, 0x80, 0x70, 0xcc, 0x0, 0x0,
    0x3, 0xcd, 0xcc, 0x3, 0xbe, 0x80, 0x70, 0xcc,
    0x0, 0x0, 0x0, 0x34, 0xfd, 0x6f, 0xb8, 0x80,
    0x70, 0xcc, 0x0, 0x0, 0x0, 0x0, 0x94, 0xf3,
    0xcb, 0x80, 0x70, 0xcc, 0x0, 0x0, 0x0, 0x0,
    0xf, 0xe7, 0xff, 0x80, 0x70, 0xcc, 0x0, 0x0,
    0x0, 0x0, 0x0, 0x58, 0xff, 0x80,

    /* U+00D2 "Ò" */
    0x0, 0x0, 0x0, 0x0, 0xa2, 0xe7, 0xa, 0x0,
    0x0, 0x0, 0x0, 0x0, 0x0, 0x0, 0x0, 0x0,
    0xe, 0xd9, 0x80, 0x0, 0x0, 0x0, 0x0, 0x0,
    0x0, 0x0, 0x0, 0x0, 0x0, 0x24, 0xe1, 0x26,
    0x0, 0x0, 0x0, 0x0, 0x0, 0x0, 0x0, 0x0,
    0x0, 0x0, 0x0, 0x0, 0x0, 0x0, 0x0, 0x0,
    0x0, 0x0, 0x0, 0x56, 0xc1, 0xf3, 0xfd, 0xde,
    0x8f, 0x14, 0x0, 0x0, 0x0, 0x0, 0x8c, 0xfc,
    0x92, 0x45, 0x38, 0x60, 0xd2, 0xe1, 0x1c, 0x0,
    0x0, 0x42, 0xff, 0x59, 0x0, 0x0, 0x0, 0x0,
    0xa, 0xd5, 0xb3, 0x0, 0x0, 0xa9, 0xca, 0x0,
    0x0, 0x0, 0x0, 0x0, 0x0, 0x55, 0xff, 0x1d,
    0x0, 0xe5, 0x83, 0x0, 0x0, 0x0, 0x0, 0x0,
    0x0, 0xf, 0xff, 0x58, 0x1, 0xfe, 0x65, 0x0,
    0x0, 0x0, 0x0, 0x0, 0x0, 0x0, 0xf2, 0x72,
    0x1, 0xfe, 0x65, 0x0, 0x0, 0x0, 0x0, 0x0,
    0x0, 0x0, 0xf1, 0x73, 0x0, 0xe5, 0x83, 0x0,
    0x0, 0x0, 0x0, 0x0, 0x0, 0xf, 0xff, 0x59,
    0x0, 0xaa, 0xc7, 0x0, 0x0, 0x0, 0x0, 0x0,
    0x0, 0x52, 0xff, 0x1d, 0x0, 0x43, 0xff, 0x56,
    0x0, 0x0, 0x0, 0x0, 0xb, 0xd2, 0xb2, 0x0,
    0x0, 0x0, 0x90, 0xfb, 0x8c, 0x40, 0x34, 0x5e,
    0xd3, 0xe1, 0x1c, 0x0, 0x0, 0x0, 0x0, 0x5a,
    0xc4, 0xf4, 0xfd, 0xe0, 0x91, 0x15, 0x0, 0x0,

    /* U+00D3 "Ó" */
    0x0, 0x0, 0x0, 0x0, 0x0, 0x0, 0x53, 0xff,
    0x48, 0x0, 0x0, 0x0, 0x0, 0x0, 0x0, 0x0,
    0x0, 0x6, 0xd9, 0x8c, 0x0, 0x0, 0x0, 0x0,
    0x0, 0x0, 0x0, 0x0, 0x0, 0x79, 0xad, 0x3,
    0x0, 0x0, 0x0, 0x0, 0x0, 0x0, 0x0, 0x0,
    0x0, 0x0, 0x0, 0x0, 0x0, 0x0, 0x0, 0x0,
    0x0, 0x0, 0x0, 0x56, 0xc1, 0xf3, 0xfd, 0xde,
    0x8f, 0x14, 0x0, 0x0, 0x0, 0x0, 0x8c, 0xfc,
    0x92, 0x45, 0x38, 0x60, 0xd2, 0xe1, 0x1c, 0x0,
    0x0, 0x42, 0xff, 0x59, 0x0, 0x0, 0x0, 0x0,
    0xa, 0xd5, 0xb3, 0x0, 0x0, 0xa9, 0xca, 0x0,
    0x0, 0x0, 0x0, 0x0, 0x0, 0x55, 0xff, 0x1d,
    0x0, 0xe5, 0x83, 0x0, 0x0, 0x0, 0x0, 0x0,
    0x0, 0xf, 0xff, 0x58, 0x1, 0xfe, 0x65, 0x0,
    0x0, 0x0, 0x0, 0x0, 0x0, 0x0, 0xf2, 0x72,
    0x1, 0xfe, 0x65, 0x0, 0x0, 0x0, 0x0, 0x0,
    0x0, 0x0, 0xf1, 0x73, 0x0, 0xe5, 0x83, 0x0,
    0x0, 0x0, 0x0, 0x0, 0x0, 0xf, 0xff, 0x59,
    0x0, 0xaa, 0xc7, 0x0, 0x0, 0x0, 0x0, 0x0,
    0x0, 0x52, 0xff, 0x1d, 0x0, 0x43, 0xff, 0x56,
    0x0, 0x0, 0x0, 0x0, 0xb, 0xd2, 0xb2, 0x0,
    0x0, 0x0, 0x90, 0xfb, 0x8c, 0x40, 0x34, 0x5e,
    0xd3, 0xe1, 0x1c, 0x0, 0x0, 0x0, 0x0, 0x5a,
    0xc4, 0xf4, 0xfd, 0xe0, 0x91, 0x15, 0x0, 0x0,

    /* U+00D4 "Ô" */
    0x0, 0x0, 0x0, 0x0, 0x0, 0xb1, 0xfe, 0x33,
    0x0, 0x0, 0x0, 0x0, 0x0, 0x0, 0x0, 0x0,
    0x61, 0xe4, 0x97, 0xd5, 0xb, 0x0, 0x0, 0x0,
    0x0, 0x0, 0x0, 0x29, 0xdc, 0x2a, 0x1, 0x95,
    0xa2, 0x0, 0x0, 0x0, 0x0, 0x0, 0x0, 0x0,
    0x0, 0x0, 0x0, 0x0, 0x0, 0x0, 0x0, 0x0,
    0x0, 0x0, 0x0, 0x56, 0xc1, 0xf3, 0xfd, 0xde,
    0x8f, 0x14, 0x0, 0x0, 0x0, 0x0, 0x8c, 0xfc,
    0x92, 0x45, 0x38, 0x60, 0xd2, 0xe1, 0x1c, 0x0,
    0x0, 0x42, 0xff, 0x59, 0x0, 0x0, 0x0, 0x0,
    0xa, 0xd5, 0xb3, 0x0, 0x0, 0xa9, 0xca, 0x0,
    0x0, 0x0, 0x0, 0x0, 0x0, 0x55, 0xff, 0x1d,
    0x0, 0xe5, 0x83, 0x0, 0x0, 0x0, 0x0, 0x0,
    0x0, 0xf, 0xff, 0x58, 0x1, 0xfe, 0x65, 0x0,
    0x0, 0x0, 0x0, 0x0, 0x0, 0x0, 0xf2, 0x72,
    0x1, 0xfe, 0x65, 0x0, 0x0, 0x0, 0x0, 0x0,
    0x0, 0x0, 0xf1, 0x73, 0x0, 0xe5, 0x83, 0x0,
    0x0, 0x0, 0x0, 0x0, 0x0, 0xf, 0xff, 0x59,
    0x0, 0xaa, 0xc7, 0x0, 0x0, 0x0, 0x0, 0x0,
    0x0, 0x52, 0xff, 0x1d, 0x0, 0x43, 0xff, 0x56,
    0x0, 0x0, 0x0, 0x0, 0xb, 0xd2, 0xb2, 0x0,
    0x0, 0x0, 0x90, 0xfb, 0x8c, 0x40, 0x34, 0x5e,
    0xd3, 0xe1, 0x1c, 0x0, 0x0, 0x0, 0x0, 0x5a,
    0xc4, 0xf4, 0xfd, 0xe0, 0x91, 0x15, 0x0, 0x0,

    /* U+00D5 "Õ" */
    0x0, 0x0, 0x0, 0x24, 0xd3, 0xd2, 0x54, 0x6,
    0xc1, 0x7, 0x0, 0x0, 0x0, 0x0, 0x0, 0x98,
    0x60, 0x4e, 0xd6, 0xfa, 0x8a, 0x0, 0x0, 0x0,
    0x0, 0x0, 0x0, 0x17, 0x2, 0x0, 0x2, 0x16,
    0x0, 0x0, 0x0, 0x0, 0x0, 0x0, 0x0, 0x56,
    0xc1, 0xf3, 0xfd, 0xde, 0x8f, 0x14, 0x0, 0x0,
    0x0, 0x0, 0x8c, 0xfc, 0x92, 0x45, 0x38, 0x60,
    0xd2, 0xe1, 0x1c, 0x0, 0x0, 0x42, 0xff, 0x59,
    0x0, 0x0, 0x0, 0x0, 0xa, 0xd5, 0xb3, 0x0,
    0x0, 0xa9, 0xca, 0x0, 0x0, 0x0, 0x0, 0x0,
    0x0, 0x55, 0xff, 0x1d, 0x0, 0xe5, 0x83, 0x0,
    0x0, 0x0, 0x0, 0x0, 0x0, 0xf, 0xff, 0x58,
    0x1, 0xfe, 0x65, 0x0, 0x0, 0x0, 0x0, 0x0,
    0x0, 0x0, 0xf2, 0x72, 0x1, 0xfe, 0x65, 0x0,
    0x0, 0x0, 0x0, 0x0, 0x0, 0x0, 0xf1, 0x73,
    0x0, 0xe5, 0x83, 0x0, 0x0, 0x0, 0x0, 0x0,
    0x0, 0xf, 0xff, 0x59, 0x0, 0xaa, 0xc7, 0x0,
    0x0, 0x0, 0x0, 0x0, 0x0, 0x52, 0xff, 0x1d,
    0x0, 0x43, 0xff, 0x56, 0x0, 0x0, 0x0, 0x0,
    0xb, 0xd2, 0xb2, 0x0, 0x0, 0x0, 0x90, 0xfb,
    0x8c, 0x40, 0x34, 0x5e, 0xd3, 0xe1, 0x1c, 0x0,
    0x0, 0x0, 0x0, 0x5a, 0xc4, 0xf4, 0xfd, 0xe0,
    0x91, 0x15, 0x0, 0x0,

    /* U+00D6 "Ö" */
    0x0, 0x0, 0x0, 0x0, 0xde, 0x56, 0x0, 0xde,
    0x54, 0x0, 0x0, 0x0, 0x0, 0x0, 0x0, 0x0,
    0x6e, 0x24, 0x0, 0x6e, 0x22, 0x0, 0x0, 0x0,
    0x0, 0x0, 0x0, 0x0, 0x0, 0x0, 0x0, 0x0,
    0x0, 0x0, 0x0, 0x0, 0x0, 0x0, 0x0, 0x56,
    0xc1, 0xf3, 0xfd, 0xde, 0x8f, 0x14, 0x0, 0x0,
    0x0, 0x0, 0x8c, 0xfc, 0x92, 0x45, 0x38, 0x60,
    0xd2, 0xe1, 0x1c, 0x0, 0x0, 0x42, 0xff, 0x59,
    0x0, 0x0, 0x0, 0x0, 0xa, 0xd5, 0xb3, 0x0,
    0x0, 0xa9, 0xca, 0x0, 0x0, 0x0, 0x0, 0x0,
    0x0, 0x55, 0xff, 0x1d, 0x0, 0xe5, 0x83, 0x0,
    0x0, 0x0, 0x0, 0x0, 0x0, 0xf, 0xff, 0x58,
    0x1, 0xfe, 0x65, 0x0, 0x0, 0x0, 0x0, 0x0,
    0x0, 0x0, 0xf2, 0x72, 0x1, 0xfe, 0x65, 0x0,
    0x0, 0x0, 0x0, 0x0, 0x0, 0x0, 0xf1, 0x73,
    0x0, 0xe5, 0x83, 0x0, 0x0, 0x0, 0x0, 0x0,
    0x0, 0xf, 0xff, 0x59, 0x0, 0xaa, 0xc7, 0x0,
    0x0, 0x0, 0x0, 0x0, 0x0, 0x52, 0xff, 0x1d,
    0x0, 0x43, 0xff, 0x56, 0x0, 0x0, 0x0, 0x0,
    0xb, 0xd2, 0xb2, 0x0, 0x0, 0x0, 0x90, 0xfb,
    0x8c, 0x40, 0x34, 0x5e, 0xd3, 0xe1, 0x1c, 0x0,
    0x0, 0x0, 0x0, 0x5a, 0xc4, 0xf4, 0xfd, 0xe0,
    0x91, 0x15, 0x0, 0x0,

    /* U+00D7 "×" */
    0x2e, 0x9, 0x0, 0x0, 0x0, 0x2, 0x33, 0x0,
    0xae, 0xb7, 0x6, 0x0, 0x1, 0x96, 0xcd, 0x2,
    0xb, 0xc5, 0xaf, 0x4, 0x8f, 0xd7, 0x17, 0x0,
    0x0, 0xe, 0xc9, 0xd7, 0xdc, 0x1b, 0x0, 0x0,
    0x0, 0x0, 0x89, 0xff, 0xa6, 0x2, 0x0, 0x0,
    0x0, 0x7a, 0xe6, 0x3a, 0xd8, 0x98, 0x1, 0x0,
    0x71, 0xeb, 0x2a, 0x0, 0x1a, 0xdc, 0x90, 0x0,
    0x74, 0x31, 0x0, 0x0, 0x0, 0x1c, 0x86, 0x1,

    /* U+00D8 "Ø" */
    0x0, 0x0, 0x0, 0x0, 0x0, 0x0, 0x0, 0x0,
    0x0, 0x11, 0xe, 0x0, 0x0, 0x0, 0x0, 0x56,
    0xc1, 0xf3, 0xfd, 0xdd, 0x89, 0xb0, 0x90, 0x0,
    0x0, 0x0, 0x8c, 0xfc, 0x92, 0x45, 0x3a, 0x67,
    0xe3, 0xff, 0x29, 0x0, 0x0, 0x42, 0xff, 0x59,
    0x0, 0x0, 0x0, 0x1d, 0xef, 0xe5, 0xad, 0x0,
    0x0, 0xa9, 0xca, 0x0, 0x0, 0x0, 0x2, 0xbd,
    0x92, 0x57, 0xfe, 0x1b, 0x0, 0xe5, 0x83, 0x0,
    0x0, 0x0, 0x72, 0xd7, 0x9, 0x11, 0xff, 0x58,
    0x1, 0xfe, 0x65, 0x0, 0x0, 0x2d, 0xf4, 0x33,
    0x0, 0x0, 0xf2, 0x73, 0x1, 0xfe, 0x66, 0x0,
    0x7, 0xd2, 0x7e, 0x0, 0x0, 0x0, 0xf1, 0x73,
    0x0, 0xe5, 0x83, 0x0, 0x8c, 0xc6, 0x4, 0x0,
    0x0, 0xf, 0xff, 0x59, 0x0, 0xab, 0xcb, 0x41,
    0xf2, 0x25, 0x0, 0x0, 0x0, 0x52, 0xff, 0x1d,
    0x0, 0x42, 0xff, 0xf1, 0x66, 0x0, 0x0, 0x0,
    0xb, 0xd2, 0xb3, 0x0, 0x0, 0x0, 0xcc, 0xff,
    0x92, 0x44, 0x34, 0x5e, 0xd3, 0xe1, 0x1c, 0x0,
    0x0, 0x3d, 0xec, 0x62, 0xc2, 0xf4, 0xfd, 0xe0,
    0x91, 0x15, 0x0, 0x0, 0x0, 0x0, 0x20, 0x0,
    0x0, 0x0, 0x0, 0x0, 0x0, 0x0, 0x0, 0x0,

    /* U+00D9 "Ù" */
    0x0, 0x0, 0x17, 0xf0, 0x8f, 0x0, 0x0, 0x0,
    0x0, 0x0, 0x0, 0x0, 0x0, 0x51, 0xf7, 0x22,
    0x0, 0x0, 0x0, 0x0, 0x0, 0x0, 0x0, 0x0,
    0x71, 0xb7, 0x0, 0x0, 0x0, 0x0, 0x0, 0x0,
    0x0, 0x0, 0x0, 0x0, 0x0, 0x0, 0x0, 0x0,
    0x8c, 0xc8, 0x0, 0x0, 0x0, 0x0, 0x0, 0x1c,
    0xff, 0x34, 0x8c, 0xc8, 0x0, 0x0, 0x0, 0x0,
    0x0, 0x1c, 0xff, 0x34, 0x8c, 0xc8, 0x0, 0x0,
    0x0, 0x0, 0x0, 0x1c, 0xff, 0x34, 0x8c, 0xc8,
    0x0, 0x0, 0x0, 0x0, 0x0, 0x1c, 0xff, 0x34,
    0x8c, 0xc8, 0x0, 0x0, 0x0, 0x0, 0x0, 0x1c,
    0xff, 0x34, 0x8c, 0xc8, 0x0, 0x0, 0x0, 0x0,
    0x0, 0x1c, 0xff, 0x34, 0x8c, 0xc8, 0x0, 0x0,
    0x0, 0x0, 0x0, 0x1c, 0xff, 0x34, 0x8c, 0xc9,
    0x0, 0x0, 0x0, 0x0, 0x0, 0x1d, 0xff, 0x33,
    0x7b, 0xde, 0x0, 0x0, 0x0, 0x0, 0x0, 0x32,
    0xff, 0x23, 0x3a, 0xff, 0x3a, 0x0, 0x0, 0x0,
    0x0, 0x8e, 0xdf, 0x1, 0x0, 0xaf, 0xeb, 0x6c,
    0x36, 0x3f, 0x92, 0xfd, 0x53, 0x0, 0x0, 0x7,
    0x81, 0xdc, 0xfd, 0xf3, 0xc0, 0x45, 0x0, 0x0,

    /* U+00DA "Ú" */
    0x0, 0x0, 0x0, 0x0, 0x0, 0xb7, 0xdc, 0x8,
    0x0, 0x0, 0x0, 0x0, 0x0, 0x0, 0x44, 0xf6,
    0x31, 0x0, 0x0, 0x0, 0x0, 0x0, 0x0, 0x4,
    0xd5, 0x51, 0x0, 0x0, 0x0, 0x0, 0x0, 0x0,
    0x0, 0x0, 0x0, 0x0, 0x0, 0x0, 0x0, 0x0,
    0x8c, 0xc8, 0x0, 0x0, 0x0, 0x0, 0x0, 0x1c,
    0xff, 0x34, 0x8c, 0xc8, 0x0, 0x0, 0x0, 0x0,
    0x0, 0x1c, 0xff, 0x34, 0x8c, 0xc8, 0x0, 0x0,
    0x0, 0x0, 0x0, 0x1c, 0xff, 0x34, 0x8c, 0xc8,
    0x0, 0x0, 0x0, 0x0, 0x0, 0x1c, 0xff, 0x34,
    0x8c, 0xc8, 0x0, 0x0, 0x0, 0x0, 0x0, 0x1c,
    0xff, 0x34, 0x8c, 0xc8, 0x0, 0x0, 0x0, 0x0,
    0x0, 0x1c, 0xff, 0x34, 0x8c, 0xc8, 0x0, 0x0,
    0x0, 0x0, 0x0, 0x1c, 0xff, 0x34, 0x8c, 0xc9,
    0x0, 0x0, 0x0, 0x0, 0x0, 0x1d, 0xff, 0x33,
    0x7b, 0xde, 0x0, 0x0, 0x0, 0x0, 0x0, 0x32,
    0xff, 0x23, 0x3a, 0xff, 0x3a, 0x0, 0x0, 0x0,
    0x0, 0x8e, 0xdf, 0x1, 0x0, 0xaf, 0xeb, 0x6c,
    0x36, 0x3f, 0x92, 0xfd, 0x53, 0x0, 0x0, 0x7,
    0x81, 0xdc, 0xfd, 0xf3, 0xc0, 0x45, 0x0, 0x0,

    /* U+00DB "Û" */
    0x0, 0x0, 0x0, 0x1f, 0xf6, 0xcb, 0x2, 0x0,
    0x0, 0x0, 0x0, 0x0, 0x3, 0xc1, 0xa3, 0xd8,
    0x7c, 0x0, 0x0, 0x0, 0x0, 0x0, 0x81, 0xaa,
    0x4, 0x1e, 0xd8, 0x41, 0x0, 0x0, 0x0, 0x0,
    0x0, 0x0, 0x0, 0x0, 0x0, 0x0, 0x0, 0x0,
    0x8c, 0xc8, 0x0, 0x0, 0x0, 0x0, 0x0, 0x1c,
    0xff, 0x34, 0x8c, 0xc8, 0x0, 0x0, 0x0, 0x0,
    0x0, 0x1c, 0xff, 0x34, 0x8c, 0xc8, 0x0, 0x0,
    0x0, 0x0, 0x0, 0x1c, 0xff, 0x34, 0x8c, 0xc8,
    0x0, 0x0, 0x0, 0x0, 0x0, 0x1c, 0xff, 0x34,
    0x8c, 0xc8, 0x0, 0x0, 0x0, 0x0, 0x0, 0x1c,
    0xff, 0x34, 0x8c, 0xc8, 0x0, 0x0, 0x0, 0x0,
    0x0, 0x1c, 0xff, 0x34, 0x8c, 0xc8, 0x0, 0x0,
    0x0, 0x0, 0x0, 0x1c, 0xff, 0x34, 0x8c, 0xc9,
    0x0, 0x0, 0x0, 0x0, 0x0, 0x1d, 0xff, 0x33,
    0x7b, 0xde, 0x0, 0x0, 0x0, 0x0, 0x0, 0x32,
    0xff, 0x23, 0x3a, 0xff, 0x3a, 0x0, 0x0, 0x0,
    0x0, 0x8e, 0xdf, 0x1, 0x0, 0xaf, 0xeb, 0x6c,
    0x36, 0x3f, 0x92, 0xfd, 0x53, 0x0, 0x0, 0x7,
    0x81, 0xdc, 0xfd, 0xf3, 0xc0, 0x45, 0x0, 0x0,

    /* U+00DC "Ü" */
    0x0, 0x0, 0x43, 0xe9, 0x6, 0x43, 0xe9, 0x4,
    0x0, 0x0, 0x0, 0x0, 0x1a, 0x78, 0x1, 0x1a,
    0x76, 0x0, 0x0, 0x0, 0x0, 0x0, 0x0, 0x0,
    0x0, 0x0, 0x0, 0x0, 0x0, 0x0, 0x8c, 0xc8,
    0x0, 0x0, 0x0, 0x0, 0x0, 0x1c, 0xff, 0x34,
    0x8c, 0xc8, 0x0, 0x0, 0x0, 0x0, 0x0, 0x1c,
    0xff, 0x34, 0x8c, 0xc8, 0x0, 0x0, 0x0, 0x0,
    0x0, 0x1c, 0xff, 0x34, 0x8c, 0xc8, 0x0, 0x0,
    0x0, 0x0, 0x0, 0x1c, 0xff, 0x34, 0x8c, 0xc8,
    0x0, 0x0, 0x0, 0x0, 0x0, 0x1c, 0xff, 0x34,
    0x8c, 0xc8, 0x0, 0x0, 0x0, 0x0, 0x0, 0x1c,
    0xff, 0x34, 0x8c, 0xc8, 0x0, 0x0, 0x0, 0x0,
    0x0, 0x1c, 0xff, 0x34, 0x8c, 0xc9, 0x0, 0x0,
    0x0, 0x0, 0x0, 0x1d, 0xff, 0x33, 0x7b, 0xde,
    0x0, 0x0, 0x0, 0x0, 0x0, 0x32, 0xff, 0x23,
    0x3a, 0xff, 0x3a, 0x0, 0x0, 0x0, 0x0, 0x8e,
    0xdf, 0x1, 0x0, 0xaf, 0xeb, 0x6c, 0x36, 0x3f,
    0x92, 0xfd, 0x53, 0x0, 0x0, 0x7, 0x81, 0xdc,
    0xfd, 0xf3, 0xc0, 0x45, 0x0, 0x0,

    /* U+00DD "Ý" */
    0x0, 0x0, 0x0, 0x0, 0x3, 0x7a, 0x54, 0x0,
    0x0, 0x0, 0x0, 0x0, 0x0, 0x74, 0xe5, 0x21,
    0x0, 0x0, 0x0, 0x0, 0x0, 0x31, 0xd9, 0x25,
    0x0, 0x0, 0x0, 0x0, 0x0, 0x0, 0x0, 0x0,
    0x0, 0x0, 0x0, 0x0, 0xbe, 0xb6, 0x0, 0x0,
    0x0, 0x0, 0x0, 0xbe, 0xb1, 0x3b, 0xff, 0x38,
    0x0, 0x0, 0x0, 0x40, 0xfe, 0x2f, 0x0, 0xb8,
    0xbc, 0x0, 0x0, 0x0, 0xc4, 0xa7, 0x0, 0x0,
    0x33, 0xff, 0x3f, 0x0, 0x46, 0xfc, 0x27, 0x0,
    0x0, 0x0, 0xb0, 0xc1, 0x0, 0xc9, 0x9e, 0x0,
    0x0, 0x0, 0x0, 0x2d, 0xfe, 0x90, 0xfa, 0x1f,
    0x0, 0x0, 0x0, 0x0, 0x0, 0xa7, 0xff, 0x95,
    0x0, 0x0, 0x0, 0x0, 0x0, 0x0, 0x3b, 0xff,
    0x2c, 0x0, 0x0, 0x0, 0x0, 0x0, 0x0, 0x30,
    0xff, 0x24, 0x0, 0x0, 0x0, 0x0, 0x0, 0x0,
    0x30, 0xff, 0x24, 0x0, 0x0, 0x0, 0x0, 0x0,
    0x0, 0x30, 0xff, 0x24, 0x0, 0x0, 0x0, 0x0,
    0x0, 0x0, 0x30, 0xff, 0x24, 0x0, 0x0, 0x0,

    /* U+00DE "Þ" */
    0x70, 0xe4, 0x0, 0x0, 0x0, 0x0, 0x0, 0x0,
    0x70, 0xe4, 0x0, 0x0, 0x0, 0x0, 0x0, 0x0,
    0x70, 0xff, 0xfc, 0xfb, 0xee, 0xbe, 0x4c, 0x0,
    0x70, 0xe9, 0x2c, 0x2e, 0x46, 0xa5, 0xfe, 0x46,
    0x70, 0xe4, 0x0, 0x0, 0x0, 0x0, 0xc4, 0xb1,
    0x70, 0xe4, 0x0, 0x0, 0x0, 0x0, 0x94, 0xcb,
    0x70, 0xe4, 0x0, 0x0, 0x0, 0x0, 0xba, 0xac,
    0x70, 0xe4, 0x0, 0x1, 0x1d, 0x81, 0xfd, 0x42,
    0x70, 0xff, 0xfc, 0xfe, 0xff, 0xd7, 0x51, 0x0,
    0x70, 0xe9, 0x2c, 0x2a, 0x14, 0x0, 0x0, 0x0,
    0x70, 0xe4, 0x0, 0x0, 0x0, 0x0, 0x0, 0x0,
    0x70, 0xe4, 0x0, 0x0, 0x0, 0x0, 0x0, 0x0,

    /* U+00DF "ß" */
    0x0, 0x69, 0xd6, 0xfb, 0xf6, 0xc4, 0x42, 0x0,
    0x0, 0x50, 0xfd, 0x74, 0x28, 0x30, 0x9d, 0xf6,
    0x13, 0x0, 0x98, 0xba, 0x0, 0x0, 0x0, 0x27,
    0xff, 0x28, 0x0, 0xa0, 0xac, 0x0, 0x0, 0xc,
    0xb3, 0xb9, 0x1, 0x0, 0xa0, 0xac, 0x0, 0xa,
    0xd0, 0xa1, 0x7, 0x0, 0x0, 0xa0, 0xac, 0x0,
    0x40, 0xfe, 0xb, 0x0, 0x0, 0x0, 0xa0, 0xac,
    0x0, 0xf, 0xe0, 0xba, 0x1b, 0x0, 0x0, 0xa0,
    0xac, 0x0, 0x0, 0x18, 0xb4, 0xed, 0x44, 0x0,
    0xa0, 0xac, 0x0, 0x0, 0x0, 0x0, 0x7f, 0xf1,
    0xf, 0xa0, 0xac, 0x0, 0x0, 0x0, 0x0, 0xf,
    0xff, 0x38, 0xa0, 0xac, 0x3, 0x7b, 0x2c, 0x19,
    0x7a, 0xf9, 0x14, 0xa0, 0xac, 0x2, 0xb2, 0xf2,
    0xfd, 0xd6, 0x4e, 0x0,

    /* U+00E0 "à" */
    0x0, 0x0, 0x4c, 0xf8, 0x42, 0x0, 0x0, 0x0,
    0x0, 0x0, 0x0, 0x45, 0xda, 0x24, 0x0, 0x0,
    0x0, 0x0, 0x0, 0x0, 0x13, 0x15, 0x0, 0x0,
    0x0, 0x1a, 0x9d, 0xe3, 0xfc, 0xe8, 0x83, 0x1,
    0x0, 0x13, 0x9b, 0x3b, 0x1a, 0x5e, 0xfe, 0x56,
    0x0, 0x0, 0x0, 0x0, 0x0, 0x0, 0xc5, 0x90,
    0x0, 0x0, 0x0, 0x0, 0x0, 0x0, 0xad, 0x98,
    0x0, 0x28, 0xa5, 0xdf, 0xf2, 0xf0, 0xfb, 0x98,
    0xe, 0xec, 0xaa, 0x21, 0x1, 0x0, 0xb1, 0x98,
    0x3f, 0xff, 0x23, 0x0, 0x0, 0x0, 0xd1, 0x98,
    0x1d, 0xfd, 0x67, 0x0, 0xb, 0x80, 0xf2, 0x98,
    0x0, 0x5d, 0xe0, 0xf0, 0xde, 0x75, 0x77, 0x98,

    /* U+00E1 "á" */
    0x0, 0x0, 0x0, 0x0, 0x39, 0xf9, 0x5c, 0x0,
    0x0, 0x0, 0x0, 0x1d, 0xd9, 0x4f, 0x0, 0x0,
    0x0, 0x0, 0x0, 0x12, 0x15, 0x0, 0x0, 0x0,
    0x0, 0x1a, 0x9d, 0xe3, 0xfc, 0xe8, 0x83, 0x1,
    0x0, 0x13, 0x9b, 0x3b, 0x1a, 0x5e, 0xfe, 0x56,
    0x0, 0x0, 0x0, 0x0, 0x0, 0x0, 0xc5, 0x90,
    0x0, 0x0, 0x0, 0x0, 0x0, 0x0, 0xad, 0x98,
    0x0, 0x28, 0xa5, 0xdf, 0xf2, 0xf0, 0xfb, 0x98,
    0xe, 0xec, 0xaa, 0x21, 0x1, 0x0, 0xb1, 0x98,
    0x3f, 0xff, 0x23, 0x0, 0x0, 0x0, 0xd1, 0x98,
    0x1d, 0xfd, 0x67, 0x0, 0xb, 0x80, 0xf2, 0x98,
    0x0, 0x5d, 0xe0, 0xf0, 0xde, 0x75, 0x77, 0x98,

    /* U+00E2 "â" */
    0x0, 0x0, 0x1, 0x9c, 0xfc, 0x88, 0x0, 0x0,
    0x0, 0x2, 0x96, 0xa6, 0x1d, 0xb6, 0x84, 0x1,
    0x0, 0x6, 0x23, 0x0, 0x0, 0x0, 0x25, 0x4,
    0x0, 0x1a, 0x9d, 0xe3, 0xfc, 0xe8, 0x83, 0x1,
    0x0, 0x13, 0x9b, 0x3b, 0x1a, 0x5e, 0xfe, 0x56,
    0x0, 0x0, 0x0, 0x0, 0x0, 0x0, 0xc5, 0x90,
    0x0, 0x0, 0x0, 0x0, 0x0, 0x0, 0xad, 0x98,
    0x0, 0x28, 0xa5, 0xdf, 0xf2, 0xf0, 0xfb, 0x98,
    0xe, 0xec, 0xaa, 0x21, 0x1, 0x0, 0xb1, 0x98,
    0x3f, 0xff, 0x23, 0x0, 0x0, 0x0, 0xd1, 0x98,
    0x1d, 0xfd, 0x67, 0x0, 0xb, 0x80, 0xf2, 0x98,
    0x0, 0x5d, 0xe0, 0xf0, 0xde, 0x75, 0x77, 0x98,

    /* U+00E3 "ã" */
    0x0, 0xb, 0xc6, 0xf0, 0x7b, 0x6, 0xa5, 0x34,
    0x0, 0x62, 0x8c, 0x30, 0xb8, 0xfa, 0xbf, 0x1,
    0x0, 0x10, 0x9, 0x0, 0x0, 0x17, 0x2, 0x0,
    0x0, 0x1a, 0x9d, 0xe3, 0xfc, 0xe8, 0x83, 0x1,
    0x0, 0x13, 0x9b, 0x3b, 0x1a, 0x5e, 0xfe, 0x56,
    0x0, 0x0, 0x0, 0x0, 0x0, 0x0, 0xc5, 0x90,
    0x0, 0x0, 0x0, 0x0, 0x0, 0x0, 0xad, 0x98,
    0x0, 0x28, 0xa5, 0xdf, 0xf2, 0xf0, 0xfb, 0x98,
    0xe, 0xec, 0xaa, 0x21, 0x1, 0x0, 0xb1, 0x98,
    0x3f, 0xff, 0x23, 0x0, 0x0, 0x0, 0xd1, 0x98,
    0x1d, 0xfd, 0x67, 0x0, 0xb, 0x80, 0xf2, 0x98,
    0x0, 0x5d, 0xe0, 0xf0, 0xde, 0x75, 0x77, 0x98,

    /* U+00E4 "ä" */
    0x0, 0x0, 0xa6, 0x8b, 0x0, 0xa6, 0x89, 0x0,
    0x0, 0x0, 0x52, 0x42, 0x0, 0x52, 0x42, 0x0,
    0x0, 0x0, 0x0, 0x0, 0x0, 0x0, 0x0, 0x0,
    0x0, 0x1a, 0x9d, 0xe3, 0xfc, 0xe8, 0x83, 0x1,
    0x0, 0x13, 0x9b, 0x3b, 0x1a, 0x5e, 0xfe, 0x56,
    0x0, 0x0, 0x0, 0x0, 0x0, 0x0, 0xc5, 0x90,
    0x0, 0x0, 0x0, 0x0, 0x0, 0x0, 0xad, 0x98,
    0x0, 0x28, 0xa5, 0xdf, 0xf2, 0xf0, 0xfb, 0x98,
    0xe, 0xec, 0xaa, 0x21, 0x1, 0x0, 0xb1, 0x98,
    0x3f, 0xff, 0x23, 0x0, 0x0, 0x0, 0xd1, 0x98,
    0x1d, 0xfd, 0x67, 0x0, 0xb, 0x80, 0xf2, 0x98,
    0x0, 0x5d, 0xe0, 0xf0, 0xde, 0x75, 0x77, 0x98,

    /* U+00E5 "å" */
    0x0, 0x0, 0x1, 0x8f, 0xc6, 0x7c, 0x0, 0x0,
    0x0, 0x0, 0x37, 0xa5, 0x1, 0xbe, 0x21, 0x0,
    0x0, 0x0, 0x36, 0xa5, 0x1, 0xbe, 0x20, 0x0,
    0x0, 0x0, 0x1, 0x95, 0xcc, 0x82, 0x0, 0x0,
    0x0, 0x0, 0x0, 0x0, 0x0, 0x0, 0x0, 0x0,
    0x0, 0x1a, 0x9d, 0xe3, 0xfc, 0xe8, 0x83, 0x1,
    0x0, 0x13, 0x9b, 0x3b, 0x1a, 0x5e, 0xfe, 0x56,
    0x0, 0x0, 0x0, 0x0, 0x0, 0x0, 0xc5, 0x90,
    0x0, 0x0, 0x0, 0x0, 0x0, 0x0, 0xad, 0x98,
    0x0, 0x28, 0xa5, 0xdf, 0xf2, 0xf0, 0xfb, 0x98,
    0xe, 0xec, 0xaa, 0x21, 0x1, 0x0, 0xb1, 0x98,
    0x3f, 0xff, 0x23, 0x0, 0x0, 0x0, 0xd1, 0x98,
    0x1d, 0xfd, 0x67, 0x0, 0xb, 0x80, 0xf2, 0x98,
    0x0, 0x5d, 0xe0, 0xf0, 0xde, 0x75, 0x77, 0x98,

    /* U+00E6 "æ" */
    0x0, 0x30, 0xae, 0xeb, 0xfc, 0xd5, 0x40, 0x2a,
    0xc3, 0xfb, 0xe1, 0x64, 0x0, 0x0, 0x3d, 0x8a,
    0x32, 0x22, 0x93, 0xe7, 0xe3, 0x85, 0x20, 0x58,
    0xfa, 0x4d, 0x0, 0x0, 0x0, 0x0, 0x0, 0x7,
    0xf8, 0xcb, 0x0, 0x0, 0x0, 0xa1, 0xbd, 0x0,
    0x0, 0x0, 0x0, 0x0, 0x0, 0xe5, 0x89, 0x0,
    0x0, 0x0, 0x70, 0xee, 0x0, 0x22, 0x9c, 0xd7,
    0xea, 0xec, 0xfe, 0xf5, 0xec, 0xec, 0xec, 0xf4,
    0xf8, 0xd, 0xe8, 0xb5, 0x3e, 0x20, 0x1c, 0xee,
    0x89, 0x1c, 0x1c, 0x1c, 0x1c, 0x1b, 0x3f, 0xff,
    0x23, 0x0, 0x0, 0x12, 0xfc, 0xb7, 0x0, 0x0,
    0x0, 0x0, 0x0, 0x1f, 0xfd, 0x8b, 0x29, 0x45,
    0xc6, 0x94, 0xf4, 0x8e, 0x31, 0x2b, 0x51, 0x53,
    0x0, 0x60, 0xe0, 0xfc, 0xdf, 0x70, 0x0, 0x36,
    0xc0, 0xf8, 0xf9, 0xd1, 0x55,

    /* U+00E7 "ç" */
    0x0, 0x0, 0x47, 0xc5, 0xf9, 0xf5, 0xc3, 0x8,
    0x0, 0x46, 0xfc, 0x8a, 0x36, 0x3c, 0x64, 0x0,
    0x0, 0xca, 0xa4, 0x0, 0x0, 0x0, 0x0, 0x0,
    0x9, 0xfe, 0x53, 0x0, 0x0, 0x0, 0x0, 0x0,
    0x1a, 0xff, 0x3e, 0x0, 0x0, 0x0, 0x0, 0x0,
    0xb, 0xff, 0x52, 0x0, 0x0, 0x0, 0x0, 0x0,
    0x0, 0xd2, 0x9f, 0x0, 0x0, 0x0, 0x0, 0x0,
    0x0, 0x53, 0xfe, 0x81, 0x30, 0x36, 0x73, 0x3,
    0x0, 0x0, 0x54, 0xcf, 0xff, 0xf5, 0xbd, 0x2,
    0x0, 0x0, 0x0, 0x1a, 0xd6, 0x4, 0x0, 0x0,
    0x0, 0x0, 0x0, 0x28, 0xa1, 0xca, 0x2, 0x0,
    0x0, 0x0, 0x0, 0x0, 0x10, 0xfd, 0xa, 0x0,
    0x0, 0x0, 0xa, 0xda, 0xde, 0x77, 0x0, 0x0,

    /* U+00E8 "è" */
    0x0, 0x0, 0x37, 0xf2, 0x5c, 0x0, 0x0, 0x0,
    0x0, 0x0, 0x0, 0x0, 0x34, 0xdc, 0x34, 0x0,
    0x0, 0x0, 0x0, 0x0, 0x0, 0x0, 0x10, 0x1c,
    0x0, 0x0, 0x0, 0x0, 0x0, 0x4e, 0xd0, 0xfc,
    0xe5, 0x78, 0x1, 0x0, 0x0, 0x44, 0xfb, 0x76,
    0x1f, 0x4a, 0xee, 0x72, 0x0, 0x0, 0xc5, 0xa5,
    0x0, 0x0, 0x0, 0x79, 0xe7, 0x1, 0x9, 0xfe,
    0x5a, 0x0, 0x0, 0x0, 0x41, 0xff, 0x1b, 0x1a,
    0xff, 0xf4, 0xf0, 0xf0, 0xf0, 0xf3, 0xff, 0x28,
    0xa, 0xff, 0x5f, 0x20, 0x20, 0x20, 0x20, 0x20,
    0x5, 0x0, 0xcb, 0x8d, 0x0, 0x0, 0x0, 0x0,
    0x0, 0x0, 0x0, 0x46, 0xfa, 0x81, 0x32, 0x2a,
    0x4b, 0x68, 0x0, 0x0, 0x0, 0x44, 0xc3, 0xf8,
    0xfa, 0xda, 0x74, 0x0,

    /* U+00E9 "é" */
    0x0, 0x0, 0x0, 0x0, 0x24, 0xf3, 0x75, 0x0,
    0x0, 0x0, 0x0, 0x0, 0xf, 0xcf, 0x67, 0x0,
    0x0, 0x0, 0x0, 0x0, 0x0, 0xf, 0x1c, 0x0,
    0x0, 0x0, 0x0, 0x0, 0x0, 0x4e, 0xd0, 0xfc,
    0xe5, 0x78, 0x1, 0x0, 0x0, 0x44, 0xfb, 0x76,
    0x1f, 0x4a, 0xee, 0x72, 0x0, 0x0, 0xc5, 0xa5,
    0x0, 0x0, 0x0, 0x79, 0xe7, 0x1, 0x9, 0xfe,
    0x5a, 0x0, 0x0, 0x0, 0x41, 0xff, 0x1b, 0x1a,
    0xff, 0xf4, 0xf0, 0xf0, 0xf0, 0xf3, 0xff, 0x28,
    0xa, 0xff, 0x5f, 0x20, 0x20, 0x20, 0x20, 0x20,
    0x5, 0x0, 0xcb, 0x8d, 0x0, 0x0, 0x0, 0x0,
    0x0, 0x0, 0x0, 0x46, 0xfa, 0x81, 0x32, 0x2a,
    0x4b, 0x68, 0x0, 0x0, 0x0, 0x44, 0xc3, 0xf8,
    0xfa, 0xda, 0x74, 0x0,

    /* U+00EA "ê" */
    0x0, 0x0, 0x0, 0x82, 0xfc, 0xa2, 0x1, 0x0,
    0x0, 0x0, 0x0, 0x7c, 0xba, 0x1c, 0xa3, 0x9d,
    0x4, 0x0, 0x0, 0x2, 0x26, 0x1, 0x0, 0x0,
    0x22, 0x9, 0x0, 0x0, 0x0, 0x4e, 0xd0, 0xfc,
    0xe5, 0x78, 0x1, 0x0, 0x0, 0x44, 0xfb, 0x76,
    0x1f, 0x4a, 0xee, 0x72, 0x0, 0x0, 0xc5, 0xa5,
    0x0, 0x0, 0x0, 0x79, 0xe7, 0x1, 0x9, 0xfe,
    0x5a, 0x0, 0x0, 0x0, 0x41, 0xff, 0x1b, 0x1a,
    0xff, 0xf4, 0xf0, 0xf0, 0xf0, 0xf3, 0xff, 0x28,
    0xa, 0xff, 0x5f, 0x20, 0x20, 0x20, 0x20, 0x20,
    0x5, 0x0, 0xcb, 0x8d, 0x0, 0x0, 0x0, 0x0,
    0x0, 0x0, 0x0, 0x46, 0xfa, 0x81, 0x32, 0x2a,
    0x4b, 0x68, 0x0, 0x0, 0x0, 0x44, 0xc3, 0xf8,
    0xfa, 0xda, 0x74, 0x0,

    /* U+00EB "ë" */
    0x0, 0x0, 0x8b, 0xa6, 0x0, 0x8b, 0xa5, 0x0,
    0x0, 0x0, 0x0, 0x42, 0x51, 0x0, 0x42, 0x51,
    0x0, 0x0, 0x0, 0x0, 0x0, 0x0, 0x0, 0x0,
    0x0, 0x0, 0x0, 0x0, 0x0, 0x4e, 0xd0, 0xfc,
    0xe5, 0x78, 0x1, 0x0, 0x0, 0x44, 0xfb, 0x76,
    0x1f, 0x4a, 0xee, 0x72, 0x0, 0x0, 0xc5, 0xa5,
    0x0, 0x0, 0x0, 0x79, 0xe7, 0x1, 0x9, 0xfe,
    0x5a, 0x0, 0x0, 0x0, 0x41, 0xff, 0x1b, 0x1a,
    0xff, 0xf4, 0xf0, 0xf0, 0xf0, 0xf3, 0xff, 0x28,
    0xa, 0xff, 0x5f, 0x20, 0x20, 0x20, 0x20, 0x20,
    0x5, 0x0, 0xcb, 0x8d, 0x0, 0x0, 0x0, 0x0,
    0x0, 0x0, 0x0, 0x46, 0xfa, 0x81, 0x32, 0x2a,
    0x4b, 0x68, 0x0, 0x0, 0x0, 0x44, 0xc3, 0xf8,
    0xfa, 0xda, 0x74, 0x0,

    /* U+00EC "ì" */
    0x3, 0xac, 0xcf, 0x9, 0x0, 0x0, 0x3, 0x8e,
    0xae, 0x4, 0x0, 0x0, 0x0, 0x11, 0x2, 0x0,
    0x0, 0xa0, 0xac, 0x0, 0x0, 0x0, 0xa0, 0xac,
    0x0, 0x0, 0x0, 0xa0, 0xac, 0x0, 0x0, 0x0,
    0xa0, 0xac, 0x0, 0x0, 0x0, 0xa0, 0xac, 0x0,
    0x0, 0x0, 0xa0, 0xac, 0x0, 0x0, 0x0, 0xa0,
    0xac, 0x0, 0x0, 0x0, 0xa0, 0xac, 0x0, 0x0,
    0x0, 0xa0, 0xac, 0x0,

    /* U+00ED "í" */
    0x0, 0xa5, 0xd2, 0x13, 0x7c, 0xb5, 0x10, 0x0,
    0x12, 0x1, 0x0, 0x0, 0xa0, 0xac, 0x0, 0x0,
    0xa0, 0xac, 0x0, 0x0, 0xa0, 0xac, 0x0, 0x0,
    0xa0, 0xac, 0x0, 0x0, 0xa0, 0xac, 0x0, 0x0,
    0xa0, 0xac, 0x0, 0x0, 0xa0, 0xac, 0x0, 0x0,
    0xa0, 0xac, 0x0, 0x0, 0xa0, 0xac, 0x0, 0x0,

    /* U+00EE "î" */
    0x0, 0x26, 0xe7, 0xec, 0x30, 0x0, 0x30, 0xd1,
    0x48, 0x41, 0xd1, 0x3c, 0xc, 0x8, 0x0, 0x0,
    0x6, 0xd, 0x0, 0x0, 0xa0, 0xac, 0x0, 0x0,
    0x0, 0x0, 0xa0, 0xac, 0x0, 0x0, 0x0, 0x0,
    0xa0, 0xac, 0x0, 0x0, 0x0, 0x0, 0xa0, 0xac,
    0x0, 0x0, 0x0, 0x0, 0xa0, 0xac, 0x0, 0x0,
    0x0, 0x0, 0xa0, 0xac, 0x0, 0x0, 0x0, 0x0,
    0xa0, 0xac, 0x0, 0x0, 0x0, 0x0, 0xa0, 0xac,
    0x0, 0x0, 0x0, 0x0, 0xa0, 0xac, 0x0, 0x0,

    /* U+00EF "ï" */
    0x1f, 0xf0, 0x25, 0x1c, 0xef, 0x21, 0xa, 0x7e,
    0xd, 0x9, 0x7f, 0xb, 0x0, 0x0, 0x0, 0x0,
    0x0, 0x0, 0x0, 0x0, 0xa0, 0xac, 0x0, 0x0,
    0x0, 0x0, 0xa0, 0xac, 0x0, 0x0, 0x0, 0x0,
    0xa0, 0xac, 0x0, 0x0, 0x0, 0x0, 0xa0, 0xac,
    0x0, 0x0, 0x0, 0x0, 0xa0, 0xac, 0x0, 0x0,
    0x0, 0x0, 0xa0, 0xac, 0x0, 0x0, 0x0, 0x0,
    0xa0, 0xac, 0x0, 0x0, 0x0, 0x0, 0xa0, 0xac,
    0x0, 0x0, 0x0, 0x0, 0xa0, 0xac, 0x0, 0x0,

    /* U+00F0 "ð" */
    0x0, 0x0, 0x0, 0x88, 0x36, 0x0, 0x3a, 0x53,
    0x0, 0x0, 0x0, 0x3, 0x7c, 0xf5, 0xbd, 0xe2,
    0x51, 0x0, 0x0, 0x0, 0x4, 0x6e, 0xed, 0xec,
    0x9d, 0x0, 0x0, 0x0, 0x0, 0x2e, 0xb7, 0x28,
    0x26, 0xf2, 0x5c, 0x0, 0x0, 0x0, 0x0, 0x0,
    0x0, 0x0, 0x65, 0xe2, 0x5, 0x0, 0x0, 0x5b,
    0xcd, 0xf0, 0xdc, 0x84, 0xef, 0x49, 0x0, 0x63,
    0xf7, 0x6c, 0x2b, 0x3a, 0xab, 0xff, 0x8c, 0x0,
    0xe1, 0x7e, 0x0, 0x0, 0x0, 0x3, 0xd8, 0xae,
    0x14, 0xff, 0x3e, 0x0, 0x0, 0x0, 0x0, 0x9d,
    0xb6, 0x14, 0xff, 0x3c, 0x0, 0x0, 0x0, 0x0,
    0xaa, 0x9f, 0x0, 0xe0, 0x7e, 0x0, 0x0, 0x0,
    0x7, 0xe8, 0x63, 0x0, 0x5b, 0xf7, 0x65, 0x1f,
    0x30, 0xad, 0xd9, 0x9, 0x0, 0x0, 0x56, 0xcf,
    0xfc, 0xf0, 0xa6, 0x1b, 0x0,

    /* U+00F1 "ñ" */
    0x0, 0x5f, 0xf3, 0xc2, 0x2f, 0x28, 0xb2, 0x0,
    0x0, 0xd3, 0x28, 0x6c, 0xee, 0xf3, 0x43, 0x0,
    0x0, 0x18, 0x0, 0x0, 0x9, 0x10, 0x0, 0x0,
    0xa0, 0x7c, 0x69, 0xdd, 0xfc, 0xdc, 0x62, 0x0,
    0xa0, 0xe2, 0xb6, 0x38, 0x29, 0x86, 0xff, 0x31,
    0xa0, 0xf2, 0xc, 0x0, 0x0, 0x0, 0xe0, 0x75,
    0xa0, 0xbe, 0x0, 0x0, 0x0, 0x0, 0xc5, 0x84,
    0xa0, 0xad, 0x0, 0x0, 0x0, 0x0, 0xc4, 0x84,
    0xa0, 0xac, 0x0, 0x0, 0x0, 0x0, 0xc4, 0x84,
    0xa0, 0xac, 0x0, 0x0, 0x0, 0x0, 0xc4, 0x84,
    0xa0, 0xac, 0x0, 0x0, 0x0, 0x0, 0xc4, 0x84,
    0xa0, 0xac, 0x0, 0x0, 0x0, 0x0, 0xc4, 0x84,

    /* U+00F2 "ò" */
    0x0, 0x0, 0x13, 0xd4, 0xa0, 0x0, 0x0, 0x0,
    0x0, 0x0, 0x0, 0x0, 0x13, 0xc3, 0x6e, 0x0,
    0x0, 0x0, 0x0, 0x0, 0x0, 0x0, 0x5, 0x28,
    0x0, 0x0, 0x0, 0x0, 0x0, 0x4c, 0xca, 0xf9,
    0xf0, 0xa7, 0x1b, 0x0, 0x0, 0x4a, 0xfc, 0x79,
    0x29, 0x37, 0xba, 0xdc, 0xc, 0x0, 0xcb, 0x9d,
    0x0, 0x0, 0x0, 0xc, 0xee, 0x6d, 0xa, 0xff,
    0x53, 0x0, 0x0, 0x0, 0x0, 0xad, 0xab, 0x1a,
    0xff, 0x3e, 0x0, 0x0, 0x0, 0x0, 0x9a, 0xbe,
    0x9, 0xfe, 0x53, 0x0, 0x0, 0x0, 0x0, 0xaf,
    0xab, 0x0, 0xc4, 0x9e, 0x0, 0x0, 0x0, 0xc,
    0xef, 0x6c, 0x0, 0x40, 0xfb, 0x78, 0x24, 0x34,
    0xb9, 0xdc, 0xb, 0x0, 0x0, 0x48, 0xcb, 0xfc,
    0xf1, 0xa9, 0x1d, 0x0,

    /* U+00F3 "ó" */
    0x0, 0x0, 0x0, 0x0, 0x7, 0xcd, 0xb5, 0x4,
    0x0, 0x0, 0x0, 0x0, 0x1, 0x9f, 0xa1, 0x6,
    0x0, 0x0, 0x0, 0x0, 0x0, 0x3, 0x28, 0x0,
    0x0, 0x0, 0x0, 0x0, 0x0, 0x4c, 0xca, 0xf9,
    0xf0, 0xa7, 0x1b, 0x0, 0x0, 0x4a, 0xfc, 0x79,
    0x29, 0x37, 0xba, 0xdc, 0xc, 0x0, 0xcb, 0x9d,
    0x0, 0x0, 0x0, 0xc, 0xee, 0x6d, 0xa, 0xff,
    0x53, 0x0, 0x0, 0x0, 0x0, 0xad, 0xab, 0x1a,
    0xff, 0x3e, 0x0, 0x0, 0x0, 0x0, 0x9a, 0xbe,
    0x9, 0xfe, 0x53, 0x0, 0x0, 0x0, 0x0, 0xaf,
    0xab, 0x0, 0xc4, 0x9e, 0x0, 0x0, 0x0, 0xc,
    0xef, 0x6c, 0x0, 0x40, 0xfb, 0x78, 0x24, 0x34,
    0xb9, 0xdc, 0xb, 0x0, 0x0, 0x48, 0xcb, 0xfc,
    0xf1, 0xa9, 0x1d, 0x0,

    /* U+00F4 "ô" */
    0x0, 0x0, 0x0, 0x43, 0xf8, 0xd6, 0x12, 0x0,
    0x0, 0x0, 0x0, 0x44, 0xd3, 0x33, 0x6d, 0xc8,
    0x17, 0x0, 0x0, 0x0, 0x1f, 0x9, 0x0, 0x0,
    0x17, 0x13, 0x0, 0x0, 0x0, 0x4c, 0xca, 0xf9,
    0xf0, 0xa7, 0x1b, 0x0, 0x0, 0x4a, 0xfc, 0x79,
    0x29, 0x37, 0xba, 0xdc, 0xc, 0x0, 0xcb, 0x9d,
    0x0, 0x0, 0x0, 0xc, 0xee, 0x6d, 0xa, 0xff,
    0x53, 0x0, 0x0, 0x0, 0x0, 0xad, 0xab, 0x1a,
    0xff, 0x3e, 0x0, 0x0, 0x0, 0x0, 0x9a, 0xbe,
    0x9, 0xfe, 0x53, 0x0, 0x0, 0x0, 0x0, 0xaf,
    0xab, 0x0, 0xc4, 0x9e, 0x0, 0x0, 0x0, 0xc,
    0xef, 0x6c, 0x0, 0x40, 0xfb, 0x78, 0x24, 0x34,
    0xb9, 0xdc, 0xb, 0x0, 0x0, 0x48, 0xcb, 0xfc,
    0xf1, 0xa9, 0x1d, 0x0,

    /* U+00F5 "õ" */
    0x0, 0x0, 0x78, 0xf6, 0xb3, 0x23, 0x45, 0x96,
    0x0, 0x0, 0x9, 0xd3, 0x23, 0x7b, 0xf3, 0xef,
    0x2e, 0x0, 0x0, 0x4, 0x15, 0x0, 0x0, 0xc,
    0xb, 0x0, 0x0, 0x0, 0x0, 0x4c, 0xca, 0xf9,
    0xf0, 0xa7, 0x1b, 0x0, 0x0, 0x4a, 0xfc, 0x79,
    0x29, 0x37, 0xba, 0xdc, 0xc, 0x0, 0xcb, 0x9d,
    0x0, 0x0, 0x0, 0xc, 0xee, 0x6d, 0xa, 0xff,
    0x53, 0x0, 0x0, 0x0, 0x0, 0xad, 0xab, 0x1a,
    0xff, 0x3e, 0x0, 0x0, 0x0, 0x0, 0x9a, 0xbe,
    0x9, 0xfe, 0x53, 0x0, 0x0, 0x0, 0x0, 0xaf,
    0xab, 0x0, 0xc4, 0x9e, 0x0, 0x0, 0x0, 0xc,
    0xef, 0x6c, 0x0, 0x40, 0xfb, 0x78, 0x24, 0x34,
    0xb9, 0xdc, 0xb, 0x0, 0x0, 0x48, 0xcb, 0xfc,
    0xf1, 0xa9, 0x1d, 0x0,

    /* U+00F6 "ö" */
    0x0, 0x0, 0x49, 0xe6, 0x2, 0x49, 0xe6, 0x2,
    0x0, 0x0, 0x0, 0x1f, 0x77, 0x0, 0x1f, 0x76,
    0x0, 0x0, 0x0, 0x0, 0x0, 0x0, 0x0, 0x0,
    0x0, 0x0, 0x0, 0x0, 0x0, 0x4c, 0xca, 0xf9,
    0xf0, 0xa7, 0x1b, 0x0, 0x0, 0x4a, 0xfc, 0x79,
    0x29, 0x37, 0xba, 0xdc, 0xc, 0x0, 0xcb, 0x9d,
    0x0, 0x0, 0x0, 0xc, 0xee, 0x6d, 0xa, 0xff,
    0x53, 0x0, 0x0, 0x0, 0x0, 0xad, 0xab, 0x1a,
    0xff, 0x3e, 0x0, 0x0, 0x0, 0x0, 0x9a, 0xbe,
    0x9, 0xfe, 0x53, 0x0, 0x0, 0x0, 0x0, 0xaf,
    0xab, 0x0, 0xc4, 0x9e, 0x0, 0x0, 0x0, 0xc,
    0xef, 0x6c, 0x0, 0x40, 0xfb, 0x78, 0x24, 0x34,
    0xb9, 0xdc, 0xb, 0x0, 0x0, 0x48, 0xcb, 0xfc,
    0xf1, 0xa9, 0x1d, 0x0,

    /* U+00F7 "÷" */
    0x0, 0x0, 0x0, 0x24, 0xd6, 0x39, 0x0, 0x0,
    0x0, 0x0, 0x0, 0x0, 0x2a, 0xf1, 0x43, 0x0,
    0x0, 0x0, 0x0, 0x0, 0x0, 0x0, 0x0, 0x0,
    0x0, 0x0, 0x0, 0x0, 0x0, 0x0, 0x0, 0x0,
    0x0, 0x0, 0x0, 0x0, 0x2e, 0xf4, 0xf4, 0xf4,
    0xf4, 0xf4, 0xf4, 0xf4, 0x50, 0x7, 0x24, 0x24,
    0x24, 0x24, 0x24, 0x24, 0x24, 0xc, 0x0, 0x0,
    0x0, 0x24, 0xd6, 0x39, 0x0, 0x0, 0x0, 0x0,
    0x0, 0x0, 0x2a, 0xf1, 0x43, 0x0, 0x0, 0x0,

    /* U+00F8 "ø" */
    0x0, 0x0, 0x0, 0x0, 0x0, 0x0, 0x0, 0x1d,
    0x2, 0x0, 0x0, 0x4c, 0xcc, 0xfa, 0xef, 0x9f,
    0xe1, 0x43, 0x0, 0x4c, 0xfc, 0x79, 0x29, 0x3a,
    0xe7, 0xe9, 0x8, 0x0, 0xcd, 0x9d, 0x0, 0x0,
    0x5a, 0xdf, 0xee, 0x66, 0xb, 0xff, 0x53, 0x0,
    0x23, 0xee, 0x39, 0xad, 0xab, 0x1a, 0xff, 0x3e,
    0x5, 0xc9, 0x7c, 0x0, 0x9a, 0xbe, 0x9, 0xfe,
    0x52, 0x89, 0xbf, 0x3, 0x0, 0xaf, 0xab, 0x0,
    0xc2, 0xc9, 0xeb, 0x1c, 0x0, 0xc, 0xef, 0x6e,
    0x0, 0x4d, 0xff, 0xa7, 0x24, 0x34, 0xb9, 0xdd,
    0xd, 0x0, 0x9d, 0xb6, 0xca, 0xfa, 0xf0, 0xa8,
    0x1c, 0x0, 0x0, 0x1c, 0xc, 0x0, 0x0, 0x0,
    0x0, 0x0, 0x0,

    /* U+00F9 "ù" */
    0x0, 0x9, 0xc0, 0xba, 0x3, 0x0, 0x0, 0x0,
    0x0, 0x0, 0x8, 0xa2, 0x97, 0x0, 0x0, 0x0,
    0x0, 0x0, 0x0, 0x0, 0x13, 0x0, 0x0, 0x0,
    0xb8, 0x98, 0x0, 0x0, 0x0, 0x0, 0xdc, 0x70,
    0xb8, 0x98, 0x0, 0x0, 0x0, 0x0, 0xdc, 0x70,
    0xb8, 0x98, 0x0, 0x0, 0x0, 0x0, 0xdc, 0x70,
    0xb8, 0x98, 0x0, 0x0, 0x0, 0x0, 0xdc, 0x70,
    0xb8, 0x98, 0x0, 0x0, 0x0, 0x0, 0xdc, 0x70,
    0xb8, 0x98, 0x0, 0x0, 0x0, 0x0, 0xe8, 0x70,
    0xaa, 0xac, 0x0, 0x0, 0x0, 0x1d, 0xff, 0x70,
    0x67, 0xf5, 0x3a, 0x0, 0x19, 0xb6, 0xf5, 0x70,
    0x3, 0x8a, 0xeb, 0xf4, 0xd5, 0x5b, 0xb4, 0x70,

    /* U+00FA "ú" */
    0x0, 0x0, 0x0, 0x4, 0xbf, 0xc0, 0x9, 0x0,
    0x0, 0x0, 0x0, 0x97, 0xa0, 0x8, 0x0, 0x0,
    0x0, 0x0, 0x0, 0x13, 0x0, 0x0, 0x0, 0x0,
    0xb8, 0x98, 0x0, 0x0, 0x0, 0x0, 0xdc, 0x70,
    0xb8, 0x98, 0x0, 0x0, 0x0, 0x0, 0xdc, 0x70,
    0xb8, 0x98, 0x0, 0x0, 0x0, 0x0, 0xdc, 0x70,
    0xb8, 0x98, 0x0, 0x0, 0x0, 0x0, 0xdc, 0x70,
    0xb8, 0x98, 0x0, 0x0, 0x0, 0x0, 0xdc, 0x70,
    0xb8, 0x98, 0x0, 0x0, 0x0, 0x0, 0xe8, 0x70,
    0xaa, 0xac, 0x0, 0x0, 0x0, 0x1d, 0xff, 0x70,
    0x67, 0xf5, 0x3a, 0x0, 0x19, 0xb6, 0xf5, 0x70,
    0x3, 0x8a, 0xeb, 0xf4, 0xd5, 0x5b, 0xb4, 0x70,

    /* U+00FB "û" */
    0x0, 0x0, 0x37, 0xee, 0xe3, 0x20, 0x0, 0x0,
    0x0, 0x42, 0xcf, 0x36, 0x54, 0xcf, 0x2b, 0x0,
    0x0, 0xe, 0x6, 0x0, 0x0, 0x9, 0xb, 0x0,
    0xb8, 0x98, 0x0, 0x0, 0x0, 0x0, 0xdc, 0x70,
    0xb8, 0x98, 0x0, 0x0, 0x0, 0x0, 0xdc, 0x70,
    0xb8, 0x98, 0x0, 0x0, 0x0, 0x0, 0xdc, 0x70,
    0xb8, 0x98, 0x0, 0x0, 0x0, 0x0, 0xdc, 0x70,
    0xb8, 0x98, 0x0, 0x0, 0x0, 0x0, 0xdc, 0x70,
    0xb8, 0x98, 0x0, 0x0, 0x0, 0x0, 0xe8, 0x70,
    0xaa, 0xac, 0x0, 0x0, 0x0, 0x1d, 0xff, 0x70,
    0x67, 0xf5, 0x3a, 0x0, 0x19, 0xb6, 0xf5, 0x70,
    0x3, 0x8a, 0xeb, 0xf4, 0xd5, 0x5b, 0xb4, 0x70,

    /* U+00FC "ü" */
    0x0, 0x34, 0xed, 0xf, 0x34, 0xeb, 0xd, 0x0,
    0x0, 0x14, 0x7c, 0x4, 0x14, 0x7b, 0x3, 0x0,
    0x0, 0x0, 0x0, 0x0, 0x0, 0x0, 0x0, 0x0,
    0xb8, 0x98, 0x0, 0x0, 0x0, 0x0, 0xdc, 0x70,
    0xb8, 0x98, 0x0, 0x0, 0x0, 0x0, 0xdc, 0x70,
    0xb8, 0x98, 0x0, 0x0, 0x0, 0x0, 0xdc, 0x70,
    0xb8, 0x98, 0x0, 0x0, 0x0, 0x0, 0xdc, 0x70,
    0xb8, 0x98, 0x0, 0x0, 0x0, 0x0, 0xdc, 0x70,
    0xb8, 0x98, 0x0, 0x0, 0x0, 0x0, 0xe8, 0x70,
    0xaa, 0xac, 0x0, 0x0, 0x0, 0x1d, 0xff, 0x70,
    0x67, 0xf5, 0x3a, 0x0, 0x19, 0xb6, 0xf5, 0x70,
    0x3, 0x8a, 0xeb, 0xf4, 0xd5, 0x5b, 0xb4, 0x70,

    /* U+00FD "ý" */
    0x0, 0x0, 0x0, 0x1, 0xa9, 0xd0, 0x13, 0x0,
    0x0, 0x0, 0x0, 0x0, 0x7f, 0xb3, 0xf, 0x0,
    0x0, 0x0, 0x0, 0x0, 0x0, 0x12, 0x1, 0x0,
    0x0, 0x0, 0x0, 0xcc, 0x96, 0x0, 0x0, 0x0,
    0x0, 0x8c, 0xd6, 0x0, 0x69, 0xed, 0x6, 0x0,
    0x0, 0x2, 0xe3, 0x79, 0x0, 0x10, 0xf8, 0x50,
    0x0, 0x0, 0x3e, 0xfe, 0x1e, 0x0, 0x0, 0xa6,
    0xac, 0x0, 0x0, 0x96, 0xc0, 0x0, 0x0, 0x0,
    0x44, 0xf9, 0x10, 0x4, 0xea, 0x64, 0x0, 0x0,
    0x0, 0x2, 0xe2, 0x66, 0x44, 0xf8, 0xf, 0x0,
    0x0, 0x0, 0x0, 0x80, 0xbd, 0x96, 0xaa, 0x0,
    0x0, 0x0, 0x0, 0x0, 0x21, 0xf6, 0xe5, 0x4d,
    0x0, 0x0, 0x0, 0x0, 0x0, 0x0, 0xbc, 0xec,
    0x5, 0x0, 0x0, 0x0, 0x0, 0x0, 0x0, 0xbc,
    0x94, 0x0, 0x0, 0x0, 0x0, 0x0, 0x0, 0x22,
    0xfe, 0x34, 0x0, 0x0, 0x0, 0x0, 0x22, 0x2e,
    0xc3, 0xb8, 0x0, 0x0, 0x0, 0x0, 0x0, 0xcb,
    0xfb, 0xb8, 0x17, 0x0, 0x0, 0x0, 0x0, 0x0,

    /* U+00FE "þ" */
    0xa0, 0xac, 0x0, 0x0, 0x0, 0x0, 0x0, 0x0,
    0xa0, 0xac, 0x0, 0x0, 0x0, 0x0, 0x0, 0x0,
    0xa0, 0xac, 0x0, 0x0, 0x0, 0x0, 0x0, 0x0,
    0xa0, 0xab, 0x68, 0xe2, 0xfc, 0xd3, 0x4b, 0x0,
    0xa0, 0xe8, 0xb1, 0x36, 0x2a, 0x89, 0xfc, 0x36,
    0xa0, 0xee, 0xa, 0x0, 0x0, 0x0, 0xc3, 0xa4,
    0xa0, 0xba, 0x0, 0x0, 0x0, 0x0, 0x83, 0xd8,
    0xa0, 0xad, 0x0, 0x0, 0x0, 0x0, 0x72, 0xe6,
    0xa0, 0xbf, 0x0, 0x0, 0x0, 0x0, 0x84, 0xd6,
    0xa0, 0xf3, 0xc, 0x0, 0x0, 0x0, 0xc8, 0xa0,
    0xa0, 0xeb, 0xb2, 0x33, 0x25, 0x8d, 0xfa, 0x2f,
    0xa0, 0xa6, 0x74, 0xe5, 0xfc, 0xd1, 0x46, 0x0,
    0xa0, 0xac, 0x0, 0x0, 0x0, 0x0, 0x0, 0x0,
    0xa0, 0xac, 0x0, 0x0, 0x0, 0x0, 0x0, 0x0,
    0xa0, 0xac, 0x0, 0x0, 0x0, 0x0, 0x0, 0x0,
    0xa0, 0xac, 0x0, 0x0, 0x0, 0x0, 0x0, 0x0,

    /* U+00FF "ÿ" */
    0x0, 0x1f, 0xf0, 0x21, 0x1f, 0xef, 0x1e, 0x0,
    0x0, 0x0, 0xa, 0x80, 0xb, 0xa, 0x7e, 0xa,
    0x0, 0x0, 0x0, 0x0, 0x0, 0x0, 0x0, 0x0,
    0x0, 0x0, 0x0, 0xcc, 0x96, 0x0, 0x0, 0x0,
    0x0, 0x8c, 0xd6, 0x0, 0x69, 0xed, 0x6, 0x0,
    0x0, 0x2, 0xe3, 0x79, 0x0, 0x10, 0xf8, 0x50,
    0x0, 0x0, 0x3e, 0xfe, 0x1e, 0x0, 0x0, 0xa6,
    0xac, 0x0, 0x0, 0x96, 0xc0, 0x0, 0x0, 0x0,
    0x44, 0xf9, 0x10, 0x4, 0xea, 0x64, 0x0, 0x0,
    0x0, 0x2, 0xe2, 0x66, 0x44, 0xf8, 0xf, 0x0,
    0x0, 0x0, 0x0, 0x80, 0xbd, 0x96, 0xaa, 0x0,
    0x0, 0x0, 0x0, 0x0, 0x21, 0xf6, 0xe5, 0x4d,
    0x0, 0x0, 0x0, 0x0, 0x0, 0x0, 0xbc, 0xec,
    0x5, 0x0, 0x0, 0x0, 0x0, 0x0, 0x0, 0xbc,
    0x94, 0x0, 0x0, 0x0, 0x0, 0x0, 0x0, 0x22,
    0xfe, 0x34, 0x0, 0x0, 0x0, 0x0, 0x22, 0x2e,
    0xc3, 0xb8, 0x0, 0x0, 0x0, 0x0, 0x0, 0xcb,
    0xfb, 0xb8, 0x17, 0x0, 0x0, 0x0, 0x0, 0x0
};

/*---------------------
 *  GLYPH DESCRIPTION
 *--------------------*/

static const lv_font_fmt_txt_glyph_dsc_t glyph_dsc[] = {
    {.bitmap_index = 0, .adv_w = 0, .box_w = 0, .box_h = 0, .ofs_x = 0, .ofs_y = 0} /* id = 0 reserved */,
    {.bitmap_index = 0, .adv_w = 67, .box_w = 0, .box_h = 0, .ofs_x = 0, .ofs_y = 0},
    {.bitmap_index = 0, .adv_w = 68, .box_w = 3, .box_h = 12, .ofs_x = 1, .ofs_y = 0},
    {.bitmap_index = 36, .adv_w = 102, .box_w = 5, .box_h = 5, .ofs_x = 1, .ofs_y = 7},
    {.bitmap_index = 61, .adv_w = 165, .box_w = 10, .box_h = 12, .ofs_x = 0, .ofs_y = 0},
    {.bitmap_index = 181, .adv_w = 146, .box_w = 8, .box_h = 14, .ofs_x = 1, .ofs_y = -2},
    {.bitmap_index = 293, .adv_w = 212, .box_w = 13, .box_h = 12, .ofs_x = 0, .ofs_y = 0},
    {.bitmap_index = 449, .adv_w = 187, .box_w = 12, .box_h = 12, .ofs_x = 0, .ofs_y = 0},
    {.bitmap_index = 593, .adv_w = 56, .box_w = 2, .box_h = 5, .ofs_x = 1, .ofs_y = 7},
    {.bitmap_index = 603, .adv_w = 76, .box_w = 5, .box_h = 15, .ofs_x = 0, .ofs_y = -3},
    {.bitmap_index = 678, .adv_w = 76, .box_w = 5, .box_h = 15, .ofs_x = 0, .ofs_y = -3},
    {.bitmap_index = 753, .adv_w = 141, .box_w = 9, .box_h = 8, .ofs_x = 0, .ofs_y = 4},
    {.bitmap_index = 825, .adv_w = 146, .box_w = 9, .box_h = 8, .ofs_x = 0, .ofs_y = 2},
    {.bitmap_index = 897, .adv_w = 66, .box_w = 3, .box_h = 5, .ofs_x = 0, .ofs_y = -2},
    {.bitmap_index = 912, .adv_w = 82, .box_w = 5, .box_h = 2, .ofs_x = 0, .ofs_y = 3},
    {.bitmap_index = 922, .adv_w = 67, .box_w = 3, .box_h = 3, .ofs_x = 1, .ofs_y = 0},
    {.bitmap_index = 931, .adv_w = 94, .box_w = 6, .box_h = 12, .ofs_x = 0, .ofs_y = 0},
    {.bitmap_index = 1003, .adv_w = 146, .box_w = 9, .box_h = 12, .ofs_x = 0, .ofs_y = 0},
    {.bitmap_index = 1111, .adv_w = 146, .box_w = 5, .box_h = 12, .ofs_x = 1, .ofs_y = 0},
    {.bitmap_index = 1171, .adv_w = 146, .box_w = 9, .box_h = 12, .ofs_x = 0, .ofs_y = 0},
    {.bitmap_index = 1279, .adv_w = 146, .box_w = 9, .box_h = 12, .ofs_x = 0, .ofs_y = 0},
    {.bitmap_index = 1387, .adv_w = 146, .box_w = 9, .box_h = 12, .ofs_x = 0, .ofs_y = 0},
    {.bitmap_index = 1495, .adv_w = 146, .box_w = 8, .box_h = 12, .ofs_x = 1, .ofs_y = 0},
    {.bitmap_index = 1591, .adv_w = 146, .box_w = 9, .box_h = 12, .ofs_x = 0, .ofs_y = 0},
    {.bitmap_index = 1699, .adv_w = 146, .box_w = 9, .box_h = 12, .ofs_x = 0, .ofs_y = 0},
    {.bitmap_index = 1807, .adv_w = 146, .box_w = 9, .box_h = 12, .ofs_x = 0, .ofs_y = 0},
    {.bitmap_index = 1915, .adv_w = 146, .box_w = 9, .box_h = 12, .ofs_x = 0, .ofs_y = 0},
    {.bitmap_index = 2023, .adv_w = 67, .box_w = 3, .box_h = 9, .ofs_x = 1, .ofs_y = 0},
    {.bitmap_index = 2050, .adv_w = 67, .box_w = 3, .box_h = 12, .ofs_x = 0, .ofs_y = -3},
    {.bitmap_index = 2086, .adv_w = 146, .box_w = 9, .box_h = 9, .ofs_x = 0, .ofs_y = 1},
    {.bitmap_index = 2167, .adv_w = 146, .box_w = 9, .box_h = 5, .ofs_x = 0, .ofs_y = 3},
    {.bitmap_index = 2212, .adv_w = 146, .box_w = 9, .box_h = 9, .ofs_x = 0, .ofs_y = 1},
    {.bitmap_index = 2293, .adv_w = 111, .box_w = 7, .box_h = 12, .ofs_x = 0, .ofs_y = 0},
    {.bitmap_index = 2377, .adv_w = 230, .box_w = 14, .box_h = 14, .ofs_x = 0, .ofs_y = -2},
    {.bitmap_index = 2573, .adv_w = 162, .box_w = 11, .box_h = 12, .ofs_x = 0, .ofs_y = 0},
    {.bitmap_index = 2705, .adv_w = 165, .box_w = 9, .box_h = 12, .ofs_x = 1, .ofs_y = 0},
    {.bitmap_index = 2813, .adv_w = 161, .box_w = 10, .box_h = 12, .ofs_x = 0, .ofs_y = 0},
    {.bitmap_index = 2933, .adv_w = 186, .box_w = 10, .box_h = 12, .ofs_x = 1, .ofs_y = 0},
    {.bitmap_index = 3053, .adv_w = 142, .box_w = 7, .box_h = 12, .ofs_x = 1, .ofs_y = 0},
    {.bitmap_index = 3137, .adv_w = 132, .box_w = 7, .box_h = 12, .ofs_x = 1, .ofs_y = 0},
    {.bitmap_index = 3221, .adv_w = 186, .box_w = 11, .box_h = 12, .ofs_x = 0, .ofs_y = 0},
    {.bitmap_index = 3353, .adv_w = 189, .box_w = 10, .box_h = 12, .ofs_x = 1, .ofs_y = 0},
    {.bitmap_index = 3473, .adv_w = 72, .box_w = 2, .box_h = 12, .ofs_x = 1, .ofs_y = 0},
    {.bitmap_index = 3497, .adv_w = 69, .box_w = 5, .box_h = 16, .ofs_x = -2, .ofs_y = -4},
    {.bitmap_index = 3577, .adv_w = 157, .box_w = 9, .box_h = 12, .ofs_x = 1, .ofs_y = 0},
    {.bitmap_index = 3685, .adv_w = 134, .box_w = 7, .box_h = 12, .ofs_x = 1, .ofs_y = 0},
    {.bitmap_index = 3769, .adv_w = 230, .box_w = 12, .box_h = 12, .ofs_x = 1, .ofs_y = 0},
    {.bitmap_index = 3913, .adv_w = 193, .box_w = 10, .box_h = 12, .ofs_x = 1, .ofs_y = 0},
    {.bitmap_index = 4033, .adv_w = 199, .box_w = 12, .box_h = 12, .ofs_x = 0, .ofs_y = 0},
    {.bitmap_index = 4177, .adv_w = 154, .box_w = 8, .box_h = 12, .ofs_x = 1, .ofs_y = 0},
    {.bitmap_index = 4273, .adv_w = 199, .box_w = 12, .box_h = 15, .ofs_x = 0, .ofs_y = -3},
    {.bitmap_index = 4453, .adv_w = 158, .box_w = 9, .box_h = 12, .ofs_x = 1, .ofs_y = 0},
    {.bitmap_index = 4561, .adv_w = 140, .box_w = 9, .box_h = 12, .ofs_x = 0, .ofs_y = 0},
    {.bitmap_index = 4669, .adv_w = 141, .box_w = 9, .box_h = 12, .ofs_x = 0, .ofs_y = 0},
    {.bitmap_index = 4777, .adv_w = 187, .box_w = 10, .box_h = 12, .ofs_x = 1, .ofs_y = 0},
    {.bitmap_index = 4897, .adv_w = 153, .box_w = 10, .box_h = 12, .ofs_x = 0, .ofs_y = 0},
    {.bitmap_index = 5017, .adv_w = 236, .box_w = 15, .box_h = 12, .ofs_x = 0, .ofs_y = 0},
    {.bitmap_index = 5197, .adv_w = 148, .box_w = 10, .box_h = 12, .ofs_x = 0, .ofs_y = 0},
    {.bitmap_index = 5317, .adv_w = 143, .box_w = 9, .box_h = 12, .ofs_x = 0, .ofs_y = 0},
    {.bitmap_index = 5425, .adv_w = 147, .box_w = 9, .box_h = 12, .ofs_x = 0, .ofs_y = 0},
    {.bitmap_index = 5533, .adv_w = 84, .box_w = 4, .box_h = 15, .ofs_x = 1, .ofs_y = -3},
    {.bitmap_index = 5593, .adv_w = 94, .box_w = 6, .box_h = 12, .ofs_x = 0, .ofs_y = 0},
    {.bitmap_index = 5665, .adv_w = 84, .box_w = 4, .box_h = 15, .ofs_x = 0, .ofs_y = -3},
    {.bitmap_index = 5725, .adv_w = 146, .box_w = 9, .box_h = 8, .ofs_x = 0, .ofs_y = 4},
    {.bitmap_index = 5797, .adv_w = 112, .box_w = 9, .box_h = 1, .ofs_x = -1, .ofs_y = -2},
    {.bitmap_index = 5806, .adv_w = 71, .box_w = 4, .box_h = 3, .ofs_x = 0, .ofs_y = 10},
    {.bitmap_index = 5818, .adv_w = 142, .box_w = 8, .box_h = 9, .ofs_x = 0, .ofs_y = 0},
    {.bitmap_index = 5890, .adv_w = 157, .box_w = 8, .box_h = 12, .ofs_x = 1, .ofs_y = 0},
    {.bitmap_index = 5986, .adv_w = 123, .box_w = 8, .box_h = 9, .ofs_x = 0, .ofs_y = 0},
    {.bitmap_index = 6058, .adv_w = 157, .box_w = 9, .box_h = 12, .ofs_x = 0, .ofs_y = 0},
    {.bitmap_index = 6166, .adv_w = 144, .box_w = 9, .box_h = 9, .ofs_x = 0, .ofs_y = 0},
    {.bitmap_index = 6247, .adv_w = 86, .box_w = 7, .box_h = 12, .ofs_x = 0, .ofs_y = 0},
    {.bitmap_index = 6331, .adv_w = 139, .box_w = 9, .box_h = 13, .ofs_x = 0, .ofs_y = -4},
    {.bitmap_index = 6448, .adv_w = 157, .box_w = 8, .box_h = 12, .ofs_x = 1, .ofs_y = 0},
    {.bitmap_index = 6544, .adv_w = 65, .box_w = 2, .box_h = 12, .ofs_x = 1, .ofs_y = 0},
    {.bitmap_index = 6568, .adv_w = 65, .box_w = 4, .box_h = 16, .ofs_x = -1, .ofs_y = -4},
    {.bitmap_index = 6632, .adv_w = 135, .box_w = 8, .box_h = 12, .ofs_x = 1, .ofs_y = 0},
    {.bitmap_index = 6728, .adv_w = 65, .box_w = 2, .box_h = 12, .ofs_x = 1, .ofs_y = 0},
    {.bitmap_index = 6752, .adv_w = 237, .box_w = 13, .box_h = 9, .ofs_x = 1, .ofs_y = 0},
    {.bitmap_index = 6869, .adv_w = 157, .box_w = 8, .box_h = 9, .ofs_x = 1, .ofs_y = 0},
    {.bitmap_index = 6941, .adv_w = 154, .box_w = 9, .box_h = 9, .ofs_x = 0, .ofs_y = 0},
    {.bitmap_index = 7022, .adv_w = 157, .box_w = 8, .box_h = 13, .ofs_x = 1, .ofs_y = -4},
    {.bitmap_index = 7126, .adv_w = 157, .box_w = 9, .box_h = 13, .ofs_x = 0, .ofs_y = -4},
    {.bitmap_index = 7243, .adv_w = 105, .box_w = 6, .box_h = 9, .ofs_x = 1, .ofs_y = 0},
    {.bitmap_index = 7297, .adv_w = 122, .box_w = 7, .box_h = 9, .ofs_x = 0, .ofs_y = 0},
    {.bitmap_index = 7360, .adv_w = 91, .box_w = 6, .box_h = 11, .ofs_x = 0, .ofs_y = 0},
    {.bitmap_index = 7426, .adv_w = 157, .box_w = 8, .box_h = 9, .ofs_x = 1, .ofs_y = 0},
    {.bitmap_index = 7498, .adv_w = 128, .box_w = 8, .box_h = 9, .ofs_x = 0, .ofs_y = 0},
    {.bitmap_index = 7570, .adv_w = 198, .box_w = 13, .box_h = 9, .ofs_x = 0, .ofs_y = 0},
    {.bitmap_index = 7687, .adv_w = 134, .box_w = 9, .box_h = 9, .ofs_x = 0, .ofs_y = 0},
    {.bitmap_index = 7768, .adv_w = 128, .box_w = 9, .box_h = 13, .ofs_x = 0, .ofs_y = -4},
    {.bitmap_index = 7885, .adv_w = 120, .box_w = 7, .box_h = 9, .ofs_x = 0, .ofs_y = 0},
    {.bitmap_index = 7948, .adv_w = 96, .box_w = 6, .box_h = 15, .ofs_x = 0, .ofs_y = -3},
    {.bitmap_index = 8038, .adv_w = 141, .box_w = 2, .box_h = 16, .ofs_x = 3, .ofs_y = -4},
    {.bitmap_index = 8070, .adv_w = 96, .box_w = 6, .box_h = 15, .ofs_x = 0, .ofs_y = -3},
    {.bitmap_index = 8160, .adv_w = 146, .box_w = 9, .box_h = 3, .ofs_x = 0, .ofs_y = 4},
    {.bitmap_index = 8187, .adv_w = 67, .box_w = 0, .box_h = 0, .ofs_x = 0, .ofs_y = 0},
    {.bitmap_index = 8187, .adv_w = 68, .box_w = 3, .box_h = 12, .ofs_x = 1, .ofs_y = -3},
    {.bitmap_index = 8223, .adv_w = 146, .box_w = 7, .box_h = 12, .ofs_x = 1, .ofs_y = 0},
    {.bitmap_index = 8307, .adv_w = 146, .box_w = 9, .box_h = 12, .ofs_x = 0, .ofs_y = 0},
    {.bitmap_index = 8415, .adv_w = 146, .box_w = 9, .box_h = 8, .ofs_x = 0, .ofs_y = 2},
    {.bitmap_index = 8487, .adv_w = 146, .box_w = 9, .box_h = 12, .ofs_x = 0, .ofs_y = 0},
    {.bitmap_index = 8595, .adv_w = 141, .box_w = 2, .box_h = 16, .ofs_x = 3, .ofs_y = -4},
    {.bitmap_index = 8627, .adv_w = 132, .box_w = 8, .box_h = 12, .ofs_x = 0, .ofs_y = 0},
    {.bitmap_index = 8723, .adv_w = 148, .box_w = 5, .box_h = 2, .ofs_x = 2, .ofs_y = 10},
    {.bitmap_index = 8733, .adv_w = 213, .box_w = 13, .box_h = 12, .ofs_x = 0, .ofs_y = 0},
    {.bitmap_index = 8889, .adv_w = 90, .box_w = 5, .box_h = 5, .ofs_x = 0, .ofs_y = 7},
    {.bitmap_index = 8914, .adv_w = 127, .box_w = 8, .box_h = 8, .ofs_x = 0, .ofs_y = 0},
    {.bitmap_index = 8978, .adv_w = 146, .box_w = 9, .box_h = 5, .ofs_x = 0, .ofs_y = 1},
    {.bitmap_index = 9023, .adv_w = 82, .box_w = 5, .box_h = 2, .ofs_x = 0, .ofs_y = 3},
    {.bitmap_index = 9033, .adv_w = 213, .box_w = 13, .box_h = 12, .ofs_x = 0, .ofs_y = 0},
    {.bitmap_index = 9189, .adv_w = 128, .box_w = 10, .box_h = 2, .ofs_x = -1, .ofs_y = 12},
    {.bitmap_index = 9209, .adv_w = 110, .box_w = 6, .box_h = 5, .ofs_x = 0, .ofs_y = 7},
    {.bitmap_index = 9239, .adv_w = 146, .box_w = 9, .box_h = 10, .ofs_x = 0, .ofs_y = 0},
    {.bitmap_index = 9329, .adv_w = 89, .box_w = 5, .box_h = 7, .ofs_x = 0, .ofs_y = 7},
    {.bitmap_index = 9364, .adv_w = 89, .box_w = 6, .box_h = 7, .ofs_x = 0, .ofs_y = 7},
    {.bitmap_index = 9406, .adv_w = 71, .box_w = 4, .box_h = 3, .ofs_x = 0, .ofs_y = 10},
    {.bitmap_index = 9418, .adv_w = 158, .box_w = 8, .box_h = 13, .ofs_x = 1, .ofs_y = -4},
    {.bitmap_index = 9522, .adv_w = 168, .box_w = 9, .box_h = 15, .ofs_x = 0, .ofs_y = -3},
    {.bitmap_index = 9657, .adv_w = 67, .box_w = 3, .box_h = 3, .ofs_x = 1, .ofs_y = 5},
    {.bitmap_index = 9666, .adv_w = 57, .box_w = 4, .box_h = 5, .ofs_x = 0, .ofs_y = -4},
    {.bitmap_index = 9686, .adv_w = 89, .box_w = 4, .box_h = 7, .ofs_x = 0, .ofs_y = 7},
    {.bitmap_index = 9714, .adv_w = 96, .box_w = 6, .box_h = 6, .ofs_x = 0, .ofs_y = 7},
    {.bitmap_index = 9750, .adv_w = 127, .box_w = 8, .box_h = 8, .ofs_x = 0, .ofs_y = 0},
    {.bitmap_index = 9814, .adv_w = 190, .box_w = 12, .box_h = 12, .ofs_x = 0, .ofs_y = 0},
    {.bitmap_index = 9958, .adv_w = 197, .box_w = 12, .box_h = 12, .ofs_x = 0, .ofs_y = 0},
    {.bitmap_index = 10102, .adv_w = 199, .box_w = 13, .box_h = 12, .ofs_x = 0, .ofs_y = 0},
    {.bitmap_index = 10258, .adv_w = 111, .box_w = 7, .box_h = 13, .ofs_x = 0, .ofs_y = -4},
    {.bitmap_index = 10349, .adv_w = 162, .box_w = 11, .box_h = 16, .ofs_x = 0, .ofs_y = 0},
    {.bitmap_index = 10525, .adv_w = 162, .box_w = 11, .box_h = 16, .ofs_x = 0, .ofs_y = 0},
    {.bitmap_index = 10701, .adv_w = 162, .box_w = 11, .box_h = 16, .ofs_x = 0, .ofs_y = 0},
    {.bitmap_index = 10877, .adv_w = 162, .box_w = 11, .box_h = 15, .ofs_x = 0, .ofs_y = 0},
    {.bitmap_index = 11042, .adv_w = 162, .box_w = 11, .box_h = 15, .ofs_x = 0, .ofs_y = 0},
    {.bitmap_index = 11207, .adv_w = 162, .box_w = 11, .box_h = 15, .ofs_x = 0, .ofs_y = 0},
    {.bitmap_index = 11372, .adv_w = 222, .box_w = 15, .box_h = 12, .ofs_x = -1, .ofs_y = 0},
    {.bitmap_index = 11552, .adv_w = 161, .box_w = 10, .box_h = 16, .ofs_x = 0, .ofs_y = -4},
    {.bitmap_index = 11712, .adv_w = 142, .box_w = 7, .box_h = 16, .ofs_x = 1, .ofs_y = 0},
    {.bitmap_index = 11824, .adv_w = 142, .box_w = 7, .box_h = 16, .ofs_x = 1, .ofs_y = 0},
    {.bitmap_index = 11936, .adv_w = 142, .box_w = 7, .box_h = 16, .ofs_x = 1, .ofs_y = 0},
    {.bitmap_index = 12048, .adv_w = 142, .box_w = 7, .box_h = 15, .ofs_x = 1, .ofs_y = 0},
    {.bitmap_index = 12153, .adv_w = 72, .box_w = 5, .box_h = 16, .ofs_x = -1, .ofs_y = 0},
    {.bitmap_index = 12233, .adv_w = 72, .box_w = 4, .box_h = 16, .ofs_x = 1, .ofs_y = 0},
    {.bitmap_index = 12297, .adv_w = 72, .box_w = 6, .box_h = 16, .ofs_x = -1, .ofs_y = 0},
    {.bitmap_index = 12393, .adv_w = 72, .box_w = 5, .box_h = 15, .ofs_x = 0, .ofs_y = 0},
    {.bitmap_index = 12468, .adv_w = 186, .box_w = 11, .box_h = 12, .ofs_x = 0, .ofs_y = 0},
    {.bitmap_index = 12600, .adv_w = 193, .box_w = 10, .box_h = 15, .ofs_x = 1, .ofs_y = 0},
    {.bitmap_index = 12750, .adv_w = 199, .box_w = 12, .box_h = 16, .ofs_x = 0, .ofs_y = 0},
    {.bitmap_index = 12942, .adv_w = 199, .box_w = 12, .box_h = 16, .ofs_x = 0, .ofs_y = 0},
    {.bitmap_index = 13134, .adv_w = 199, .box_w = 12, .box_h = 16, .ofs_x = 0, .ofs_y = 0},
    {.bitmap_index = 13326, .adv_w = 199, .box_w = 12, .box_h = 15, .ofs_x = 0, .ofs_y = 0},
    {.bitmap_index = 13506, .adv_w = 199, .box_w = 12, .box_h = 15, .ofs_x = 0, .ofs_y = 0},
    {.bitmap_index = 13686, .adv_w = 146, .box_w = 8, .box_h = 8, .ofs_x = 1, .ofs_y = 2},
    {.bitmap_index = 13750, .adv_w = 199, .box_w = 12, .box_h = 14, .ofs_x = 0, .ofs_y = -1},
    {.bitmap_index = 13918, .adv_w = 187, .box_w = 10, .box_h = 16, .ofs_x = 1, .ofs_y = 0},
    {.bitmap_index = 14078, .adv_w = 187, .box_w = 10, .box_h = 16, .ofs_x = 1, .ofs_y = 0},
    {.bitmap_index = 14238, .adv_w = 187, .box_w = 10, .box_h = 16, .ofs_x = 1, .ofs_y = 0},
    {.bitmap_index = 14398, .adv_w = 187, .box_w = 10, .box_h = 15, .ofs_x = 1, .ofs_y = 0},
    {.bitmap_index = 14548, .adv_w = 143, .box_w = 9, .box_h = 16, .ofs_x = 0, .ofs_y = 0},
    {.bitmap_index = 14692, .adv_w = 154, .box_w = 8, .box_h = 12, .ofs_x = 1, .ofs_y = 0},
    {.bitmap_index = 14788, .adv_w = 159, .box_w = 9, .box_h = 12, .ofs_x = 1, .ofs_y = 0},
    {.bitmap_index = 14896, .adv_w = 142, .box_w = 8, .box_h = 12, .ofs_x = 0, .ofs_y = 0},
    {.bitmap_index = 14992, .adv_w = 142, .box_w = 8, .box_h = 12, .ofs_x = 0, .ofs_y = 0},
    {.bitmap_index = 15088, .adv_w = 142, .box_w = 8, .box_h = 12, .ofs_x = 0, .ofs_y = 0},
    {.bitmap_index = 15184, .adv_w = 142, .box_w = 8, .box_h = 12, .ofs_x = 0, .ofs_y = 0},
    {.bitmap_index = 15280, .adv_w = 142, .box_w = 8, .box_h = 12, .ofs_x = 0, .ofs_y = 0},
    {.bitmap_index = 15376, .adv_w = 142, .box_w = 8, .box_h = 14, .ofs_x = 0, .ofs_y = 0},
    {.bitmap_index = 15488, .adv_w = 221, .box_w = 13, .box_h = 9, .ofs_x = 0, .ofs_y = 0},
    {.bitmap_index = 15605, .adv_w = 123, .box_w = 8, .box_h = 13, .ofs_x = 0, .ofs_y = -4},
    {.bitmap_index = 15709, .adv_w = 144, .box_w = 9, .box_h = 12, .ofs_x = 0, .ofs_y = 0},
    {.bitmap_index = 15817, .adv_w = 144, .box_w = 9, .box_h = 12, .ofs_x = 0, .ofs_y = 0},
    {.bitmap_index = 15925, .adv_w = 144, .box_w = 9, .box_h = 12, .ofs_x = 0, .ofs_y = 0},
    {.bitmap_index = 16033, .adv_w = 144, .box_w = 9, .box_h = 12, .ofs_x = 0, .ofs_y = 0},
    {.bitmap_index = 16141, .adv_w = 65, .box_w = 5, .box_h = 12, .ofs_x = -1, .ofs_y = 0},
    {.bitmap_index = 16201, .adv_w = 65, .box_w = 4, .box_h = 12, .ofs_x = 1, .ofs_y = 0},
    {.bitmap_index = 16249, .adv_w = 65, .box_w = 6, .box_h = 12, .ofs_x = -1, .ofs_y = 0},
    {.bitmap_index = 16321, .adv_w = 65, .box_w = 6, .box_h = 12, .ofs_x = -1, .ofs_y = 0},
    {.bitmap_index = 16393, .adv_w = 154, .box_w = 9, .box_h = 13, .ofs_x = 0, .ofs_y = 0},
    {.bitmap_index = 16510, .adv_w = 157, .box_w = 8, .box_h = 12, .ofs_x = 1, .ofs_y = 0},
    {.bitmap_index = 16606, .adv_w = 154, .box_w = 9, .box_h = 12, .ofs_x = 0, .ofs_y = 0},
    {.bitmap_index = 16714, .adv_w = 154, .box_w = 9, .box_h = 12, .ofs_x = 0, .ofs_y = 0},
    {.bitmap_index = 16822, .adv_w = 154, .box_w = 9, .box_h = 12, .ofs_x = 0, .ofs_y = 0},
    {.bitmap_index = 16930, .adv_w = 154, .box_w = 9, .box_h = 12, .ofs_x = 0, .ofs_y = 0},
    {.bitmap_index = 17038, .adv_w = 154, .box_w = 9, .box_h = 12, .ofs_x = 0, .ofs_y = 0},
    {.bitmap_index = 17146, .adv_w = 146, .box_w = 9, .box_h = 8, .ofs_x = 0, .ofs_y = 2},
    {.bitmap_index = 17218, .adv_w = 154, .box_w = 9, .box_h = 11, .ofs_x = 0, .ofs_y = -1},
    {.bitmap_index = 17317, .adv_w = 157, .box_w = 8, .box_h = 12, .ofs_x = 1, .ofs_y = 0},
    {.bitmap_index = 17413, .adv_w = 157, .box_w = 8, .box_h = 12, .ofs_x = 1, .ofs_y = 0},
    {.bitmap_index = 17509, .adv_w = 157, .box_w = 8, .box_h = 12, .ofs_x = 1, .ofs_y = 0},
    {.bitmap_index = 17605, .adv_w = 157, .box_w = 8, .box_h = 12, .ofs_x = 1, .ofs_y = 0},
    {.bitmap_index = 17701, .adv_w = 128, .box_w = 9, .box_h = 16, .ofs_x = 0, .ofs_y = -4},
    {.bitmap_index = 17845, .adv_w = 157, .box_w = 8, .box_h = 16, .ofs_x = 1, .ofs_y = -4},
    {.bitmap_index = 17973, .adv_w = 128, .box_w = 9, .box_h = 16, .ofs_x = 0, .ofs_y = -4}
};

/*---------------------
 *  CHARACTER MAPPING
 *--------------------*/

/*Collect the unicode lists and glyph_id offsets*/
static const lv_font_fmt_txt_cmap_t cmaps[] =
{
    {
        .range_start = 32, .range_length = 95, .glyph_id_start = 1,
        .unicode_list = NULL, .glyph_id_ofs_list = NULL, .list_length = 0, .type = LV_FONT_FMT_TXT_CMAP_FORMAT0_TINY
    },
    {
        .range_start = 160, .range_length = 96, .glyph_id_start = 96,
        .unicode_list = NULL, .glyph_id_ofs_list = NULL, .list_length = 0, .type = LV_FONT_FMT_TXT_CMAP_FORMAT0_TINY
    }
};

/*--------------------
 *  ALL CUSTOM DATA
 *--------------------*/

#if LVGL_VERSION_MAJOR == 8
/*Store all the custom data of the font*/
static  lv_font_fmt_txt_glyph_cache_t cache;
#endif

#if LVGL_VERSION_MAJOR >= 8
static const lv_font_fmt_txt_dsc_t font_dsc = {
#else
static lv_font_fmt_txt_dsc_t font_dsc = {
#endif
    .glyph_bitmap = glyph_bitmap,
    .glyph_dsc = glyph_dsc,
    .cmaps = cmaps,
    .kern_dsc = NULL,
    .kern_scale = 0,
    .cmap_num = 2,
    .bpp = 8,
    .kern_classes = 0,
    .bitmap_format = 0,
#if LVGL_VERSION_MAJOR == 8
    .cache = &cache
#endif
};

/*-----------------
 *  PUBLIC FONT
 *----------------*/

/*Initialize a public general font descriptor*/
#if LVGL_VERSION_MAJOR >= 8
const lv_font_t ui_font_open_sans_16 = {
#else
lv_font_t ui_font_open_sans_16 = {
#endif
    .get_glyph_dsc = lv_font_get_glyph_dsc_fmt_txt,    /*Function pointer to get glyph's data*/
    .get_glyph_bitmap = lv_font_get_bitmap_fmt_txt,    /*Function pointer to get glyph's bitmap*/
    .line_height = 20,          /*The maximum line height required by the font*/
    .base_line = 4,             /*Baseline measured from the bottom of the line*/
#if !(LVGL_VERSION_MAJOR == 6 && LVGL_VERSION_MINOR == 0)
    .subpx = LV_FONT_SUBPX_NONE,
#endif
#if LV_VERSION_CHECK(7, 4, 0) || LVGL_VERSION_MAJOR >= 8
    .underline_position = -1,
    .underline_thickness = 0,
#endif
    .dsc = &font_dsc,          /*The custom font data. Will be accessed by `get_glyph_bitmap/dsc` */
#if LV_VERSION_CHECK(8, 2, 0) || LVGL_VERSION_MAJOR >= 9
    .fallback = NULL,
#endif
    .user_data = NULL,
};

#endif /*#if UI_FONT_OPEN_SANS_16*/