/*******************************************************************************
 * Size: 20 px
 * Bpp: 8
 * Opts: --bpp 8 --size 20 --no-compress --font ../../../../Fonts/Open_Sans/static/OpenSans-SemiBold.ttf --range 32-255 --format lvgl
 ******************************************************************************/

#ifdef __has_include
    #if __has_include("lvgl.h")
        #ifndef LV_LVGL_H_INCLUDE_SIMPLE
            #define LV_LVGL_H_INCLUDE_SIMPLE
        #endif
    #endif
#endif

#ifdef LV_LVGL_H_INCLUDE_SIMPLE
    #include "lvgl.h"
#else
    #include "lvgl/lvgl.h"
#endif

#ifndef UI_FONT_OPEN_SANS_SEMIBOLD_20
#define UI_FONT_OPEN_SANS_SEMIBOLD_20 1
#endif

#if UI_FONT_OPEN_SANS_SEMIBOLD_20

/*-----------------
 *    BITMAPS
 *----------------*/

/*Store the image of the glyphs*/
static LV_ATTRIBUTE_LARGE_CONST const uint8_t glyph_bitmap[] = {
    /* U+0020 " " */

    /* U+0021 "!" */
    0x8e, 0xff, 0xff, 0x12, 0x82, 0xff, 0xff, 0x6,
    0x76, 0xff, 0xfa, 0x0, 0x6a, 0xff, 0xee, 0x0,
    0x5e, 0xff, 0xe2, 0x0, 0x52, 0xff, 0xd5, 0x0,
    0x46, 0xff, 0xc9, 0x0, 0x39, 0xff, 0xbd, 0x0,
    0x2d, 0xff, 0xb1, 0x0, 0x1f, 0xe8, 0x96, 0x0,
    0x0, 0x0, 0x0, 0x0, 0x51, 0xe0, 0xb7, 0x5,
    0xab, 0xff, 0xff, 0x2b, 0x5c, 0xf4, 0xc8, 0x7,

    /* U+0022 "\"" */
    0xa6, 0xff, 0x86, 0x0, 0xca, 0xff, 0x5e, 0x94,
    0xff, 0x73, 0x0, 0xb8, 0xff, 0x4b, 0x82, 0xff,
    0x5f, 0x0, 0xa6, 0xff, 0x37, 0x6e, 0xff, 0x4c,
    0x0, 0x92, 0xff, 0x24, 0x5c, 0xff, 0x38, 0x0,
    0x80, 0xff, 0x10, 0xb, 0x24, 0x6, 0x0, 0x11,
    0x24, 0x1,

    /* U+0023 "#" */
    0x0, 0x0, 0x0, 0x0, 0x3e, 0xff, 0x82, 0x0,
    0x9, 0xfd, 0xaa, 0x0, 0x0, 0x0, 0x0, 0x0,
    0x0, 0x6f, 0xff, 0x51, 0x0, 0x38, 0xff, 0x79,
    0x0, 0x0, 0x0, 0x0, 0x0, 0x0, 0xa2, 0xff,
    0x1e, 0x0, 0x6b, 0xff, 0x46, 0x0, 0x0, 0x0,
    0x0, 0x0, 0x0, 0xd2, 0xee, 0x0, 0x0, 0x9e,
    0xff, 0x16, 0x0, 0x0, 0x0, 0xcc, 0xff, 0xff,
    0xff, 0xff, 0xff, 0xff, 0xff, 0xff, 0xff, 0xff,
    0x70, 0x0, 0x80, 0xa0, 0xb8, 0xff, 0xcd, 0xa0,
    0xa8, 0xff, 0xdd, 0xa0, 0xa0, 0x46, 0x0, 0x0,
    0x0, 0x62, 0xff, 0x53, 0x0, 0x3a, 0xff, 0x7f,
    0x0, 0x0, 0x0, 0x0, 0x0, 0x0, 0x97, 0xff,
    0x21, 0x0, 0x6f, 0xff, 0x4d, 0x0, 0x0, 0x0,
    0x53, 0xa0, 0xa0, 0xe6, 0xff, 0xa0, 0xa0, 0xd7,
    0xff, 0xaf, 0xa0, 0x7b, 0x0, 0x84, 0xff, 0xff,
    0xff, 0xff, 0xff, 0xff, 0xff, 0xff, 0xff, 0xff,
    0xc4, 0x0, 0x0, 0x0, 0x2d, 0xff, 0x8a, 0x0,
    0x9, 0xfd, 0xb6, 0x0, 0x0, 0x0, 0x0, 0x0,
    0x0, 0x5e, 0xff, 0x5a, 0x0, 0x38, 0xff, 0x83,
    0x0, 0x0, 0x0, 0x0, 0x0, 0x0, 0x8e, 0xff,
    0x2a, 0x0, 0x6b, 0xff, 0x50, 0x0, 0x0, 0x0,
    0x0, 0x0, 0x0, 0xbe, 0xf6, 0x3, 0x0, 0x9e,
    0xff, 0x1e, 0x0, 0x0, 0x0, 0x0,

    /* U+0024 "$" */
    0x0, 0x0, 0x0, 0x0, 0xf0, 0x54, 0x0, 0x0,
    0x0, 0x0, 0x0, 0x0, 0x2c, 0x5e, 0xf6, 0x97,
    0x55, 0x2a, 0x1, 0x0, 0x11, 0xb8, 0xff, 0xff,
    0xff, 0xff, 0xff, 0xff, 0xd8, 0x3, 0xa3, 0xff,
    0xf0, 0x8b, 0xf7, 0x9b, 0x8e, 0xce, 0x9f, 0x0,
    0xe8, 0xff, 0x66, 0x0, 0xf0, 0x54, 0x0, 0x0,
    0x4, 0x0, 0xdc, 0xff, 0x9a, 0x1, 0xf0, 0x54,
    0x0, 0x0, 0x0, 0x0, 0x75, 0xff, 0xff, 0xd6,
    0xfa, 0x5b, 0x0, 0x0, 0x0, 0x0, 0x1, 0x71,
    0xf0, 0xff, 0xff, 0xfc, 0xb7, 0x47, 0x0, 0x0,
    0x0, 0x0, 0xd, 0x63, 0xf9, 0xff, 0xff, 0xff,
    0x9e, 0x1, 0x0, 0x0, 0x0, 0x0, 0xf0, 0x6e,
    0x90, 0xff, 0xff, 0x47, 0x0, 0x0, 0x0, 0x0,
    0xf0, 0x54, 0x0, 0xdc, 0xff, 0x70, 0x8c, 0x43,
    0xa, 0x0, 0xf0, 0x57, 0x52, 0xfb, 0xff, 0x4a,
    0xf0, 0xff, 0xfe, 0xe7, 0xfe, 0xfd, 0xff, 0xff,
    0xb4, 0x2, 0x6a, 0xb9, 0xe4, 0xfa, 0xff, 0xef,
    0xbf, 0x65, 0x3, 0x0, 0x0, 0x0, 0x0, 0x0,
    0xf0, 0x54, 0x0, 0x0, 0x0, 0x0, 0x0, 0x0,
    0x0, 0x0, 0xf0, 0x54, 0x0, 0x0, 0x0, 0x0,
    0x0, 0x0, 0x0, 0x0, 0x4b, 0x1a, 0x0, 0x0,
    0x0, 0x0,

    /* U+0025 "%" */
    0x0, 0x11, 0xab, 0xf6, 0xf1, 0x99, 0x8, 0x0,
    0x0, 0x0, 0x0, 0xa2, 0xff, 0x3f, 0x0, 0x0,
    0x0, 0x0, 0x9f, 0xff, 0xc6, 0xce, 0xff, 0x88,
    0x0, 0x0, 0x0, 0x34, 0xfe, 0xae, 0x0, 0x0,
    0x0, 0x0, 0x5, 0xf7, 0xef, 0x7, 0xe, 0xf6,
    0xec, 0x1, 0x0, 0x0, 0xc2, 0xfa, 0x24, 0x0,
    0x0, 0x0, 0x0, 0x25, 0xff, 0xc2, 0x0, 0x0,
    0xcf, 0xff, 0x18, 0x0, 0x53, 0xff, 0x8e, 0x0,
    0x0, 0x0, 0x0, 0x0, 0x2d, 0xff, 0xba, 0x0,
    0x0, 0xc6, 0xff, 0x20, 0x7, 0xdc, 0xeb, 0x11,
    0x0, 0x0, 0x0, 0x0, 0x0, 0x17, 0xff, 0xd0,
    0x0, 0x0, 0xdd, 0xff, 0xc, 0x76, 0xff, 0x6b,
    0x20, 0x82, 0x94, 0x5b, 0x2, 0x0, 0x0, 0xd8,
    0xfd, 0x34, 0x42, 0xff, 0xd0, 0x15, 0xf1, 0xd6,
    0x22, 0xee, 0xff, 0xff, 0xff, 0x99, 0x0, 0x0,
    0x55, 0xff, 0xff, 0xff, 0xfe, 0x4e, 0x96, 0xff,
    0x4a, 0x8d, 0xff, 0x82, 0x15, 0xdc, 0xff, 0x23,
    0x0, 0x0, 0x3d, 0x8d, 0x8c, 0x3a, 0x2a, 0xfc,
    0xb9, 0x0, 0xc6, 0xff, 0x24, 0x0, 0x8b, 0xff,
    0x60, 0x0, 0x0, 0x0, 0x0, 0x0, 0x0, 0xb9,
    0xfc, 0x2c, 0x0, 0xd8, 0xff, 0xe, 0x0, 0x72,
    0xff, 0x74, 0x0, 0x0, 0x0, 0x0, 0x0, 0x49,
    0xff, 0x96, 0x0, 0x0, 0xd0, 0xff, 0x14, 0x0,
    0x78, 0xff, 0x6c, 0x0, 0x0, 0x0, 0x0, 0x4,
    0xd6, 0xf1, 0x15, 0x0, 0x0, 0xa4, 0xff, 0x3c,
    0x0, 0xa2, 0xff, 0x42, 0x0, 0x0, 0x0, 0x0,
    0x6a, 0xff, 0x76, 0x0, 0x0, 0x0, 0x41, 0xff,
    0xca, 0x7b, 0xf9, 0xdd, 0x4, 0x0, 0x0, 0x0,
    0x10, 0xeb, 0xde, 0x7, 0x0, 0x0, 0x0, 0x0,
    0x6b, 0xe7, 0xfc, 0xc8, 0x2e, 0x0,

    /* U+0026 "&" */
    0x0, 0x0, 0x0, 0x4e, 0xc5, 0xf6, 0xfb, 0xd6,
    0x72, 0x2, 0x0, 0x0, 0x0, 0x0, 0x0, 0x0,
    0x0, 0x53, 0xff, 0xff, 0xe7, 0xde, 0xff, 0xff,
    0x7b, 0x0, 0x0, 0x0, 0x0, 0x0, 0x0, 0x0,
    0xb5, 0xff, 0xa2, 0x2, 0x0, 0x8b, 0xff, 0xd2,
    0x0, 0x0, 0x0, 0x0, 0x0, 0x0, 0x0, 0xb5,
    0xff, 0x77, 0x0, 0x0, 0x6a, 0xff, 0xc7, 0x0,
    0x0, 0x0, 0x0, 0x0, 0x0, 0x0, 0x62, 0xff,
    0xe3, 0x15, 0x3b, 0xea, 0xff, 0x5e, 0x0, 0x0,
    0x0, 0x0, 0x0, 0x0, 0x0, 0x2, 0xb8, 0xff,
    0xe6, 0xfe, 0xfb, 0x6f, 0x0, 0x0, 0x0, 0x0,
    0x0, 0x0, 0x0, 0x0, 0x13, 0xac, 0xff, 0xff,
    0xff, 0x4d, 0x0, 0x0, 0x0, 0x24, 0x5c, 0x5a,
    0x0, 0x0, 0x1f, 0xe0, 0xff, 0xe5, 0xc8, 0xff,
    0xe3, 0x24, 0x0, 0x0, 0x9a, 0xff, 0xc6, 0x0,
    0x0, 0xb4, 0xff, 0xdf, 0x18, 0xa, 0xbd, 0xff,
    0xe6, 0x29, 0xc, 0xef, 0xff, 0x68, 0x0, 0x3,
    0xfb, 0xff, 0x72, 0x0, 0x0, 0x9, 0xba, 0xff,
    0xe9, 0xa4, 0xff, 0xe9, 0xb, 0x0, 0x6, 0xff,
    0xff, 0x6e, 0x0, 0x0, 0x0, 0x8, 0xb7, 0xff,
    0xff, 0xff, 0x58, 0x0, 0x0, 0x0, 0xcf, 0xff,
    0xde, 0x21, 0x0, 0x0, 0x14, 0x93, 0xff, 0xff,
    0xf9, 0x3a, 0x0, 0x0, 0x0, 0x40, 0xf8, 0xff,
    0xfc, 0xd2, 0xd3, 0xfa, 0xff, 0xf9, 0xce, 0xff,
    0xf5, 0x40, 0x0, 0x0, 0x0, 0x2c, 0xa4, 0xe5,
    0xfd, 0xf6, 0xd3, 0x8c, 0x21, 0x6, 0xb1, 0xff,
    0xf6, 0x44,

    /* U+0027 "'" */
    0xa6, 0xff, 0x86, 0x94, 0xff, 0x73, 0x82, 0xff,
    0x5f, 0x6e, 0xff, 0x4c, 0x5c, 0xff, 0x38, 0xb,
    0x24, 0x6,

    /* U+0028 "(" */
    0x0, 0x0, 0x0, 0xa5, 0xff, 0x66, 0x0, 0x0,
    0x52, 0xff, 0xc7, 0x1, 0x0, 0x2, 0xd9, 0xff,
    0x45, 0x0, 0x0, 0x47, 0xff, 0xdb, 0x1, 0x0,
    0x0, 0x9d, 0xff, 0x8b, 0x0, 0x0, 0x0, 0xdd,
    0xff, 0x4b, 0x0, 0x0, 0xc, 0xff, 0xff, 0x1d,
    0x0, 0x0, 0x26, 0xff, 0xfd, 0x2, 0x0, 0x0,
    0x32, 0xff, 0xf3, 0x0, 0x0, 0x0, 0x2f, 0xff,
    0xf7, 0x0, 0x0, 0x0, 0x1b, 0xff, 0xff, 0xc,
    0x0, 0x0, 0x2, 0xf4, 0xff, 0x32, 0x0, 0x0,
    0x0, 0xbf, 0xff, 0x69, 0x0, 0x0, 0x0, 0x72,
    0xff, 0xb4, 0x0, 0x0, 0x0, 0x16, 0xf8, 0xfb,
    0x1a, 0x0, 0x0, 0x0, 0x91, 0xff, 0x8c, 0x0,
    0x0, 0x0, 0x10, 0xe3, 0xf8, 0x25, 0x0, 0x0,
    0x0, 0x2c, 0x68, 0x3c,

    /* U+0029 ")" */
    0x1c, 0xf0, 0xe5, 0x17, 0x0, 0x0, 0x0, 0x6e,
    0xff, 0xab, 0x0, 0x0, 0x0, 0x6, 0xe5, 0xff,
    0x34, 0x0, 0x0, 0x0, 0x84, 0xff, 0x9f, 0x0,
    0x0, 0x0, 0x30, 0xff, 0xf0, 0x4, 0x0, 0x0,
    0x1, 0xee, 0xff, 0x32, 0x0, 0x0, 0x0, 0xc1,
    0xff, 0x5f, 0x0, 0x0, 0x0, 0xa3, 0xff, 0x7a,
    0x0, 0x0, 0x0, 0x96, 0xff, 0x86, 0x0, 0x0,
    0x0, 0x9b, 0xff, 0x81, 0x0, 0x0, 0x0, 0xb0,
    0xff, 0x6f, 0x0, 0x0, 0x0, 0xd6, 0xff, 0x4b,
    0x0, 0x0, 0x10, 0xfe, 0xff, 0x16, 0x0, 0x0,
    0x58, 0xff, 0xca, 0x0, 0x0, 0x0, 0xba, 0xff,
    0x69, 0x0, 0x0, 0x32, 0xff, 0xe3, 0x9, 0x0,
    0x1, 0xc3, 0xff, 0x4a, 0x0, 0x0, 0x18, 0x68,
    0x4f, 0x0, 0x0, 0x0,

    /* U+002A "*" */
    0x0, 0x0, 0x0, 0x0, 0x97, 0xff, 0x7f, 0x0,
    0x0, 0x0, 0x0, 0x0, 0x0, 0x0, 0x0, 0x7b,
    0xff, 0x63, 0x0, 0x0, 0x0, 0x0, 0x0, 0x34,
    0x3, 0x0, 0x61, 0xff, 0x49, 0x0, 0x3, 0x34,
    0x0, 0xe, 0xff, 0xec, 0xa4, 0x92, 0xff, 0x85,
    0xaa, 0xef, 0xfe, 0x9, 0x25, 0xcd, 0xe4, 0xfa,
    0xff, 0xff, 0xff, 0xf9, 0xe3, 0xcc, 0x1d, 0x0,
    0x0, 0x0, 0x28, 0xf6, 0xfd, 0xee, 0x1d, 0x0,
    0x0, 0x0, 0x0, 0x0, 0x8, 0xd2, 0xfd, 0x63,
    0xff, 0xc3, 0x4, 0x0, 0x0, 0x0, 0x0, 0x9a,
    0xff, 0xab, 0x0, 0xbc, 0xff, 0x89, 0x0, 0x0,
    0x0, 0x0, 0x5b, 0xd9, 0x39, 0x0, 0x3c, 0xdc,
    0x55, 0x0, 0x0, 0x0, 0x0, 0x0, 0x3, 0x0,
    0x0, 0x0, 0x4, 0x0, 0x0, 0x0,

    /* U+002B "+" */
    0x0, 0x0, 0x0, 0x0, 0x1d, 0xa8, 0x61, 0x0,
    0x0, 0x0, 0x0, 0x0, 0x0, 0x0, 0x0, 0x2c,
    0xff, 0x94, 0x0, 0x0, 0x0, 0x0, 0x0, 0x0,
    0x0, 0x0, 0x2c, 0xff, 0x94, 0x0, 0x0, 0x0,
    0x0, 0x0, 0x0, 0x0, 0x0, 0x2c, 0xff, 0x94,
    0x0, 0x0, 0x0, 0x0, 0xc, 0xbc, 0xbc, 0xbc,
    0xc8, 0xff, 0xe3, 0xbc, 0xbc, 0xbc, 0x5b, 0x10,
    0xff, 0xff, 0xff, 0xff, 0xff, 0xff, 0xff, 0xff,
    0xff, 0x7c, 0x0, 0x0, 0x0, 0x0, 0x2c, 0xff,
    0x94, 0x0, 0x0, 0x0, 0x0, 0x0, 0x0, 0x0,
    0x0, 0x2c, 0xff, 0x94, 0x0, 0x0, 0x0, 0x0,
    0x0, 0x0, 0x0, 0x0, 0x2c, 0xff, 0x94, 0x0,
    0x0, 0x0, 0x0, 0x0, 0x0, 0x0, 0x0, 0x2c,
    0xff, 0x94, 0x0, 0x0, 0x0, 0x0,

    /* U+002C "," */
    0x0, 0x52, 0xe8, 0xe5, 0x5, 0x0, 0x84, 0xff,
    0xc2, 0x0, 0x0, 0xb7, 0xff, 0x68, 0x0, 0x1,
    0xed, 0xf6, 0x10, 0x0, 0x2b, 0xff, 0x9e, 0x0,
    0x0,

    /* U+002D "-" */
    0x47, 0xf0, 0xf0, 0xf0, 0xf0, 0xb4, 0x4c, 0xff,
    0xff, 0xff, 0xff, 0xc0,

    /* U+002E "." */
    0x51, 0xe1, 0xb6, 0x5, 0xab, 0xff, 0xff, 0x2b,
    0x5c, 0xf4, 0xc5, 0x7,

    /* U+002F "/" */
    0x0, 0x0, 0x0, 0x0, 0x0, 0xb0, 0xff, 0x74,
    0x0, 0x0, 0x0, 0x0, 0x18, 0xfb, 0xfb, 0x18,
    0x0, 0x0, 0x0, 0x0, 0x74, 0xff, 0xb0, 0x0,
    0x0, 0x0, 0x0, 0x0, 0xd4, 0xff, 0x50, 0x0,
    0x0, 0x0, 0x0, 0x38, 0xff, 0xea, 0x5, 0x0,
    0x0, 0x0, 0x0, 0x98, 0xff, 0x8d, 0x0, 0x0,
    0x0, 0x0, 0xa, 0xf0, 0xff, 0x2c, 0x0, 0x0,
    0x0, 0x0, 0x5c, 0xff, 0xcc, 0x0, 0x0, 0x0,
    0x0, 0x0, 0xbc, 0xff, 0x6c, 0x0, 0x0, 0x0,
    0x0, 0x1e, 0xfe, 0xf8, 0x10, 0x0, 0x0, 0x0,
    0x0, 0x80, 0xff, 0xa8, 0x0, 0x0, 0x0, 0x0,
    0x2, 0xdf, 0xff, 0x47, 0x0, 0x0, 0x0, 0x0,
    0x42, 0xff, 0xe2, 0x3, 0x0, 0x0, 0x0, 0x0,
    0xa4, 0xff, 0x84, 0x0, 0x0, 0x0, 0x0, 0x0,

    /* U+0030 "0" */
    0x0, 0x0, 0x9, 0x84, 0xdd, 0xfc, 0xed, 0xab,
    0x26, 0x0, 0x0, 0x0, 0x3, 0xbb, 0xff, 0xff,
    0xf3, 0xfd, 0xff, 0xee, 0x27, 0x0, 0x0, 0x5b,
    0xff, 0xfb, 0x4e, 0x0, 0x17, 0xc9, 0xff, 0xb9,
    0x0, 0x0, 0xb8, 0xff, 0xa3, 0x0, 0x0, 0x0,
    0x38, 0xff, 0xff, 0x1d, 0x0, 0xee, 0xff, 0x5f,
    0x0, 0x0, 0x0, 0x1, 0xf1, 0xff, 0x5a, 0xe,
    0xff, 0xff, 0x3f, 0x0, 0x0, 0x0, 0x0, 0xd1,
    0xff, 0x7c, 0x1c, 0xff, 0xff, 0x32, 0x0, 0x0,
    0x0, 0x0, 0xc3, 0xff, 0x8c, 0x1c, 0xff, 0xff,
    0x32, 0x0, 0x0, 0x0, 0x0, 0xc2, 0xff, 0x8d,
    0xd, 0xff, 0xff, 0x3f, 0x0, 0x0, 0x0, 0x0,
    0xcf, 0xff, 0x7f, 0x0, 0xea, 0xff, 0x5f, 0x0,
    0x0, 0x0, 0x1, 0xf1, 0xff, 0x60, 0x0, 0xae,
    0xff, 0x9e, 0x0, 0x0, 0x0, 0x35, 0xff, 0xff,
    0x28, 0x0, 0x4d, 0xff, 0xfa, 0x4a, 0x0, 0x16,
    0xc5, 0xff, 0xcb, 0x0, 0x0, 0x0, 0xac, 0xff,
    0xff, 0xf0, 0xfc, 0xff, 0xf7, 0x37, 0x0, 0x0,
    0x0, 0x5, 0x7b, 0xdb, 0xfd, 0xf1, 0xb5, 0x31,
    0x0, 0x0,

    /* U+0031 "1" */
    0x0, 0x0, 0x0, 0x1f, 0xcc, 0xff, 0xa4, 0x0,
    0x0, 0x4a, 0xee, 0xff, 0xff, 0xa4, 0x3, 0x85,
    0xfe, 0xfa, 0xd7, 0xff, 0xa4, 0x3e, 0xff, 0xe9,
    0x3f, 0xa2, 0xff, 0xa4, 0x0, 0x64, 0x1b, 0x0,
    0xa8, 0xff, 0xa4, 0x0, 0x0, 0x0, 0x0, 0xa8,
    0xff, 0xa4, 0x0, 0x0, 0x0, 0x0, 0xa8, 0xff,
    0xa4, 0x0, 0x0, 0x0, 0x0, 0xa8, 0xff, 0xa4,
    0x0, 0x0, 0x0, 0x0, 0xa8, 0xff, 0xa4, 0x0,
    0x0, 0x0, 0x0, 0xa8, 0xff, 0xa4, 0x0, 0x0,
    0x0, 0x0, 0xa8, 0xff, 0xa4, 0x0, 0x0, 0x0,
    0x0, 0xa8, 0xff, 0xa4, 0x0, 0x0, 0x0, 0x0,
    0xa8, 0xff, 0xa4, 0x0, 0x0, 0x0, 0x0, 0xa8,
    0xff, 0xa4,

    /* U+0032 "2" */
    0x0, 0x0, 0x36, 0xa7, 0xe5, 0xfc, 0xf1, 0xb8,
    0x3f, 0x0, 0x0, 0x0, 0x8e, 0xff, 0xff, 0xff,
    0xf8, 0xff, 0xff, 0xfd, 0x52, 0x0, 0x0, 0x76,
    0xf5, 0x7d, 0x1a, 0x0, 0x21, 0xcd, 0xff, 0xdb,
    0x0, 0x0, 0x0, 0x19, 0x0, 0x0, 0x0, 0x0,
    0x53, 0xff, 0xff, 0xb, 0x0, 0x0, 0x0, 0x0,
    0x0, 0x0, 0x0, 0x53, 0xff, 0xf9, 0x4, 0x0,
    0x0, 0x0, 0x0, 0x0, 0x0, 0x0, 0xa7, 0xff,
    0xb4, 0x0, 0x0, 0x0, 0x0, 0x0, 0x0, 0x0,
    0x54, 0xff, 0xfb, 0x31, 0x0, 0x0, 0x0, 0x0,
    0x0, 0x0, 0x43, 0xf7, 0xff, 0x67, 0x0, 0x0,
    0x0, 0x0, 0x0, 0x0, 0x42, 0xf6, 0xff, 0x72,
    0x0, 0x0, 0x0, 0x0, 0x0, 0x0, 0x47, 0xf7,
    0xfd, 0x66, 0x0, 0x0, 0x0, 0x0, 0x0, 0x0,
    0x4d, 0xf9, 0xfb, 0x58, 0x0, 0x0, 0x0, 0x0,
    0x0, 0x0, 0x53, 0xfa, 0xfc, 0x5d, 0x10, 0x10,
    0x10, 0x10, 0x10, 0x9, 0x13, 0xfc, 0xff, 0xff,
    0xff, 0xff, 0xff, 0xff, 0xff, 0xff, 0x90, 0x18,
    0xff, 0xff, 0xff, 0xff, 0xff, 0xff, 0xff, 0xff,
    0xff, 0x90,

    /* U+0033 "3" */
    0x0, 0xc, 0x71, 0xc6, 0xf3, 0xfe, 0xef, 0xc2,
    0x5f, 0x1, 0x0, 0x3, 0xd1, 0xff, 0xff, 0xf6,
    0xec, 0xfe, 0xff, 0xff, 0x87, 0x0, 0x0, 0x3f,
    0x8b, 0x2d, 0x1, 0x0, 0x11, 0xb0, 0xff, 0xf5,
    0x1, 0x0, 0x0, 0x0, 0x0, 0x0, 0x0, 0x0,
    0x56, 0xff, 0xf2, 0x0, 0x0, 0x0, 0x0, 0x0,
    0x0, 0x0, 0x2a, 0xcc, 0xff, 0x83, 0x0, 0x0,
    0x0, 0x0, 0xd5, 0xda, 0xec, 0xff, 0xcb, 0x61,
    0x1, 0x0, 0x0, 0x0, 0x0, 0xfc, 0xff, 0xff,
    0xff, 0xe5, 0x92, 0x12, 0x0, 0x0, 0x0, 0x0,
    0x0, 0x2, 0x15, 0x50, 0xd8, 0xff, 0xd3, 0x6,
    0x0, 0x0, 0x0, 0x0, 0x0, 0x0, 0x0, 0x29,
    0xff, 0xff, 0x50, 0x0, 0x0, 0x0, 0x0, 0x0,
    0x0, 0x0, 0x1, 0xff, 0xff, 0x70, 0x0, 0x0,
    0x0, 0x0, 0x0, 0x0, 0x0, 0x30, 0xff, 0xff,
    0x59, 0x25, 0x96, 0x3a, 0x5, 0x0, 0x0, 0x28,
    0xcd, 0xff, 0xf2, 0x10, 0x2c, 0xff, 0xff, 0xf9,
    0xe3, 0xed, 0xff, 0xff, 0xfa, 0x56, 0x0, 0xb,
    0x7b, 0xc3, 0xec, 0xfc, 0xf9, 0xde, 0x9e, 0x2d,
    0x0, 0x0,

    /* U+0034 "4" */
    0x0, 0x0, 0x0, 0x0, 0x0, 0x0, 0x6f, 0xff,
    0xff, 0x28, 0x0, 0x0, 0x0, 0x0, 0x0, 0x0,
    0x0, 0x2d, 0xf8, 0xff, 0xff, 0x28, 0x0, 0x0,
    0x0, 0x0, 0x0, 0x0, 0x8, 0xd3, 0xe7, 0xff,
    0xff, 0x28, 0x0, 0x0, 0x0, 0x0, 0x0, 0x0,
    0x93, 0xff, 0x6b, 0xff, 0xff, 0x28, 0x0, 0x0,
    0x0, 0x0, 0x0, 0x49, 0xff, 0xb5, 0x17, 0xff,
    0xff, 0x28, 0x0, 0x0, 0x0, 0x0, 0x16, 0xe9,
    0xe9, 0x17, 0x1c, 0xff, 0xff, 0x28, 0x0, 0x0,
    0x0, 0x1, 0xb5, 0xff, 0x4b, 0x0, 0x1c, 0xff,
    0xff, 0x28, 0x0, 0x0, 0x0, 0x6c, 0xff, 0x94,
    0x0, 0x0, 0x1c, 0xff, 0xff, 0x28, 0x0, 0x0,
    0x2b, 0xf7, 0xd6, 0x9, 0x0, 0x0, 0x1c, 0xff,
    0xff, 0x28, 0x0, 0x0, 0x99, 0xff, 0xff, 0xff,
    0xff, 0xff, 0xff, 0xff, 0xff, 0xff, 0xff, 0x14,
    0x8d, 0xe8, 0xe8, 0xe8, 0xe8, 0xe8, 0xeb, 0xff,
    0xff, 0xec, 0xe8, 0x12, 0x0, 0x0, 0x0, 0x0,
    0x0, 0x0, 0x1c, 0xff, 0xff, 0x28, 0x0, 0x0,
    0x0, 0x0, 0x0, 0x0, 0x0, 0x0, 0x1c, 0xff,
    0xff, 0x28, 0x0, 0x0, 0x0, 0x0, 0x0, 0x0,
    0x0, 0x0, 0x1c, 0xff, 0xff, 0x28, 0x0, 0x0,

    /* U+0035 "5" */
    0xb, 0xff, 0xff, 0xff, 0xff, 0xff, 0xff, 0xff,
    0x6c, 0x0, 0x20, 0xff, 0xff, 0xff, 0xff, 0xff,
    0xff, 0xff, 0x6c, 0x0, 0x35, 0xff, 0xf8, 0x4,
    0x4, 0x4, 0x4, 0x4, 0x2, 0x0, 0x4b, 0xff,
    0xde, 0x0, 0x0, 0x0, 0x0, 0x0, 0x0, 0x0,
    0x5f, 0xff, 0xc6, 0x0, 0x0, 0x0, 0x0, 0x0,
    0x0, 0x0, 0x74, 0xff, 0xf2, 0xeb, 0xfe, 0xf3,
    0xc1, 0x53, 0x0, 0x0, 0x69, 0xff, 0xfc, 0xe8,
    0xf0, 0xff, 0xff, 0xff, 0x7e, 0x0, 0x0, 0x1d,
    0x5, 0x0, 0x0, 0x28, 0xc4, 0xff, 0xfc, 0x1d,
    0x0, 0x0, 0x0, 0x0, 0x0, 0x0, 0x1e, 0xff,
    0xff, 0x5a, 0x0, 0x0, 0x0, 0x0, 0x0, 0x0,
    0x0, 0xf9, 0xff, 0x62, 0x0, 0x0, 0x0, 0x0,
    0x0, 0x0, 0x28, 0xff, 0xff, 0x40, 0x86, 0x47,
    0xc, 0x0, 0x0, 0x30, 0xcd, 0xff, 0xdf, 0x5,
    0xdc, 0xff, 0xfe, 0xec, 0xf3, 0xff, 0xff, 0xf2,
    0x3b, 0x0, 0x5e, 0xbc, 0xe8, 0xfc, 0xf9, 0xda,
    0x94, 0x20, 0x0, 0x0,

    /* U+0036 "6" */
    0x0, 0x0, 0x0, 0x4, 0x63, 0xbc, 0xec, 0xfe,
    0xf8, 0x87, 0x0, 0x0, 0x0, 0x14, 0xca, 0xff,
    0xff, 0xf5, 0xdc, 0xe3, 0x95, 0x0, 0x0, 0x1,
    0xbe, 0xff, 0xd7, 0x43, 0x3, 0x0, 0x0, 0x2,
    0x0, 0x0, 0x4b, 0xff, 0xec, 0x17, 0x0, 0x0,
    0x0, 0x0, 0x0, 0x0, 0x0, 0xa4, 0xff, 0x85,
    0x0, 0x0, 0x0, 0x0, 0x0, 0x0, 0x0, 0x0,
    0xdd, 0xff, 0x47, 0x7e, 0xe1, 0xfc, 0xe5, 0x92,
    0xf, 0x0, 0x3, 0xfc, 0xff, 0xc0, 0xff, 0xd7,
    0xdb, 0xff, 0xff, 0xc8, 0x4, 0x10, 0xff, 0xff,
    0xe2, 0x2f, 0x0, 0x0, 0x48, 0xfd, 0xff, 0x55,
    0x10, 0xff, 0xff, 0x5c, 0x0, 0x0, 0x0, 0x0,
    0xbc, 0xff, 0x91, 0x1, 0xf4, 0xff, 0x4e, 0x0,
    0x0, 0x0, 0x0, 0xa4, 0xff, 0x9d, 0x0, 0xbb,
    0xff, 0x96, 0x0, 0x0, 0x0, 0x0, 0xcf, 0xff,
    0x80, 0x0, 0x50, 0xff, 0xfb, 0x5a, 0x1, 0x4,
    0x75, 0xff, 0xff, 0x31, 0x0, 0x0, 0x9f, 0xff,
    0xff, 0xef, 0xf5, 0xff, 0xff, 0x8f, 0x0, 0x0,
    0x0, 0x1, 0x65, 0xcd, 0xf9, 0xf7, 0xcb, 0x61,
    0x1, 0x0,

    /* U+0037 "7" */
    0x48, 0xff, 0xff, 0xff, 0xff, 0xff, 0xff, 0xff,
    0xff, 0xff, 0x9c, 0x48, 0xff, 0xff, 0xff, 0xff,
    0xff, 0xff, 0xff, 0xff, 0xff, 0x91, 0x0, 0x0,
    0x0, 0x0, 0x0, 0x0, 0x0, 0x1e, 0xfb, 0xff,
    0x31, 0x0, 0x0, 0x0, 0x0, 0x0, 0x0, 0x0,
    0x91, 0xff, 0xbc, 0x0, 0x0, 0x0, 0x0, 0x0,
    0x0, 0x0, 0x13, 0xf5, 0xff, 0x48, 0x0, 0x0,
    0x0, 0x0, 0x0, 0x0, 0x0, 0x7f, 0xff, 0xd5,
    0x1, 0x0, 0x0, 0x0, 0x0, 0x0, 0x0, 0xb,
    0xed, 0xff, 0x62, 0x0, 0x0, 0x0, 0x0, 0x0,
    0x0, 0x0, 0x6f, 0xff, 0xe7, 0x7, 0x0, 0x0,
    0x0, 0x0, 0x0, 0x0, 0x5, 0xe1, 0xff, 0x7b,
    0x0, 0x0, 0x0, 0x0, 0x0, 0x0, 0x0, 0x5e,
    0xff, 0xf5, 0x12, 0x0, 0x0, 0x0, 0x0, 0x0,
    0x0, 0x1, 0xd4, 0xff, 0x95, 0x0, 0x0, 0x0,
    0x0, 0x0, 0x0, 0x0, 0x4d, 0xff, 0xfd, 0x24,
    0x0, 0x0, 0x0, 0x0, 0x0, 0x0, 0x0, 0xc4,
    0xff, 0xac, 0x0, 0x0, 0x0, 0x0, 0x0, 0x0,
    0x0, 0x3c, 0xff, 0xff, 0x3a, 0x0, 0x0, 0x0,
    0x0, 0x0,

    /* U+0038 "8" */
    0x0, 0x0, 0x21, 0x9b, 0xe2, 0xfd, 0xf3, 0xc4,
    0x5f, 0x0, 0x0, 0x0, 0x26, 0xee, 0xff, 0xf5,
    0xc9, 0xe1, 0xff, 0xff, 0x86, 0x0, 0x0, 0x94,
    0xff, 0xd6, 0x12, 0x0, 0x0, 0x7b, 0xff, 0xf9,
    0xa, 0x0, 0xaa, 0xff, 0x8f, 0x0, 0x0, 0x0,
    0x23, 0xff, 0xff, 0x1a, 0x0, 0x6e, 0xff, 0xdb,
    0x11, 0x0, 0x0, 0x7b, 0xff, 0xd8, 0x1, 0x0,
    0x6, 0xbe, 0xff, 0xe2, 0x6d, 0xa5, 0xff, 0xe8,
    0x2f, 0x0, 0x0, 0x0, 0x6, 0xae, 0xff, 0xff,
    0xff, 0xd4, 0x16, 0x0, 0x0, 0x0, 0x6, 0x99,
    0xff, 0xf7, 0xb3, 0xf5, 0xff, 0xcc, 0x25, 0x0,
    0x0, 0x97, 0xff, 0xd3, 0x21, 0x0, 0x15, 0xac,
    0xff, 0xe6, 0x13, 0xd, 0xfc, 0xff, 0x32, 0x0,
    0x0, 0x0, 0x3, 0xcd, 0xff, 0x73, 0x20, 0xff,
    0xff, 0x17, 0x0, 0x0, 0x0, 0x0, 0xac, 0xff,
    0x8a, 0x5, 0xef, 0xff, 0x93, 0x4, 0x0, 0x0,
    0x39, 0xf5, 0xff, 0x57, 0x0, 0x65, 0xff, 0xff,
    0xea, 0xc4, 0xd5, 0xff, 0xff, 0xb9, 0x3, 0x0,
    0x0, 0x41, 0xb1, 0xea, 0xfe, 0xf5, 0xca, 0x6d,
    0x5, 0x0,

    /* U+0039 "9" */
    0x0, 0x0, 0x24, 0xa2, 0xe9, 0xfe, 0xe8, 0x9e,
    0x1f, 0x0, 0x0, 0x0, 0x2d, 0xf0, 0xff, 0xfe,
    0xe8, 0xfd, 0xff, 0xed, 0x2a, 0x0, 0x0, 0xc0,
    0xff, 0xcf, 0x20, 0x0, 0x1a, 0xc3, 0xff, 0xc8,
    0x0, 0x10, 0xfe, 0xff, 0x43, 0x0, 0x0, 0x0,
    0x1b, 0xfc, 0xff, 0x33, 0x28, 0xff, 0xff, 0x1c,
    0x0, 0x0, 0x0, 0x0, 0xd2, 0xff, 0x6d, 0x18,
    0xff, 0xff, 0x3e, 0x0, 0x0, 0x0, 0x8, 0xea,
    0xff, 0x88, 0x0, 0xd3, 0xff, 0xcd, 0x2a, 0x3,
    0x2a, 0xb6, 0xff, 0xff, 0x87, 0x0, 0x3d, 0xf7,
    0xff, 0xff, 0xff, 0xff, 0xd9, 0xc5, 0xff, 0x77,
    0x0, 0x0, 0x2a, 0x98, 0xc5, 0xc3, 0x87, 0x12,
    0xd8, 0xff, 0x57, 0x0, 0x0, 0x0, 0x0, 0x0,
    0x0, 0x0, 0x1d, 0xfe, 0xff, 0x1e, 0x0, 0x0,
    0x0, 0x0, 0x0, 0x0, 0x0, 0x98, 0xff, 0xc2,
    0x0, 0x0, 0x1, 0x0, 0x0, 0x0, 0x19, 0x96,
    0xff, 0xfc, 0x39, 0x0, 0x0, 0x28, 0xed, 0xd8,
    0xe3, 0xff, 0xff, 0xf8, 0x5b, 0x0, 0x0, 0x0,
    0x22, 0xec, 0xfe, 0xf7, 0xd7, 0x93, 0x24, 0x0,
    0x0, 0x0,

    /* U+003A ":" */
    0x5c, 0xf4, 0xc8, 0x7, 0xab, 0xff, 0xff, 0x2a,
    0x50, 0xe4, 0xb6, 0x5, 0x0, 0x0, 0x0, 0x0,
    0x0, 0x0, 0x0, 0x0, 0x0, 0x0, 0x0, 0x0,
    0x0, 0x0, 0x0, 0x0, 0x0, 0x0, 0x0, 0x0,
    0x51, 0xe1, 0xb6, 0x5, 0xab, 0xff, 0xff, 0x2b,
    0x5c, 0xf4, 0xc5, 0x7,

    /* U+003B ";" */
    0x0, 0x5f, 0xf6, 0xc5, 0x5, 0x0, 0xaf, 0xff,
    0xff, 0x22, 0x0, 0x53, 0xe6, 0xb4, 0x3, 0x0,
    0x0, 0x0, 0x0, 0x0, 0x0, 0x0, 0x0, 0x0,
    0x0, 0x0, 0x0, 0x0, 0x0, 0x0, 0x0, 0x0,
    0x0, 0x0, 0x0, 0x0, 0x0, 0x0, 0x0, 0x0,
    0x0, 0x0, 0x0, 0x0, 0x0, 0x0, 0x6f, 0xff,
    0xeb, 0x0, 0x0, 0x9e, 0xff, 0xa4, 0x0, 0x0,
    0xd1, 0xff, 0x48, 0x0, 0xd, 0xfd, 0xe4, 0x3,
    0x0, 0x3d, 0xe8, 0x77, 0x0, 0x0,

    /* U+003C "<" */
    0x0, 0x0, 0x0, 0x0, 0x0, 0x0, 0x0, 0x0,
    0x0, 0x0, 0x14, 0x0, 0x0, 0x0, 0x0, 0x0,
    0x0, 0x0, 0x1, 0x4c, 0xca, 0x7c, 0x0, 0x0,
    0x0, 0x0, 0x0, 0x1, 0x4f, 0xcd, 0xff, 0xf8,
    0x5a, 0x0, 0x0, 0x0, 0x1, 0x50, 0xcf, 0xff,
    0xf2, 0x88, 0x19, 0x0, 0x0, 0x1, 0x52, 0xcf,
    0xff, 0xe7, 0x78, 0x10, 0x0, 0x0, 0x0, 0x9,
    0xd1, 0xff, 0xde, 0x67, 0x8, 0x0, 0x0, 0x0,
    0x0, 0x0, 0xa, 0xd9, 0xff, 0xef, 0x8f, 0x25,
    0x0, 0x0, 0x0, 0x0, 0x0, 0x0, 0x2, 0x4e,
    0xbe, 0xff, 0xff, 0xb9, 0x4f, 0x3, 0x0, 0x0,
    0x0, 0x0, 0x0, 0x0, 0x30, 0xa1, 0xf9, 0xff,
    0xe1, 0x79, 0x15, 0x0, 0x0, 0x0, 0x0, 0x0,
    0x0, 0x18, 0x82, 0xea, 0xff, 0x7c, 0x0, 0x0,
    0x0, 0x0, 0x0, 0x0, 0x0, 0x0, 0x9, 0x65,
    0x5a,

    /* U+003D "=" */
    0xb8, 0xb8, 0xb8, 0xb8, 0xb8, 0xb8, 0xb8, 0xb8,
    0xb8, 0x4e, 0xff, 0xff, 0xff, 0xff, 0xff, 0xff,
    0xff, 0xff, 0xff, 0x6c, 0x0, 0x0, 0x0, 0x0,
    0x0, 0x0, 0x0, 0x0, 0x0, 0x0, 0x0, 0x0,
    0x0, 0x0, 0x0, 0x0, 0x0, 0x0, 0x0, 0x0,
    0xb8, 0xb8, 0xb8, 0xb8, 0xb8, 0xb8, 0xb8, 0xb8,
    0xb8, 0x4e, 0xff, 0xff, 0xff, 0xff, 0xff, 0xff,
    0xff, 0xff, 0xff, 0x6c,

    /* U+003E ">" */
    0x4, 0x10, 0x0, 0x0, 0x0, 0x0, 0x0, 0x0,
    0x0, 0x0, 0x0, 0x10, 0xf0, 0x80, 0x12, 0x0,
    0x0, 0x0, 0x0, 0x0, 0x0, 0x0, 0xa, 0xdd,
    0xff, 0xf2, 0x84, 0x12, 0x0, 0x0, 0x0, 0x0,
    0x0, 0x0, 0x3, 0x57, 0xcd, 0xff, 0xf2, 0x85,
    0x13, 0x0, 0x0, 0x0, 0x0, 0x0, 0x0, 0x0,
    0x46, 0xbe, 0xff, 0xf4, 0x88, 0x14, 0x0, 0x0,
    0x0, 0x0, 0x0, 0x0, 0x0, 0x37, 0xae, 0xff,
    0xf4, 0x52, 0x0, 0x0, 0x0, 0x0, 0x0, 0x9,
    0x62, 0xcc, 0xff, 0xf7, 0x5a, 0x0, 0x0, 0x0,
    0x23, 0x8c, 0xee, 0xff, 0xe7, 0x7e, 0x14, 0x0,
    0x1, 0x4c, 0xb7, 0xfe, 0xff, 0xcf, 0x5e, 0x6,
    0x0, 0x0, 0x0, 0x10, 0xff, 0xfe, 0xb2, 0x42,
    0x0, 0x0, 0x0, 0x0, 0x0, 0x0, 0xd, 0x96,
    0x24, 0x0, 0x0, 0x0, 0x0, 0x0, 0x0, 0x0,
    0x0,

    /* U+003F "?" */
    0x16, 0x7b, 0xc8, 0xf3, 0xfc, 0xe7, 0xa2, 0x20,
    0x0, 0x9a, 0xff, 0xff, 0xfa, 0xf1, 0xff, 0xff,
    0xe9, 0x17, 0x24, 0x8b, 0x30, 0x2, 0x0, 0x2c,
    0xe6, 0xff, 0x78, 0x0, 0x0, 0x0, 0x0, 0x0,
    0x0, 0xa4, 0xff, 0x8f, 0x0, 0x0, 0x0, 0x0,
    0x0, 0xc, 0xdf, 0xff, 0x5c, 0x0, 0x0, 0x0,
    0x0, 0x1e, 0xca, 0xff, 0xb9, 0x4, 0x0, 0x0,
    0x0, 0x38, 0xee, 0xff, 0x98, 0x6, 0x0, 0x0,
    0x0, 0x8, 0xe7, 0xff, 0x67, 0x0, 0x0, 0x0,
    0x0, 0x0, 0x36, 0xff, 0xc9, 0x0, 0x0, 0x0,
    0x0, 0x0, 0x0, 0x21, 0x84, 0x5d, 0x0, 0x0,
    0x0, 0x0, 0x0, 0x0, 0x0, 0x0, 0x0, 0x0,
    0x0, 0x0, 0x0, 0x0, 0x0, 0x43, 0xde, 0xbf,
    0xb, 0x0, 0x0, 0x0, 0x0, 0x0, 0x97, 0xff,
    0xff, 0x3b, 0x0, 0x0, 0x0, 0x0, 0x0, 0x4b,
    0xf2, 0xd2, 0xe, 0x0, 0x0, 0x0,

    /* U+0040 "@" */
    0x0, 0x0, 0x0, 0x0, 0x27, 0x88, 0xcb, 0xef,
    0xfd, 0xf3, 0xcd, 0x88, 0x1f, 0x0, 0x0, 0x0,
    0x0, 0x0, 0x9, 0x94, 0xfd, 0xfd, 0xc6, 0x99,
    0x8b, 0x99, 0xc9, 0xff, 0xf9, 0x74, 0x0, 0x0,
    0x0, 0x9, 0xc1, 0xff, 0xa0, 0x1d, 0x0, 0x0,
    0x0, 0x0, 0x0, 0x2c, 0xc9, 0xff, 0x78, 0x0,
    0x0, 0x99, 0xff, 0x77, 0x0, 0x1d, 0xa0, 0xe9,
    0xfd, 0xef, 0xc8, 0x65, 0xb, 0xd2, 0xfc, 0x27,
    0x2b, 0xfe, 0xb7, 0x0, 0x1f, 0xe9, 0xfd, 0xa7,
    0x7f, 0xa7, 0xff, 0x9f, 0x0, 0x45, 0xff, 0x8c,
    0x8c, 0xff, 0x40, 0x0, 0xa9, 0xff, 0x63, 0x0,
    0x0, 0x3f, 0xff, 0x92, 0x0, 0x3, 0xf6, 0xc4,
    0xc9, 0xf5, 0x3, 0x3, 0xf6, 0xec, 0x2, 0x0,
    0x0, 0x4a, 0xff, 0x86, 0x0, 0x0, 0xe0, 0xd8,
    0xe5, 0xda, 0x0, 0x12, 0xff, 0xcc, 0x0, 0x0,
    0x0, 0x60, 0xff, 0x78, 0x0, 0x0, 0xee, 0xca,
    0xe6, 0xda, 0x0, 0x3, 0xf7, 0xe4, 0x1, 0x0,
    0x0, 0x9c, 0xff, 0x74, 0x0, 0x25, 0xff, 0x96,
    0xcd, 0xf8, 0x4, 0x0, 0xa7, 0xff, 0x85, 0x27,
    0x5d, 0xf9, 0xf6, 0xbf, 0x2b, 0xb7, 0xfe, 0x31,
    0x91, 0xff, 0x4a, 0x0, 0x19, 0xd1, 0xff, 0xff,
    0xfe, 0x86, 0x5e, 0xfe, 0xff, 0xfb, 0x6d, 0x0,
    0x2a, 0xfd, 0xd3, 0xc, 0x0, 0x3, 0x37, 0x4c,
    0x20, 0x0, 0x0, 0x28, 0x4b, 0x1a, 0x0, 0x0,
    0x0, 0x80, 0xff, 0xcd, 0x33, 0x0, 0x0, 0x0,
    0x0, 0x0, 0x0, 0x27, 0x10, 0x0, 0x0, 0x0,
    0x0, 0x1, 0x7a, 0xfa, 0xff, 0xd1, 0xa0, 0x90,
    0x96, 0xb4, 0xe4, 0xff, 0x30, 0x0, 0x0, 0x0,
    0x0, 0x0, 0x0, 0x20, 0x85, 0xc8, 0xef, 0xfd,
    0xf7, 0xdc, 0xac, 0x63, 0x8, 0x0, 0x0, 0x0,

    /* U+0041 "A" */
    0x0, 0x0, 0x0, 0x0, 0x2, 0xdf, 0xff, 0xfd,
    0x1b, 0x0, 0x0, 0x0, 0x0, 0x0, 0x0, 0x0,
    0x0, 0x0, 0x42, 0xff, 0xff, 0xff, 0x7a, 0x0,
    0x0, 0x0, 0x0, 0x0, 0x0, 0x0, 0x0, 0x0,
    0xa4, 0xff, 0xa0, 0xff, 0xdb, 0x1, 0x0, 0x0,
    0x0, 0x0, 0x0, 0x0, 0x0, 0xe, 0xf6, 0xff,
    0x20, 0xe1, 0xff, 0x3c, 0x0, 0x0, 0x0, 0x0,
    0x0, 0x0, 0x0, 0x64, 0xff, 0xcb, 0x0, 0x8d,
    0xff, 0x9c, 0x0, 0x0, 0x0, 0x0, 0x0, 0x0,
    0x0, 0xc7, 0xff, 0x6e, 0x0, 0x30, 0xff, 0xf3,
    0xc, 0x0, 0x0, 0x0, 0x0, 0x0, 0x28, 0xff,
    0xfb, 0x16, 0x0, 0x0, 0xd4, 0xff, 0x5f, 0x0,
    0x0, 0x0, 0x0, 0x0, 0x88, 0xff, 0xb4, 0x0,
    0x0, 0x0, 0x77, 0xff, 0xc0, 0x0, 0x0, 0x0,
    0x0, 0x4, 0xe6, 0xff, 0xff, 0xff, 0xff, 0xff,
    0xff, 0xff, 0xff, 0x22, 0x0, 0x0, 0x0, 0x4c,
    0xff, 0xff, 0xff, 0xff, 0xff, 0xff, 0xff, 0xff,
    0xff, 0x84, 0x0, 0x0, 0x0, 0xac, 0xff, 0xb5,
    0x4, 0x4, 0x4, 0x4, 0x4, 0x82, 0xff, 0xe2,
    0x2, 0x0, 0x13, 0xf9, 0xff, 0x5a, 0x0, 0x0,
    0x0, 0x0, 0x0, 0x28, 0xff, 0xff, 0x44, 0x0,
    0x6f, 0xff, 0xf4, 0xb, 0x0, 0x0, 0x0, 0x0,
    0x0, 0x0, 0xce, 0xff, 0xa7, 0x0, 0xd0, 0xff,
    0xa5, 0x0, 0x0, 0x0, 0x0, 0x0, 0x0, 0x0,
    0x75, 0xff, 0xf8, 0x10,

    /* U+0042 "B" */
    0x20, 0xff, 0xff, 0xff, 0xff, 0xfe, 0xf0, 0xcc,
    0x88, 0x1b, 0x0, 0x0, 0x20, 0xff, 0xff, 0xf4,
    0xf0, 0xf3, 0xff, 0xff, 0xff, 0xed, 0x21, 0x0,
    0x20, 0xff, 0xff, 0x38, 0x0, 0x0, 0xd, 0x6b,
    0xfe, 0xff, 0x8d, 0x0, 0x20, 0xff, 0xff, 0x38,
    0x0, 0x0, 0x0, 0x0, 0xc7, 0xff, 0xb0, 0x0,
    0x20, 0xff, 0xff, 0x38, 0x0, 0x0, 0x0, 0x0,
    0xcf, 0xff, 0x99, 0x0, 0x20, 0xff, 0xff, 0x38,
    0x0, 0x1, 0x16, 0x77, 0xff, 0xfc, 0x36, 0x0,
    0x20, 0xff, 0xff, 0xff, 0xff, 0xff, 0xff, 0xff,
    0xcd, 0x43, 0x0, 0x0, 0x20, 0xff, 0xff, 0xea,
    0xe4, 0xe5, 0xf3, 0xff, 0xfc, 0xb0, 0x1a, 0x0,
    0x20, 0xff, 0xff, 0x38, 0x0, 0x0, 0x0, 0x33,
    0xdc, 0xff, 0xc1, 0x0, 0x20, 0xff, 0xff, 0x38,
    0x0, 0x0, 0x0, 0x0, 0x67, 0xff, 0xff, 0xf,
    0x20, 0xff, 0xff, 0x38, 0x0, 0x0, 0x0, 0x0,
    0x72, 0xff, 0xff, 0x14, 0x20, 0xff, 0xff, 0x38,
    0x0, 0x0, 0x5, 0x45, 0xe9, 0xff, 0xda, 0x0,
    0x20, 0xff, 0xff, 0xf7, 0xf4, 0xf5, 0xfd, 0xff,
    0xff, 0xf8, 0x45, 0x0, 0x20, 0xff, 0xff, 0xff,
    0xff, 0xff, 0xfb, 0xdf, 0x9c, 0x2a, 0x0, 0x0,

    /* U+0043 "C" */
    0x0, 0x0, 0x0, 0x36, 0xa0, 0xde, 0xfa, 0xf9,
    0xdc, 0xa2, 0x4c, 0x0, 0x0, 0x1, 0x8b, 0xff,
    0xff, 0xff, 0xff, 0xff, 0xff, 0xff, 0xc2, 0x0,
    0x0, 0x79, 0xff, 0xff, 0xb5, 0x38, 0x7, 0xb,
    0x36, 0x88, 0x4b, 0x0, 0x19, 0xf7, 0xff, 0xa9,
    0x1, 0x0, 0x0, 0x0, 0x0, 0x0, 0x0, 0x0,
    0x74, 0xff, 0xfc, 0x1a, 0x0, 0x0, 0x0, 0x0,
    0x0, 0x0, 0x0, 0x0, 0xae, 0xff, 0xc7, 0x0,
    0x0, 0x0, 0x0, 0x0, 0x0, 0x0, 0x0, 0x0,
    0xca, 0xff, 0xa6, 0x0, 0x0, 0x0, 0x0, 0x0,
    0x0, 0x0, 0x0, 0x0, 0xcb, 0xff, 0xa6, 0x0,
    0x0, 0x0, 0x0, 0x0, 0x0, 0x0, 0x0, 0x0,
    0xb5, 0xff, 0xc4, 0x0, 0x0, 0x0, 0x0, 0x0,
    0x0, 0x0, 0x0, 0x0, 0x82, 0xff, 0xf9, 0x11,
    0x0, 0x0, 0x0, 0x0, 0x0, 0x0, 0x0, 0x0,
    0x2b, 0xff, 0xff, 0x93, 0x0, 0x0, 0x0, 0x0,
    0x0, 0x0, 0x0, 0x0, 0x0, 0xa3, 0xff, 0xff,
    0xa0, 0x2d, 0x4, 0x3, 0x1d, 0x52, 0x41, 0x0,
    0x0, 0xb, 0xb8, 0xff, 0xff, 0xff, 0xff, 0xff,
    0xff, 0xff, 0x7c, 0x0, 0x0, 0x0, 0x2, 0x5b,
    0xb8, 0xea, 0xfd, 0xfa, 0xe1, 0xab, 0x35, 0x0,

    /* U+0044 "D" */
    0x20, 0xff, 0xff, 0xff, 0xff, 0xfd, 0xeb, 0xc2,
    0x76, 0x11, 0x0, 0x0, 0x0, 0x20, 0xff, 0xff,
    0xf4, 0xf0, 0xf3, 0xff, 0xff, 0xff, 0xec, 0x46,
    0x0, 0x0, 0x20, 0xff, 0xff, 0x38, 0x0, 0x0,
    0xe, 0x55, 0xda, 0xff, 0xf8, 0x34, 0x0, 0x20,
    0xff, 0xff, 0x38, 0x0, 0x0, 0x0, 0x0, 0x11,
    0xdd, 0xff, 0xc8, 0x0, 0x20, 0xff, 0xff, 0x38,
    0x0, 0x0, 0x0, 0x0, 0x0, 0x60, 0xff, 0xff,
    0x29, 0x20, 0xff, 0xff, 0x38, 0x0, 0x0, 0x0,
    0x0, 0x0, 0x19, 0xff, 0xff, 0x5d, 0x20, 0xff,
    0xff, 0x38, 0x0, 0x0, 0x0, 0x0, 0x0, 0x0,
    0xfd, 0xff, 0x73, 0x20, 0xff, 0xff, 0x38, 0x0,
    0x0, 0x0, 0x0, 0x0, 0x2, 0xfd, 0xff, 0x70,
    0x20, 0xff, 0xff, 0x38, 0x0, 0x0, 0x0, 0x0,
    0x0, 0x20, 0xff, 0xff, 0x54, 0x20, 0xff, 0xff,
    0x38, 0x0, 0x0, 0x0, 0x0, 0x0, 0x6f, 0xff,
    0xff, 0x1b, 0x20, 0xff, 0xff, 0x38, 0x0, 0x0,
    0x0, 0x0, 0x21, 0xeb, 0xff, 0xb6, 0x0, 0x20,
    0xff, 0xff, 0x38, 0x0, 0x1, 0x1e, 0x6d, 0xea,
    0xff, 0xf0, 0x25, 0x0, 0x20, 0xff, 0xff, 0xf7,
    0xf4, 0xfa, 0xff, 0xff, 0xff, 0xde, 0x35, 0x0,
    0x0, 0x20, 0xff, 0xff, 0xff, 0xff, 0xf9, 0xe2,
    0xb0, 0x62, 0x7, 0x0, 0x0, 0x0,

    /* U+0045 "E" */
    0x20, 0xff, 0xff, 0xff, 0xff, 0xff, 0xff, 0xff,
    0xf8, 0x20, 0xff, 0xff, 0xfa, 0xf8, 0xf8, 0xf8,
    0xf8, 0xf0, 0x20, 0xff, 0xff, 0x38, 0x0, 0x0,
    0x0, 0x0, 0x0, 0x20, 0xff, 0xff, 0x38, 0x0,
    0x0, 0x0, 0x0, 0x0, 0x20, 0xff, 0xff, 0x38,
    0x0, 0x0, 0x0, 0x0, 0x0, 0x20, 0xff, 0xff,
    0x38, 0x0, 0x0, 0x0, 0x0, 0x0, 0x20, 0xff,
    0xff, 0xff, 0xff, 0xff, 0xff, 0xff, 0x98, 0x20,
    0xff, 0xff, 0xfa, 0xf8, 0xf8, 0xf8, 0xf8, 0x93,
    0x20, 0xff, 0xff, 0x38, 0x0, 0x0, 0x0, 0x0,
    0x0, 0x20, 0xff, 0xff, 0x38, 0x0, 0x0, 0x0,
    0x0, 0x0, 0x20, 0xff, 0xff, 0x38, 0x0, 0x0,
    0x0, 0x0, 0x0, 0x20, 0xff, 0xff, 0x38, 0x0,
    0x0, 0x0, 0x0, 0x0, 0x20, 0xff, 0xff, 0xfd,
    0xfc, 0xfc, 0xfc, 0xfc, 0xf4, 0x20, 0xff, 0xff,
    0xff, 0xff, 0xff, 0xff, 0xff, 0xf8,

    /* U+0046 "F" */
    0x20, 0xff, 0xff, 0xff, 0xff, 0xff, 0xff, 0xff,
    0xf0, 0x20, 0xff, 0xff, 0xfa, 0xf8, 0xf8, 0xf8,
    0xf8, 0xe9, 0x20, 0xff, 0xff, 0x34, 0x0, 0x0,
    0x0, 0x0, 0x0, 0x20, 0xff, 0xff, 0x34, 0x0,
    0x0, 0x0, 0x0, 0x0, 0x20, 0xff, 0xff, 0x34,
    0x0, 0x0, 0x0, 0x0, 0x0, 0x20, 0xff, 0xff,
    0x34, 0x0, 0x0, 0x0, 0x0, 0x0, 0x20, 0xff,
    0xff, 0xfa, 0xf8, 0xf8, 0xf8, 0xf8, 0x8f, 0x20,
    0xff, 0xff, 0xff, 0xff, 0xff, 0xff, 0xff, 0x94,
    0x20, 0xff, 0xff, 0x34, 0x0, 0x0, 0x0, 0x0,
    0x0, 0x20, 0xff, 0xff, 0x34, 0x0, 0x0, 0x0,
    0x0, 0x0, 0x20, 0xff, 0xff, 0x34, 0x0, 0x0,
    0x0, 0x0, 0x0, 0x20, 0xff, 0xff, 0x34, 0x0,
    0x0, 0x0, 0x0, 0x0, 0x20, 0xff, 0xff, 0x34,
    0x0, 0x0, 0x0, 0x0, 0x0, 0x20, 0xff, 0xff,
    0x34, 0x0, 0x0, 0x0, 0x0, 0x0,

    /* U+0047 "G" */
    0x0, 0x0, 0x0, 0x1a, 0x81, 0xc9, 0xef, 0xfc,
    0xf3, 0xd3, 0x99, 0x3f, 0x0, 0x0, 0x63, 0xf5,
    0xff, 0xff, 0xff, 0xff, 0xff, 0xff, 0xff, 0x93,
    0x0, 0x5f, 0xff, 0xff, 0xd9, 0x5a, 0x14, 0x1,
    0xc, 0x36, 0x7c, 0x22, 0x13, 0xf3, 0xff, 0xca,
    0xd, 0x0, 0x0, 0x0, 0x0, 0x0, 0x0, 0x0,
    0x70, 0xff, 0xfe, 0x2a, 0x0, 0x0, 0x0, 0x0,
    0x0, 0x0, 0x0, 0x0, 0xad, 0xff, 0xcd, 0x0,
    0x0, 0x0, 0x0, 0x0, 0x0, 0x0, 0x0, 0x0,
    0xca, 0xff, 0xa3, 0x0, 0x0, 0x0, 0x5c, 0xff,
    0xff, 0xff, 0xff, 0xf8, 0xca, 0xff, 0xa2, 0x0,
    0x0, 0x0, 0x5c, 0xff, 0xff, 0xff, 0xff, 0xf8,
    0xb3, 0xff, 0xc1, 0x0, 0x0, 0x0, 0x0, 0x0,
    0x0, 0x58, 0xff, 0xf8, 0x7f, 0xff, 0xf9, 0x14,
    0x0, 0x0, 0x0, 0x0, 0x0, 0x58, 0xff, 0xf8,
    0x28, 0xfe, 0xff, 0xa0, 0x1, 0x0, 0x0, 0x0,
    0x0, 0x58, 0xff, 0xf8, 0x0, 0x96, 0xff, 0xff,
    0xb0, 0x38, 0x5, 0x0, 0xc, 0x76, 0xff, 0xf8,
    0x0, 0x7, 0xa8, 0xff, 0xff, 0xff, 0xff, 0xfa,
    0xff, 0xff, 0xff, 0xf8, 0x0, 0x0, 0x0, 0x47,
    0xac, 0xe2, 0xfa, 0xfd, 0xef, 0xce, 0x9c, 0x58,

    /* U+0048 "H" */
    0x20, 0xff, 0xff, 0x38, 0x0, 0x0, 0x0, 0x0,
    0x0, 0x34, 0xff, 0xff, 0x24, 0x20, 0xff, 0xff,
    0x38, 0x0, 0x0, 0x0, 0x0, 0x0, 0x34, 0xff,
    0xff, 0x24, 0x20, 0xff, 0xff, 0x38, 0x0, 0x0,
    0x0, 0x0, 0x0, 0x34, 0xff, 0xff, 0x24, 0x20,
    0xff, 0xff, 0x38, 0x0, 0x0, 0x0, 0x0, 0x0,
    0x34, 0xff, 0xff, 0x24, 0x20, 0xff, 0xff, 0x38,
    0x0, 0x0, 0x0, 0x0, 0x0, 0x34, 0xff, 0xff,
    0x24, 0x20, 0xff, 0xff, 0x38, 0x0, 0x0, 0x0,
    0x0, 0x0, 0x34, 0xff, 0xff, 0x24, 0x20, 0xff,
    0xff, 0xff, 0xff, 0xff, 0xff, 0xff, 0xff, 0xff,
    0xff, 0xff, 0x24, 0x20, 0xff, 0xff, 0xfd, 0xfc,
    0xfc, 0xfc, 0xfc, 0xfc, 0xfd, 0xff, 0xff, 0x24,
    0x20, 0xff, 0xff, 0x38, 0x0, 0x0, 0x0, 0x0,
    0x0, 0x34, 0xff, 0xff, 0x24, 0x20, 0xff, 0xff,
    0x38, 0x0, 0x0, 0x0, 0x0, 0x0, 0x34, 0xff,
    0xff, 0x24, 0x20, 0xff, 0xff, 0x38, 0x0, 0x0,
    0x0, 0x0, 0x0, 0x34, 0xff, 0xff, 0x24, 0x20,
    0xff, 0xff, 0x38, 0x0, 0x0, 0x0, 0x0, 0x0,
    0x34, 0xff, 0xff, 0x24, 0x20, 0xff, 0xff, 0x38,
    0x0, 0x0, 0x0, 0x0, 0x0, 0x34, 0xff, 0xff,
    0x24, 0x20, 0xff, 0xff, 0x38, 0x0, 0x0, 0x0,
    0x0, 0x0, 0x34, 0xff, 0xff, 0x24,

    /* U+0049 "I" */
    0x20, 0xff, 0xff, 0x38, 0x20, 0xff, 0xff, 0x38,
    0x20, 0xff, 0xff, 0x38, 0x20, 0xff, 0xff, 0x38,
    0x20, 0xff, 0xff, 0x38, 0x20, 0xff, 0xff, 0x38,
    0x20, 0xff, 0xff, 0x38, 0x20, 0xff, 0xff, 0x38,
    0x20, 0xff, 0xff, 0x38, 0x20, 0xff, 0xff, 0x38,
    0x20, 0xff, 0xff, 0x38, 0x20, 0xff, 0xff, 0x38,
    0x20, 0xff, 0xff, 0x38, 0x20, 0xff, 0xff, 0x38,

    /* U+004A "J" */
    0x0, 0x0, 0x0, 0x28, 0xff, 0xff, 0x30, 0x0,
    0x0, 0x0, 0x28, 0xff, 0xff, 0x30, 0x0, 0x0,
    0x0, 0x28, 0xff, 0xff, 0x30, 0x0, 0x0, 0x0,
    0x28, 0xff, 0xff, 0x30, 0x0, 0x0, 0x0, 0x28,
    0xff, 0xff, 0x30, 0x0, 0x0, 0x0, 0x28, 0xff,
    0xff, 0x30, 0x0, 0x0, 0x0, 0x28, 0xff, 0xff,
    0x30, 0x0, 0x0, 0x0, 0x28, 0xff, 0xff, 0x30,
    0x0, 0x0, 0x0, 0x28, 0xff, 0xff, 0x30, 0x0,
    0x0, 0x0, 0x28, 0xff, 0xff, 0x30, 0x0, 0x0,
    0x0, 0x28, 0xff, 0xff, 0x30, 0x0, 0x0, 0x0,
    0x28, 0xff, 0xff, 0x30, 0x0, 0x0, 0x0, 0x28,
    0xff, 0xff, 0x30, 0x0, 0x0, 0x0, 0x29, 0xff,
    0xff, 0x2f, 0x0, 0x0, 0x0, 0x41, 0xff, 0xff,
    0x1e, 0x13, 0x7, 0x19, 0xbc, 0xff, 0xe6, 0x1,
    0x8c, 0xff, 0xff, 0xff, 0xff, 0x66, 0x0, 0x75,
    0xf9, 0xf9, 0xce, 0x5b, 0x0, 0x0,

    /* U+004B "K" */
    0x20, 0xff, 0xff, 0x38, 0x0, 0x0, 0x0, 0x0,
    0x74, 0xff, 0xf8, 0x3c, 0x20, 0xff, 0xff, 0x38,
    0x0, 0x0, 0x0, 0x55, 0xfe, 0xff, 0x56, 0x0,
    0x20, 0xff, 0xff, 0x38, 0x0, 0x0, 0x3b, 0xf8,
    0xff, 0x77, 0x0, 0x0, 0x20, 0xff, 0xff, 0x38,
    0x0, 0x25, 0xec, 0xff, 0x99, 0x0, 0x0, 0x0,
    0x20, 0xff, 0xff, 0x38, 0x13, 0xdb, 0xff, 0xb7,
    0x4, 0x0, 0x0, 0x0, 0x20, 0xff, 0xff, 0x3e,
    0xc1, 0xff, 0xcf, 0xc, 0x0, 0x0, 0x0, 0x0,
    0x20, 0xff, 0xff, 0xce, 0xff, 0xff, 0x95, 0x0,
    0x0, 0x0, 0x0, 0x0, 0x20, 0xff, 0xff, 0xff,
    0xdf, 0xff, 0xff, 0x44, 0x0, 0x0, 0x0, 0x0,
    0x20, 0xff, 0xff, 0x92, 0x6, 0xc4, 0xff, 0xe4,
    0x11, 0x0, 0x0, 0x0, 0x20, 0xff, 0xff, 0x38,
    0x0, 0x22, 0xf2, 0xff, 0xa6, 0x0, 0x0, 0x0,
    0x20, 0xff, 0xff, 0x38, 0x0, 0x0, 0x62, 0xff,
    0xff, 0x57, 0x0, 0x0, 0x20, 0xff, 0xff, 0x38,
    0x0, 0x0, 0x0, 0xae, 0xff, 0xed, 0x1b, 0x0,
    0x20, 0xff, 0xff, 0x38, 0x0, 0x0, 0x0, 0x14,
    0xe8, 0xff, 0xb9, 0x1, 0x20, 0xff, 0xff, 0x38,
    0x0, 0x0, 0x0, 0x0, 0x4a, 0xff, 0xff, 0x6b,

    /* U+004C "L" */
    0x20, 0xff, 0xff, 0x38, 0x0, 0x0, 0x0, 0x0,
    0x0, 0x0, 0x20, 0xff, 0xff, 0x38, 0x0, 0x0,
    0x0, 0x0, 0x0, 0x0, 0x20, 0xff, 0xff, 0x38,
    0x0, 0x0, 0x0, 0x0, 0x0, 0x0, 0x20, 0xff,
    0xff, 0x38, 0x0, 0x0, 0x0, 0x0, 0x0, 0x0,
    0x20, 0xff, 0xff, 0x38, 0x0, 0x0, 0x0, 0x0,
    0x0, 0x0, 0x20, 0xff, 0xff, 0x38, 0x0, 0x0,
    0x0, 0x0, 0x0, 0x0, 0x20, 0xff, 0xff, 0x38,
    0x0, 0x0, 0x0, 0x0, 0x0, 0x0, 0x20, 0xff,
    0xff, 0x38, 0x0, 0x0, 0x0, 0x0, 0x0, 0x0,
    0x20, 0xff, 0xff, 0x38, 0x0, 0x0, 0x0, 0x0,
    0x0, 0x0, 0x20, 0xff, 0xff, 0x38, 0x0, 0x0,
    0x0, 0x0, 0x0, 0x0, 0x20, 0xff, 0xff, 0x38,
    0x0, 0x0, 0x0, 0x0, 0x0, 0x0, 0x20, 0xff,
    0xff, 0x38, 0x0, 0x0, 0x0, 0x0, 0x0, 0x0,
    0x20, 0xff, 0xff, 0xfd, 0xfc, 0xfc, 0xfc, 0xfc,
    0xfc, 0x47, 0x20, 0xff, 0xff, 0xff, 0xff, 0xff,
    0xff, 0xff, 0xff, 0x48,

    /* U+004D "M" */
    0x20, 0xff, 0xff, 0xff, 0x59, 0x0, 0x0, 0x0,
    0x0, 0x0, 0x0, 0x3, 0xe8, 0xff, 0xff, 0x8c,
    0x20, 0xff, 0xff, 0xff, 0xb3, 0x0, 0x0, 0x0,
    0x0, 0x0, 0x0, 0x48, 0xff, 0xff, 0xff, 0x8c,
    0x20, 0xff, 0xe4, 0xec, 0xfb, 0x13, 0x0, 0x0,
    0x0, 0x0, 0x0, 0xa6, 0xff, 0xe0, 0xff, 0x8c,
    0x20, 0xff, 0xee, 0x98, 0xff, 0x69, 0x0, 0x0,
    0x0, 0x0, 0xe, 0xf6, 0xed, 0xa1, 0xff, 0x8c,
    0x20, 0xff, 0xf8, 0x40, 0xff, 0xc3, 0x0, 0x0,
    0x0, 0x0, 0x60, 0xff, 0x94, 0xa7, 0xff, 0x8c,
    0x20, 0xff, 0xff, 0x2, 0xe6, 0xff, 0x1f, 0x0,
    0x0, 0x0, 0xbe, 0xff, 0x38, 0xae, 0xff, 0x8c,
    0x20, 0xff, 0xff, 0x0, 0x8e, 0xff, 0x79, 0x0,
    0x0, 0x1e, 0xfe, 0xd9, 0x0, 0xb0, 0xff, 0x8c,
    0x20, 0xff, 0xff, 0x0, 0x36, 0xff, 0xd3, 0x0,
    0x0, 0x79, 0xff, 0x7c, 0x0, 0xb0, 0xff, 0x8c,
    0x20, 0xff, 0xff, 0x0, 0x1, 0xdd, 0xff, 0x2e,
    0x0, 0xd7, 0xff, 0x20, 0x0, 0xb0, 0xff, 0x8c,
    0x20, 0xff, 0xff, 0x0, 0x0, 0x85, 0xff, 0x89,
    0x34, 0xff, 0xc0, 0x0, 0x0, 0xb0, 0xff, 0x8c,
    0x20, 0xff, 0xff, 0x0, 0x0, 0x2e, 0xff, 0xe2,
    0x93, 0xff, 0x64, 0x0, 0x0, 0xb0, 0xff, 0x8c,
    0x20, 0xff, 0xff, 0x0, 0x0, 0x0, 0xd5, 0xff,
    0xfb, 0xf7, 0xe, 0x0, 0x0, 0xb0, 0xff, 0x8c,
    0x20, 0xff, 0xff, 0x0, 0x0, 0x0, 0x7c, 0xff,
    0xff, 0xa9, 0x0, 0x0, 0x0, 0xb0, 0xff, 0x8c,
    0x20, 0xff, 0xff, 0x0, 0x0, 0x0, 0x25, 0xff,
    0xff, 0x4b, 0x0, 0x0, 0x0, 0xb0, 0xff, 0x8c,

    /* U+004E "N" */
    0x20, 0xff, 0xff, 0xf2, 0x1b, 0x0, 0x0, 0x0,
    0x0, 0x0, 0x58, 0xff, 0xcc, 0x20, 0xff, 0xff,
    0xff, 0xae, 0x0, 0x0, 0x0, 0x0, 0x0, 0x58,
    0xff, 0xcc, 0x20, 0xff, 0xfa, 0xff, 0xff, 0x50,
    0x0, 0x0, 0x0, 0x0, 0x58, 0xff, 0xcc, 0x20,
    0xff, 0xe0, 0xa8, 0xff, 0xe3, 0xd, 0x0, 0x0,
    0x0, 0x58, 0xff, 0xcc, 0x20, 0xff, 0xed, 0x18,
    0xf0, 0xff, 0x91, 0x0, 0x0, 0x0, 0x58, 0xff,
    0xcc, 0x20, 0xff, 0xf7, 0x0, 0x68, 0xff, 0xfd,
    0x35, 0x0, 0x0, 0x58, 0xff, 0xcc, 0x20, 0xff,
    0xfe, 0x0, 0x2, 0xc6, 0xff, 0xd0, 0x4, 0x0,
    0x58, 0xff, 0xcc, 0x20, 0xff, 0xff, 0x0, 0x0,
    0x2d, 0xfb, 0xff, 0x75, 0x0, 0x57, 0xff, 0xcc,
    0x20, 0xff, 0xff, 0x0, 0x0, 0x0, 0x88, 0xff,
    0xf5, 0x21, 0x53, 0xff, 0xcc, 0x20, 0xff, 0xff,
    0x0, 0x0, 0x0, 0xa, 0xde, 0xff, 0xb8, 0x49,
    0xff, 0xcc, 0x20, 0xff, 0xff, 0x0, 0x0, 0x0,
    0x0, 0x48, 0xff, 0xff, 0x97, 0xff, 0xcc, 0x20,
    0xff, 0xff, 0x0, 0x0, 0x0, 0x0, 0x0, 0xa8,
    0xff, 0xfe, 0xff, 0xcc, 0x20, 0xff, 0xff, 0x0,
    0x0, 0x0, 0x0, 0x0, 0x18, 0xf0, 0xff, 0xff,
    0xcc, 0x20, 0xff, 0xff, 0x0, 0x0, 0x0, 0x0,
    0x0, 0x0, 0x68, 0xff, 0xff, 0xcc,

    /* U+004F "O" */
    0x0, 0x0, 0x0, 0x4c, 0xad, 0xe4, 0xfa, 0xf8,
    0xdb, 0x9a, 0x2e, 0x0, 0x0, 0x0, 0x0, 0x7,
    0xaa, 0xff, 0xff, 0xff, 0xff, 0xff, 0xff, 0xff,
    0xfc, 0x73, 0x0, 0x0, 0x0, 0x99, 0xff, 0xff,
    0xa0, 0x30, 0x6, 0xa, 0x3e, 0xc0, 0xff, 0xff,
    0x56, 0x0, 0x29, 0xfe, 0xff, 0x94, 0x0, 0x0,
    0x0, 0x0, 0x0, 0x5, 0xc9, 0xff, 0xdf, 0x2,
    0x80, 0xff, 0xfa, 0x12, 0x0, 0x0, 0x0, 0x0,
    0x0, 0x0, 0x4d, 0xff, 0xff, 0x3b, 0xb3, 0xff,
    0xcb, 0x0, 0x0, 0x0, 0x0, 0x0, 0x0, 0x0,
    0xb, 0xfe, 0xff, 0x6f, 0xcb, 0xff, 0xad, 0x0,
    0x0, 0x0, 0x0, 0x0, 0x0, 0x0, 0x0, 0xed,
    0xff, 0x86, 0xcc, 0xff, 0xad, 0x0, 0x0, 0x0,
    0x0, 0x0, 0x0, 0x0, 0x0, 0xed, 0xff, 0x88,
    0xb3, 0xff, 0xcb, 0x0, 0x0, 0x0, 0x0, 0x0,
    0x0, 0x0, 0xb, 0xff, 0xff, 0x6f, 0x7f, 0xff,
    0xfa, 0x14, 0x0, 0x0, 0x0, 0x0, 0x0, 0x0,
    0x4c, 0xff, 0xff, 0x3b, 0x26, 0xfe, 0xff, 0x93,
    0x0, 0x0, 0x0, 0x0, 0x0, 0x6, 0xc9, 0xff,
    0xde, 0x2, 0x0, 0x96, 0xff, 0xff, 0x9d, 0x2c,
    0x3, 0x8, 0x3e, 0xc1, 0xff, 0xff, 0x55, 0x0,
    0x0, 0x7, 0xac, 0xff, 0xff, 0xff, 0xff, 0xff,
    0xff, 0xff, 0xfc, 0x72, 0x0, 0x0, 0x0, 0x0,
    0x0, 0x4d, 0xb0, 0xe7, 0xfc, 0xf9, 0xdc, 0x99,
    0x2d, 0x0, 0x0, 0x0,

    /* U+0050 "P" */
    0x20, 0xff, 0xff, 0xff, 0xff, 0xfc, 0xe5, 0xae,
    0x41, 0x0, 0x0, 0x20, 0xff, 0xff, 0xf4, 0xf0,
    0xfa, 0xff, 0xff, 0xff, 0x64, 0x0, 0x20, 0xff,
    0xff, 0x38, 0x0, 0x2, 0x31, 0xcc, 0xff, 0xf2,
    0xd, 0x20, 0xff, 0xff, 0x38, 0x0, 0x0, 0x0,
    0x33, 0xff, 0xff, 0x43, 0x20, 0xff, 0xff, 0x38,
    0x0, 0x0, 0x0, 0x10, 0xff, 0xff, 0x50, 0x20,
    0xff, 0xff, 0x38, 0x0, 0x0, 0x0, 0x43, 0xff,
    0xff, 0x31, 0x20, 0xff, 0xff, 0x38, 0x1, 0x12,
    0x53, 0xe3, 0xff, 0xd8, 0x2, 0x20, 0xff, 0xff,
    0xff, 0xff, 0xff, 0xff, 0xff, 0xee, 0x34, 0x0,
    0x20, 0xff, 0xff, 0xf7, 0xf4, 0xec, 0xce, 0x87,
    0x18, 0x0, 0x0, 0x20, 0xff, 0xff, 0x38, 0x0,
    0x0, 0x0, 0x0, 0x0, 0x0, 0x0, 0x20, 0xff,
    0xff, 0x38, 0x0, 0x0, 0x0, 0x0, 0x0, 0x0,
    0x0, 0x20, 0xff, 0xff, 0x38, 0x0, 0x0, 0x0,
    0x0, 0x0, 0x0, 0x0, 0x20, 0xff, 0xff, 0x38,
    0x0, 0x0, 0x0, 0x0, 0x0, 0x0, 0x0, 0x20,
    0xff, 0xff, 0x38, 0x0, 0x0, 0x0, 0x0, 0x0,
    0x0, 0x0,

    /* U+0051 "Q" */
    0x0, 0x0, 0x0, 0x4c, 0xad, 0xe4, 0xfa, 0xf8,
    0xdc, 0x9d, 0x30, 0x0, 0x0, 0x0, 0x0, 0x7,
    0xaa, 0xff, 0xff, 0xff, 0xff, 0xff, 0xff, 0xff,
    0xfd, 0x76, 0x0, 0x0, 0x0, 0x99, 0xff, 0xff,
    0xa0, 0x30, 0x6, 0xa, 0x3e, 0xc0, 0xff, 0xff,
    0x57, 0x0, 0x29, 0xfe, 0xff, 0x94, 0x0, 0x0,
    0x0, 0x0, 0x0, 0x5, 0xc9, 0xff, 0xe0, 0x3,
    0x80, 0xff, 0xfa, 0x12, 0x0, 0x0, 0x0, 0x0,
    0x0, 0x0, 0x4d, 0xff, 0xff, 0x3c, 0xb3, 0xff,
    0xcb, 0x0, 0x0, 0x0, 0x0, 0x0, 0x0, 0x0,
    0xb, 0xfe, 0xff, 0x6f, 0xcb, 0xff, 0xad, 0x0,
    0x0, 0x0, 0x0, 0x0, 0x0, 0x0, 0x0, 0xed,
    0xff, 0x87, 0xcc, 0xff, 0xad, 0x0, 0x0, 0x0,
    0x0, 0x0, 0x0, 0x0, 0x0, 0xed, 0xff, 0x87,
    0xb3, 0xff, 0xcb, 0x0, 0x0, 0x0, 0x0, 0x0,
    0x0, 0x0, 0xb, 0xff, 0xff, 0x6e, 0x7f, 0xff,
    0xfa, 0x14, 0x0, 0x0, 0x0, 0x0, 0x0, 0x0,
    0x4c, 0xff, 0xff, 0x38, 0x26, 0xfe, 0xff, 0x93,
    0x0, 0x0, 0x0, 0x0, 0x0, 0x6, 0xc9, 0xff,
    0xdb, 0x2, 0x0, 0x96, 0xff, 0xff, 0x9d, 0x2c,
    0x3, 0x8, 0x3e, 0xc1, 0xff, 0xff, 0x4f, 0x0,
    0x0, 0x7, 0xac, 0xff, 0xff, 0xff, 0xff, 0xff,
    0xff, 0xff, 0xfb, 0x6a, 0x0, 0x0, 0x0, 0x0,
    0x0, 0x4d, 0xb0, 0xe7, 0xfc, 0xff, 0xff, 0xed,
    0x29, 0x0, 0x0, 0x0, 0x0, 0x0, 0x0, 0x0,
    0x0, 0x0, 0x0, 0x50, 0xfd, 0xff, 0x9e, 0x2,
    0x0, 0x0, 0x0, 0x0, 0x0, 0x0, 0x0, 0x0,
    0x0, 0x0, 0x69, 0xff, 0xff, 0x99, 0x1, 0x0,
    0x0, 0x0, 0x0, 0x0, 0x0, 0x0, 0x0, 0x0,
    0x0, 0x83, 0xff, 0xff, 0x94, 0x1,

    /* U+0052 "R" */
    0x20, 0xff, 0xff, 0xff, 0xff, 0xfc, 0xe6, 0xb4,
    0x54, 0x0, 0x0, 0x0, 0x20, 0xff, 0xff, 0xf4,
    0xf0, 0xfa, 0xff, 0xff, 0xff, 0x8d, 0x0, 0x0,
    0x20, 0xff, 0xff, 0x38, 0x0, 0x1, 0x27, 0xb2,
    0xff, 0xfe, 0x1e, 0x0, 0x20, 0xff, 0xff, 0x38,
    0x0, 0x0, 0x0, 0x1e, 0xff, 0xff, 0x4d, 0x0,
    0x20, 0xff, 0xff, 0x38, 0x0, 0x0, 0x0, 0x24,
    0xff, 0xff, 0x44, 0x0, 0x20, 0xff, 0xff, 0x38,
    0x0, 0x0, 0x25, 0xbb, 0xff, 0xe3, 0x9, 0x0,
    0x20, 0xff, 0xff, 0xf0, 0xec, 0xf5, 0xff, 0xff,
    0xe2, 0x31, 0x0, 0x0, 0x20, 0xff, 0xff, 0xff,
    0xff, 0xff, 0xff, 0xcc, 0xb, 0x0, 0x0, 0x0,
    0x20, 0xff, 0xff, 0x38, 0x0, 0x34, 0xfe, 0xff,
    0x3c, 0x0, 0x0, 0x0, 0x20, 0xff, 0xff, 0x38,
    0x0, 0x0, 0x9f, 0xff, 0xd3, 0x5, 0x0, 0x0,
    0x20, 0xff, 0xff, 0x38, 0x0, 0x0, 0x19, 0xf3,
    0xff, 0x77, 0x0, 0x0, 0x20, 0xff, 0xff, 0x38,
    0x0, 0x0, 0x0, 0x79, 0xff, 0xf5, 0x1f, 0x0,
    0x20, 0xff, 0xff, 0x38, 0x0, 0x0, 0x0, 0x7,
    0xde, 0xff, 0xb0, 0x0, 0x20, 0xff, 0xff, 0x38,
    0x0, 0x0, 0x0, 0x0, 0x53, 0xff, 0xff, 0x4e,

    /* U+0053 "S" */
    0x0, 0x0, 0x1f, 0x99, 0xe0, 0xfc, 0xf6, 0xd8,
    0x9c, 0x40, 0x0, 0x0, 0x28, 0xee, 0xff, 0xff,
    0xff, 0xff, 0xff, 0xff, 0xaa, 0x0, 0x0, 0xa7,
    0xff, 0xe5, 0x40, 0x7, 0xc, 0x37, 0x80, 0x3b,
    0x0, 0x0, 0xd4, 0xff, 0x83, 0x0, 0x0, 0x0,
    0x0, 0x0, 0x0, 0x0, 0x0, 0xbf, 0xff, 0xb1,
    0x0, 0x0, 0x0, 0x0, 0x0, 0x0, 0x0, 0x0,
    0x57, 0xff, 0xff, 0xb2, 0x32, 0x0, 0x0, 0x0,
    0x0, 0x0, 0x0, 0x0, 0x73, 0xf9, 0xff, 0xff,
    0xc9, 0x55, 0x1, 0x0, 0x0, 0x0, 0x0, 0x0,
    0x1f, 0x8f, 0xef, 0xff, 0xff, 0xc4, 0x17, 0x0,
    0x0, 0x0, 0x0, 0x0, 0x0, 0xa, 0x70, 0xf4,
    0xff, 0xbb, 0x0, 0x0, 0x0, 0x0, 0x0, 0x0,
    0x0, 0x0, 0x61, 0xff, 0xff, 0x11, 0x0, 0x0,
    0x0, 0x0, 0x0, 0x0, 0x0, 0x42, 0xff, 0xff,
    0x18, 0x4, 0xb8, 0x61, 0x22, 0x2, 0x1, 0x2a,
    0xc6, 0xff, 0xdd, 0x0, 0x4, 0xff, 0xff, 0xff,
    0xfd, 0xfc, 0xff, 0xff, 0xf7, 0x43, 0x0, 0x1,
    0x6f, 0xbc, 0xe9, 0xfc, 0xfa, 0xdd, 0x9b, 0x26,
    0x0, 0x0,

    /* U+0054 "T" */
    0xb4, 0xff, 0xff, 0xff, 0xff, 0xff, 0xff, 0xff,
    0xff, 0xff, 0xff, 0xb1, 0xfc, 0xfc, 0xfc, 0xfe,
    0xff, 0xff, 0xfc, 0xfc, 0xfc, 0xfc, 0x0, 0x0,
    0x0, 0x0, 0x88, 0xff, 0xd4, 0x0, 0x0, 0x0,
    0x0, 0x0, 0x0, 0x0, 0x0, 0x88, 0xff, 0xd4,
    0x0, 0x0, 0x0, 0x0, 0x0, 0x0, 0x0, 0x0,
    0x88, 0xff, 0xd4, 0x0, 0x0, 0x0, 0x0, 0x0,
    0x0, 0x0, 0x0, 0x88, 0xff, 0xd4, 0x0, 0x0,
    0x0, 0x0, 0x0, 0x0, 0x0, 0x0, 0x88, 0xff,
    0xd4, 0x0, 0x0, 0x0, 0x0, 0x0, 0x0, 0x0,
    0x0, 0x88, 0xff, 0xd4, 0x0, 0x0, 0x0, 0x0,
    0x0, 0x0, 0x0, 0x0, 0x88, 0xff, 0xd4, 0x0,
    0x0, 0x0, 0x0, 0x0, 0x0, 0x0, 0x0, 0x88,
    0xff, 0xd4, 0x0, 0x0, 0x0, 0x0, 0x0, 0x0,
    0x0, 0x0, 0x88, 0xff, 0xd4, 0x0, 0x0, 0x0,
    0x0, 0x0, 0x0, 0x0, 0x0, 0x88, 0xff, 0xd4,
    0x0, 0x0, 0x0, 0x0, 0x0, 0x0, 0x0, 0x0,
    0x88, 0xff, 0xd4, 0x0, 0x0, 0x0, 0x0, 0x0,
    0x0, 0x0, 0x0, 0x88, 0xff, 0xd4, 0x0, 0x0,
    0x0, 0x0,

    /* U+0055 "U" */
    0x3c, 0xff, 0xff, 0x1c, 0x0, 0x0, 0x0, 0x0,
    0x0, 0x40, 0xff, 0xff, 0x18, 0x3c, 0xff, 0xff,
    0x1c, 0x0, 0x0, 0x0, 0x0, 0x0, 0x40, 0xff,
    0xff, 0x18, 0x3c, 0xff, 0xff, 0x1c, 0x0, 0x0,
    0x0, 0x0, 0x0, 0x40, 0xff, 0xff, 0x18, 0x3c,
    0xff, 0xff, 0x1c, 0x0, 0x0, 0x0, 0x0, 0x0,
    0x40, 0xff, 0xff, 0x18, 0x3c, 0xff, 0xff, 0x1c,
    0x0, 0x0, 0x0, 0x0, 0x0, 0x40, 0xff, 0xff,
    0x18, 0x3c, 0xff, 0xff, 0x1c, 0x0, 0x0, 0x0,
    0x0, 0x0, 0x40, 0xff, 0xff, 0x18, 0x3c, 0xff,
    0xff, 0x1c, 0x0, 0x0, 0x0, 0x0, 0x0, 0x40,
    0xff, 0xff, 0x18, 0x3c, 0xff, 0xff, 0x1c, 0x0,
    0x0, 0x0, 0x0, 0x0, 0x40, 0xff, 0xff, 0x18,
    0x3c, 0xff, 0xff, 0x1d, 0x0, 0x0, 0x0, 0x0,
    0x0, 0x41, 0xff, 0xff, 0x18, 0x32, 0xff, 0xff,
    0x31, 0x0, 0x0, 0x0, 0x0, 0x0, 0x53, 0xff,
    0xff, 0xd, 0xd, 0xf9, 0xff, 0x7d, 0x0, 0x0,
    0x0, 0x0, 0x0, 0xa2, 0xff, 0xdd, 0x0, 0x0,
    0x9f, 0xff, 0xf9, 0x6f, 0x14, 0x0, 0x19, 0x82,
    0xff, 0xff, 0x73, 0x0, 0x0, 0x12, 0xd0, 0xff,
    0xff, 0xff, 0xfe, 0xff, 0xff, 0xff, 0xa9, 0x4,
    0x0, 0x0, 0x0, 0xa, 0x78, 0xcb, 0xf5, 0xfe,
    0xec, 0xbb, 0x58, 0x1, 0x0, 0x0,

    /* U+0056 "V" */
    0xd2, 0xff, 0x94, 0x0, 0x0, 0x0, 0x0, 0x0,
    0x0, 0x1d, 0xff, 0xff, 0x4a, 0x77, 0xff, 0xe9,
    0x3, 0x0, 0x0, 0x0, 0x0, 0x0, 0x74, 0xff,
    0xea, 0x4, 0x1e, 0xfe, 0xff, 0x43, 0x0, 0x0,
    0x0, 0x0, 0x0, 0xcc, 0xff, 0x93, 0x0, 0x0,
    0xc1, 0xff, 0x9a, 0x0, 0x0, 0x0, 0x0, 0x25,
    0xff, 0xff, 0x38, 0x0, 0x0, 0x66, 0xff, 0xed,
    0x5, 0x0, 0x0, 0x0, 0x7c, 0xff, 0xdb, 0x1,
    0x0, 0x0, 0x12, 0xf9, 0xff, 0x4a, 0x0, 0x0,
    0x0, 0xd4, 0xff, 0x81, 0x0, 0x0, 0x0, 0x0,
    0xaf, 0xff, 0xa2, 0x0, 0x0, 0x2c, 0xff, 0xff,
    0x26, 0x0, 0x0, 0x0, 0x0, 0x55, 0xff, 0xf2,
    0x7, 0x0, 0x84, 0xff, 0xca, 0x0, 0x0, 0x0,
    0x0, 0x0, 0x8, 0xf2, 0xff, 0x51, 0x0, 0xdc,
    0xff, 0x6e, 0x0, 0x0, 0x0, 0x0, 0x0, 0x0,
    0x9e, 0xff, 0xa6, 0x31, 0xff, 0xfc, 0x17, 0x0,
    0x0, 0x0, 0x0, 0x0, 0x0, 0x43, 0xff, 0xed,
    0x7a, 0xff, 0xb8, 0x0, 0x0, 0x0, 0x0, 0x0,
    0x0, 0x0, 0x3, 0xe6, 0xff, 0xe0, 0xff, 0x5c,
    0x0, 0x0, 0x0, 0x0, 0x0, 0x0, 0x0, 0x0,
    0x8d, 0xff, 0xff, 0xf5, 0xc, 0x0, 0x0, 0x0,
    0x0, 0x0, 0x0, 0x0, 0x0, 0x32, 0xff, 0xff,
    0xa6, 0x0, 0x0, 0x0, 0x0, 0x0,

    /* U+0057 "W" */
    0xba, 0xff, 0xa0, 0x0, 0x0, 0x0, 0x0, 0x0,
    0xdd, 0xff, 0xb4, 0x0, 0x0, 0x0, 0x0, 0x0,
    0xbc, 0xff, 0xa2, 0x75, 0xff, 0xe0, 0x0, 0x0,
    0x0, 0x0, 0x23, 0xff, 0xff, 0xf6, 0x8, 0x0,
    0x0, 0x0, 0x6, 0xf6, 0xff, 0x5e, 0x31, 0xff,
    0xff, 0x20, 0x0, 0x0, 0x0, 0x6c, 0xff, 0xfc,
    0xff, 0x47, 0x0, 0x0, 0x0, 0x3c, 0xff, 0xff,
    0x19, 0x2, 0xeb, 0xff, 0x60, 0x0, 0x0, 0x0,
    0xb4, 0xff, 0xb1, 0xff, 0x90, 0x0, 0x0, 0x0,
    0x7c, 0xff, 0xd5, 0x0, 0x0, 0xa9, 0xff, 0xa0,
    0x0, 0x0, 0x7, 0xf5, 0xfd, 0x41, 0xff, 0xd9,
    0x0, 0x0, 0x0, 0xbc, 0xff, 0x91, 0x0, 0x0,
    0x64, 0xff, 0xe1, 0x0, 0x0, 0x44, 0xff, 0xcc,
    0x3, 0xed, 0xff, 0x22, 0x0, 0x6, 0xf6, 0xff,
    0x4c, 0x0, 0x0, 0x20, 0xff, 0xff, 0x24, 0x0,
    0x8c, 0xff, 0x86, 0x0, 0xa8, 0xff, 0x6c, 0x0,
    0x3c, 0xff, 0xfb, 0xc, 0x0, 0x0, 0x0, 0xdc,
    0xff, 0x64, 0x0, 0xd5, 0xff, 0x3e, 0x0, 0x5f,
    0xff, 0xb5, 0x0, 0x7c, 0xff, 0xc4, 0x0, 0x0,
    0x0, 0x0, 0x97, 0xff, 0xa2, 0x1e, 0xff, 0xf1,
    0x4, 0x0, 0x17, 0xff, 0xf6, 0x8, 0xbc, 0xff,
    0x7f, 0x0, 0x0, 0x0, 0x0, 0x53, 0xff, 0xdb,
    0x5c, 0xff, 0xae, 0x0, 0x0, 0x0, 0xce, 0xff,
    0x40, 0xf3, 0xff, 0x3b, 0x0, 0x0, 0x0, 0x0,
    0x12, 0xfd, 0xff, 0x9d, 0xff, 0x67, 0x0, 0x0,
    0x0, 0x86, 0xff, 0x9b, 0xff, 0xf2, 0x4, 0x0,
    0x0, 0x0, 0x0, 0x0, 0xcb, 0xff, 0xf1, 0xff,
    0x1f, 0x0, 0x0, 0x0, 0x3e, 0xff, 0xf0, 0xff,
    0xb3, 0x0, 0x0, 0x0, 0x0, 0x0, 0x0, 0x86,
    0xff, 0xff, 0xd8, 0x0, 0x0, 0x0, 0x0, 0x4,
    0xf0, 0xff, 0xff, 0x6e, 0x0, 0x0, 0x0, 0x0,
    0x0, 0x0, 0x42, 0xff, 0xff, 0x90, 0x0, 0x0,
    0x0, 0x0, 0x0, 0xac, 0xff, 0xff, 0x2a, 0x0,
    0x0, 0x0,

    /* U+0058 "X" */
    0x50, 0xff, 0xff, 0x41, 0x0, 0x0, 0x0, 0x0,
    0x1, 0xbf, 0xff, 0xbf, 0x1, 0x0, 0xa8, 0xff,
    0xd9, 0x7, 0x0, 0x0, 0x0, 0x5f, 0xff, 0xf6,
    0x23, 0x0, 0x0, 0x15, 0xeb, 0xff, 0x80, 0x0,
    0x0, 0x13, 0xea, 0xff, 0x71, 0x0, 0x0, 0x0,
    0x0, 0x58, 0xff, 0xf9, 0x27, 0x0, 0x9c, 0xff,
    0xc8, 0x3, 0x0, 0x0, 0x0, 0x0, 0x0, 0xb0,
    0xff, 0xbf, 0x3d, 0xff, 0xf9, 0x29, 0x0, 0x0,
    0x0, 0x0, 0x0, 0x0, 0x18, 0xef, 0xff, 0xf0,
    0xff, 0x7c, 0x0, 0x0, 0x0, 0x0, 0x0, 0x0,
    0x0, 0x0, 0x6c, 0xff, 0xff, 0xd5, 0x5, 0x0,
    0x0, 0x0, 0x0, 0x0, 0x0, 0x0, 0x0, 0xb8,
    0xff, 0xff, 0xf4, 0x21, 0x0, 0x0, 0x0, 0x0,
    0x0, 0x0, 0x0, 0x60, 0xff, 0xec, 0xbc, 0xff,
    0xbf, 0x1, 0x0, 0x0, 0x0, 0x0, 0x0, 0x18,
    0xef, 0xff, 0x60, 0x1f, 0xf3, 0xff, 0x69, 0x0,
    0x0, 0x0, 0x0, 0x0, 0xae, 0xff, 0xbf, 0x1,
    0x0, 0x70, 0xff, 0xf3, 0x20, 0x0, 0x0, 0x0,
    0x56, 0xff, 0xf9, 0x27, 0x0, 0x0, 0x3, 0xcd,
    0xff, 0xbc, 0x1, 0x0, 0x14, 0xe9, 0xff, 0x7d,
    0x0, 0x0, 0x0, 0x0, 0x33, 0xfd, 0xff, 0x68,
    0x0, 0xa5, 0xff, 0xd7, 0x6, 0x0, 0x0, 0x0,
    0x0, 0x0, 0x90, 0xff, 0xf3, 0x20,

    /* U+0059 "Y" */
    0xba, 0xff, 0xce, 0x1, 0x0, 0x0, 0x0, 0x0,
    0xb, 0xe8, 0xff, 0x92, 0x2f, 0xfe, 0xff, 0x53,
    0x0, 0x0, 0x0, 0x0, 0x79, 0xff, 0xef, 0x13,
    0x0, 0xa0, 0xff, 0xd6, 0x3, 0x0, 0x0, 0x10,
    0xee, 0xff, 0x76, 0x0, 0x0, 0x1c, 0xf7, 0xff,
    0x5d, 0x0, 0x0, 0x83, 0xff, 0xdf, 0x7, 0x0,
    0x0, 0x0, 0x87, 0xff, 0xdd, 0x5, 0x15, 0xf4,
    0xff, 0x5a, 0x0, 0x0, 0x0, 0x0, 0xf, 0xeb,
    0xff, 0x67, 0x8f, 0xff, 0xc9, 0x1, 0x0, 0x0,
    0x0, 0x0, 0x0, 0x6e, 0xff, 0xe6, 0xf8, 0xff,
    0x3d, 0x0, 0x0, 0x0, 0x0, 0x0, 0x0, 0x5,
    0xdc, 0xff, 0xff, 0xae, 0x0, 0x0, 0x0, 0x0,
    0x0, 0x0, 0x0, 0x0, 0x5c, 0xff, 0xff, 0x2f,
    0x0, 0x0, 0x0, 0x0, 0x0, 0x0, 0x0, 0x0,
    0x40, 0xff, 0xff, 0x18, 0x0, 0x0, 0x0, 0x0,
    0x0, 0x0, 0x0, 0x0, 0x40, 0xff, 0xff, 0x18,
    0x0, 0x0, 0x0, 0x0, 0x0, 0x0, 0x0, 0x0,
    0x40, 0xff, 0xff, 0x18, 0x0, 0x0, 0x0, 0x0,
    0x0, 0x0, 0x0, 0x0, 0x40, 0xff, 0xff, 0x18,
    0x0, 0x0, 0x0, 0x0, 0x0, 0x0, 0x0, 0x0,
    0x40, 0xff, 0xff, 0x18, 0x0, 0x0, 0x0, 0x0,

    /* U+005A "Z" */
    0x28, 0xff, 0xff, 0xff, 0xff, 0xff, 0xff, 0xff,
    0xff, 0xff, 0xb0, 0x27, 0xfc, 0xfc, 0xfc, 0xfc,
    0xfc, 0xfc, 0xfc, 0xff, 0xff, 0xa1, 0x0, 0x0,
    0x0, 0x0, 0x0, 0x0, 0x0, 0x78, 0xff, 0xf0,
    0x1e, 0x0, 0x0, 0x0, 0x0, 0x0, 0x0, 0x31,
    0xfa, 0xff, 0x5b, 0x0, 0x0, 0x0, 0x0, 0x0,
    0x0, 0x8, 0xd5, 0xff, 0xaa, 0x0, 0x0, 0x0,
    0x0, 0x0, 0x0, 0x0, 0x92, 0xff, 0xe5, 0x13,
    0x0, 0x0, 0x0, 0x0, 0x0, 0x0, 0x43, 0xff,
    0xff, 0x45, 0x0, 0x0, 0x0, 0x0, 0x0, 0x0,
    0x12, 0xe4, 0xff, 0x92, 0x0, 0x0, 0x0, 0x0,
    0x0, 0x0, 0x0, 0xa8, 0xff, 0xd7, 0x9, 0x0,
    0x0, 0x0, 0x0, 0x0, 0x0, 0x5b, 0xff, 0xfa,
    0x33, 0x0, 0x0, 0x0, 0x0, 0x0, 0x0, 0x1e,
    0xf0, 0xff, 0x7a, 0x0, 0x0, 0x0, 0x0, 0x0,
    0x0, 0x2, 0xbf, 0xff, 0xc5, 0x3, 0x0, 0x0,
    0x0, 0x0, 0x0, 0x0, 0x52, 0xff, 0xff, 0xfe,
    0xfc, 0xfc, 0xfc, 0xfc, 0xfc, 0xfc, 0xe0, 0x60,
    0xff, 0xff, 0xff, 0xff, 0xff, 0xff, 0xff, 0xff,
    0xff, 0xe4,

    /* U+005B "[" */
    0x7c, 0xff, 0xff, 0xff, 0xff, 0x14, 0x7c, 0xff,
    0xde, 0xb0, 0xb0, 0xe, 0x7c, 0xff, 0x94, 0x0,
    0x0, 0x0, 0x7c, 0xff, 0x94, 0x0, 0x0, 0x0,
    0x7c, 0xff, 0x94, 0x0, 0x0, 0x0, 0x7c, 0xff,
    0x94, 0x0, 0x0, 0x0, 0x7c, 0xff, 0x94, 0x0,
    0x0, 0x0, 0x7c, 0xff, 0x94, 0x0, 0x0, 0x0,
    0x7c, 0xff, 0x94, 0x0, 0x0, 0x0, 0x7c, 0xff,
    0x94, 0x0, 0x0, 0x0, 0x7c, 0xff, 0x94, 0x0,
    0x0, 0x0, 0x7c, 0xff, 0x94, 0x0, 0x0, 0x0,
    0x7c, 0xff, 0x94, 0x0, 0x0, 0x0, 0x7c, 0xff,
    0x94, 0x0, 0x0, 0x0, 0x7c, 0xff, 0x94, 0x0,
    0x0, 0x0, 0x7c, 0xff, 0x94, 0x0, 0x0, 0x0,
    0x7c, 0xff, 0xff, 0xff, 0xff, 0x14, 0x57, 0xb4,
    0xb4, 0xb4, 0xb4, 0xe,

    /* U+005C "\\" */
    0xa4, 0xff, 0x80, 0x0, 0x0, 0x0, 0x0, 0x0,
    0x44, 0xff, 0xe0, 0x2, 0x0, 0x0, 0x0, 0x0,
    0x2, 0xdf, 0xff, 0x44, 0x0, 0x0, 0x0, 0x0,
    0x0, 0x80, 0xff, 0xa4, 0x0, 0x0, 0x0, 0x0,
    0x0, 0x21, 0xfe, 0xf6, 0x10, 0x0, 0x0, 0x0,
    0x0, 0x0, 0xbe, 0xff, 0x68, 0x0, 0x0, 0x0,
    0x0, 0x0, 0x5c, 0xff, 0xc8, 0x0, 0x0, 0x0,
    0x0, 0x0, 0xa, 0xf2, 0xff, 0x2c, 0x0, 0x0,
    0x0, 0x0, 0x0, 0x9b, 0xff, 0x8c, 0x0, 0x0,
    0x0, 0x0, 0x0, 0x39, 0xff, 0xe8, 0x5, 0x0,
    0x0, 0x0, 0x0, 0x0, 0xd8, 0xff, 0x50, 0x0,
    0x0, 0x0, 0x0, 0x0, 0x78, 0xff, 0xb0, 0x0,
    0x0, 0x0, 0x0, 0x0, 0x19, 0xfc, 0xfb, 0x17,
    0x0, 0x0, 0x0, 0x0, 0x0, 0xb4, 0xff, 0x74,

    /* U+005D "]" */
    0x80, 0xff, 0xff, 0xff, 0xff, 0x14, 0x58, 0xb0,
    0xb0, 0xff, 0xff, 0x14, 0x0, 0x0, 0x0, 0xfc,
    0xff, 0x14, 0x0, 0x0, 0x0, 0xfc, 0xff, 0x14,
    0x0, 0x0, 0x0, 0xfc, 0xff, 0x14, 0x0, 0x0,
    0x0, 0xfc, 0xff, 0x14, 0x0, 0x0, 0x0, 0xfc,
    0xff, 0x14, 0x0, 0x0, 0x0, 0xfc, 0xff, 0x14,
    0x0, 0x0, 0x0, 0xfc, 0xff, 0x14, 0x0, 0x0,
    0x0, 0xfc, 0xff, 0x14, 0x0, 0x0, 0x0, 0xfc,
    0xff, 0x14, 0x0, 0x0, 0x0, 0xfc, 0xff, 0x14,
    0x0, 0x0, 0x0, 0xfc, 0xff, 0x14, 0x0, 0x0,
    0x0, 0xfc, 0xff, 0x14, 0x0, 0x0, 0x0, 0xfc,
    0xff, 0x14, 0x0, 0x0, 0x0, 0xfc, 0xff, 0x14,
    0x80, 0xff, 0xff, 0xff, 0xff, 0x14, 0x5a, 0xb4,
    0xb4, 0xb4, 0xb4, 0xe,

    /* U+005E "^" */
    0x0, 0x0, 0x0, 0x0, 0x55, 0xff, 0x58, 0x0,
    0x0, 0x0, 0x0, 0x0, 0x0, 0x0, 0x1, 0xcf,
    0xff, 0xda, 0x4, 0x0, 0x0, 0x0, 0x0, 0x0,
    0x0, 0x48, 0xff, 0xc7, 0xff, 0x65, 0x0, 0x0,
    0x0, 0x0, 0x0, 0x0, 0xc2, 0xf1, 0x13, 0xdc,
    0xe4, 0x9, 0x0, 0x0, 0x0, 0x0, 0x3c, 0xff,
    0x8c, 0x0, 0x5d, 0xff, 0x74, 0x0, 0x0, 0x0,
    0x0, 0xb7, 0xfb, 0x1b, 0x0, 0x3, 0xd9, 0xed,
    0xe, 0x0, 0x0, 0x30, 0xff, 0xa3, 0x0, 0x0,
    0x0, 0x59, 0xff, 0x82, 0x0, 0x0, 0xa9, 0xff,
    0x30, 0x0, 0x0, 0x0, 0x2, 0xd6, 0xf4, 0x16,
    0x26, 0xfd, 0xba, 0x0, 0x0, 0x0, 0x0, 0x0,
    0x56, 0xff, 0x8f,

    /* U+005F "_" */
    0x1, 0xc, 0xc, 0xc, 0xc, 0xc, 0xc, 0xc,
    0xc, 0x6, 0xc, 0xff, 0xff, 0xff, 0xff, 0xff,
    0xff, 0xff, 0xff, 0x88, 0x3, 0x3c, 0x3c, 0x3c,
    0x3c, 0x3c, 0x3c, 0x3c, 0x3c, 0x20,

    /* U+0060 "`" */
    0x10, 0xd2, 0xff, 0xc5, 0x4, 0x0, 0x0, 0x11,
    0xbe, 0xff, 0x89, 0x0, 0x0, 0x0, 0x5, 0x94,
    0xff, 0x57,

    /* U+0061 "a" */
    0x0, 0x0, 0x4c, 0xa9, 0xe2, 0xfd, 0xf9, 0xce,
    0x69, 0x1, 0x0, 0x0, 0x0, 0xca, 0xff, 0xed,
    0xc5, 0xe1, 0xff, 0xff, 0x77, 0x0, 0x0, 0x0,
    0x45, 0x4d, 0x3, 0x0, 0x2, 0xab, 0xff, 0xe2,
    0x0, 0x0, 0x0, 0x0, 0x0, 0x0, 0x0, 0x0,
    0x4c, 0xff, 0xff, 0x5, 0x0, 0x0, 0x0, 0x0,
    0xc, 0x1e, 0x20, 0x55, 0xff, 0xff, 0x8, 0x0,
    0xc, 0x88, 0xe1, 0xff, 0xff, 0xff, 0xff, 0xff,
    0xff, 0x8, 0x0, 0xb5, 0xff, 0xf6, 0x8c, 0x5b,
    0x50, 0x7c, 0xff, 0xff, 0x8, 0x14, 0xff, 0xff,
    0x65, 0x0, 0x0, 0x0, 0x4b, 0xff, 0xff, 0x8,
    0x14, 0xff, 0xff, 0x57, 0x0, 0x0, 0x5, 0xb5,
    0xff, 0xff, 0x8, 0x0, 0xc0, 0xff, 0xf0, 0x9a,
    0x99, 0xdd, 0xcc, 0xfa, 0xff, 0x8, 0x0, 0x16,
    0xa3, 0xef, 0xfe, 0xe4, 0x8e, 0xc, 0xbe, 0xff,
    0x8,

    /* U+0062 "b" */
    0x5c, 0xff, 0xf0, 0x0, 0x0, 0x0, 0x0, 0x0,
    0x0, 0x0, 0x0, 0x5c, 0xff, 0xf0, 0x0, 0x0,
    0x0, 0x0, 0x0, 0x0, 0x0, 0x0, 0x5c, 0xff,
    0xf0, 0x0, 0x0, 0x0, 0x0, 0x0, 0x0, 0x0,
    0x0, 0x5c, 0xff, 0xef, 0x0, 0x0, 0x0, 0x0,
    0x0, 0x0, 0x0, 0x0, 0x5c, 0xff, 0xea, 0x1b,
    0xaa, 0xf2, 0xf9, 0xcc, 0x4f, 0x0, 0x0, 0x5c,
    0xff, 0xeb, 0xdd, 0xfa, 0xe1, 0xfa, 0xff, 0xff,
    0x5a, 0x0, 0x5c, 0xff, 0xff, 0xba, 0x10, 0x0,
    0x14, 0xc6, 0xff, 0xe9, 0x6, 0x5c, 0xff, 0xff,
    0x2f, 0x0, 0x0, 0x0, 0x38, 0xff, 0xff, 0x3f,
    0x5c, 0xff, 0xfb, 0x2, 0x0, 0x0, 0x0, 0x3,
    0xfb, 0xff, 0x67, 0x5c, 0xff, 0xf1, 0x0, 0x0,
    0x0, 0x0, 0x0, 0xef, 0xff, 0x72, 0x5c, 0xff,
    0xfd, 0x4, 0x0, 0x0, 0x0, 0x5, 0xfb, 0xff,
    0x66, 0x5c, 0xff, 0xff, 0x37, 0x0, 0x0, 0x0,
    0x3f, 0xff, 0xff, 0x3b, 0x5c, 0xff, 0xff, 0xc1,
    0x16, 0x0, 0x19, 0xce, 0xff, 0xe4, 0x4, 0x5c,
    0xff, 0xdb, 0xea, 0xfc, 0xe5, 0xfc, 0xff, 0xfe,
    0x52, 0x0, 0x5c, 0xff, 0x80, 0x25, 0xb5, 0xf4,
    0xf9, 0xc8, 0x4a, 0x0, 0x0,

    /* U+0063 "c" */
    0x0, 0x2, 0x63, 0xc6, 0xf4, 0xfc, 0xe4, 0xa7,
    0x1a, 0x1, 0xaa, 0xff, 0xff, 0xf8, 0xef, 0xff,
    0xf0, 0xa, 0x5d, 0xff, 0xff, 0x73, 0x6, 0x0,
    0x1c, 0x43, 0x0, 0xbf, 0xff, 0xb7, 0x0, 0x0,
    0x0, 0x0, 0x0, 0x0, 0xef, 0xff, 0x75, 0x0,
    0x0, 0x0, 0x0, 0x0, 0x0, 0xfe, 0xff, 0x62,
    0x0, 0x0, 0x0, 0x0, 0x0, 0x0, 0xf2, 0xff,
    0x73, 0x0, 0x0, 0x0, 0x0, 0x0, 0x0, 0xc9,
    0xff, 0xb6, 0x0, 0x0, 0x0, 0x0, 0x0, 0x0,
    0x6f, 0xff, 0xff, 0x70, 0x4, 0x0, 0x13, 0x68,
    0x8, 0x6, 0xc1, 0xff, 0xff, 0xf6, 0xee, 0xff,
    0xff, 0xc, 0x0, 0x8, 0x77, 0xd2, 0xf9, 0xfd,
    0xdf, 0x8f, 0x4,

    /* U+0064 "d" */
    0x0, 0x0, 0x0, 0x0, 0x0, 0x0, 0x0, 0x80,
    0xff, 0xd0, 0x0, 0x0, 0x0, 0x0, 0x0, 0x0,
    0x0, 0x80, 0xff, 0xd0, 0x0, 0x0, 0x0, 0x0,
    0x0, 0x0, 0x0, 0x80, 0xff, 0xd0, 0x0, 0x0,
    0x0, 0x0, 0x0, 0x0, 0x0, 0x80, 0xff, 0xd0,
    0x0, 0x12, 0x99, 0xea, 0xfb, 0xd6, 0x66, 0x75,
    0xff, 0xd0, 0xb, 0xd3, 0xff, 0xff, 0xed, 0xf0,
    0xff, 0xcc, 0xff, 0xd0, 0x78, 0xff, 0xff, 0x5d,
    0x1, 0x1, 0x54, 0xfc, 0xff, 0xd0, 0xca, 0xff,
    0xb4, 0x0, 0x0, 0x0, 0x0, 0xac, 0xff, 0xd0,
    0xf2, 0xff, 0x72, 0x0, 0x0, 0x0, 0x0, 0x73,
    0xff, 0xd0, 0xfe, 0xff, 0x5f, 0x0, 0x0, 0x0,
    0x0, 0x62, 0xff, 0xd0, 0xf4, 0xff, 0x6e, 0x0,
    0x0, 0x0, 0x0, 0x6c, 0xff, 0xd0, 0xcd, 0xff,
    0xa9, 0x0, 0x0, 0x0, 0x0, 0x9f, 0xff, 0xd0,
    0x7d, 0xff, 0xfd, 0x52, 0x0, 0x0, 0x46, 0xf9,
    0xff, 0xd0, 0xd, 0xda, 0xff, 0xff, 0xea, 0xeb,
    0xff, 0xb3, 0xff, 0xd0, 0x0, 0x16, 0x9f, 0xed,
    0xfc, 0xd2, 0x5a, 0x1c, 0xff, 0xd0,

    /* U+0065 "e" */
    0x0, 0x2, 0x66, 0xcd, 0xf9, 0xf7, 0xc9, 0x5b,
    0x0, 0x0, 0x1, 0xa3, 0xff, 0xfc, 0xc6, 0xc9,
    0xfe, 0xff, 0x82, 0x0, 0x56, 0xff, 0xf5, 0x32,
    0x0, 0x0, 0x48, 0xff, 0xfd, 0x23, 0xbb, 0xff,
    0x98, 0x0, 0x0, 0x0, 0x0, 0xc8, 0xff, 0x71,
    0xed, 0xff, 0xcc, 0xa4, 0xa4, 0xa4, 0xa4, 0xe3,
    0xff, 0x90, 0xfd, 0xff, 0xff, 0xff, 0xff, 0xff,
    0xff, 0xff, 0xff, 0x94, 0xef, 0xff, 0x6a, 0x0,
    0x0, 0x0, 0x0, 0x0, 0x0, 0x0, 0xbf, 0xff,
    0xad, 0x0, 0x0, 0x0, 0x0, 0x0, 0x0, 0x0,
    0x58, 0xff, 0xff, 0x6c, 0x2, 0x0, 0x0, 0x10,
    0x5e, 0x5, 0x0, 0x99, 0xff, 0xff, 0xec, 0xcf,
    0xde, 0xfd, 0xff, 0x8, 0x0, 0x0, 0x55, 0xbd,
    0xf0, 0xfe, 0xf3, 0xca, 0x7b, 0x2,

    /* U+0066 "f" */
    0x0, 0x0, 0x4, 0x82, 0xde, 0xfd, 0xf3, 0xc6,
    0x8, 0x0, 0x0, 0x7e, 0xff, 0xff, 0xe6, 0xe2,
    0xbf, 0x0, 0x0, 0x0, 0xce, 0xff, 0xa9, 0x1,
    0x0, 0x3, 0x0, 0x0, 0x0, 0xe0, 0xff, 0x6d,
    0x0, 0x0, 0x0, 0x0, 0x4f, 0xcc, 0xff, 0xff,
    0xff, 0xff, 0xff, 0xc, 0x0, 0x7b, 0xc0, 0xf8,
    0xff, 0xdb, 0xc0, 0xc0, 0x9, 0x0, 0x0, 0x0,
    0xe0, 0xff, 0x6c, 0x0, 0x0, 0x0, 0x0, 0x0,
    0x0, 0xe0, 0xff, 0x6c, 0x0, 0x0, 0x0, 0x0,
    0x0, 0x0, 0xe0, 0xff, 0x6c, 0x0, 0x0, 0x0,
    0x0, 0x0, 0x0, 0xe0, 0xff, 0x6c, 0x0, 0x0,
    0x0, 0x0, 0x0, 0x0, 0xe0, 0xff, 0x6c, 0x0,
    0x0, 0x0, 0x0, 0x0, 0x0, 0xe0, 0xff, 0x6c,
    0x0, 0x0, 0x0, 0x0, 0x0, 0x0, 0xe0, 0xff,
    0x6c, 0x0, 0x0, 0x0, 0x0, 0x0, 0x0, 0xe0,
    0xff, 0x6c, 0x0, 0x0, 0x0, 0x0, 0x0, 0x0,
    0xe0, 0xff, 0x6c, 0x0, 0x0, 0x0, 0x0,

    /* U+0067 "g" */
    0x0, 0x0, 0x44, 0xbc, 0xf3, 0xff, 0xff, 0xff,
    0xff, 0xff, 0xc4, 0x0, 0x4c, 0xfe, 0xfe, 0xa5,
    0x89, 0xd9, 0xff, 0xfe, 0xbc, 0x6e, 0x0, 0xcb,
    0xff, 0x8e, 0x0, 0x0, 0x13, 0xf3, 0xff, 0x3e,
    0x0, 0x0, 0xf7, 0xff, 0x4f, 0x0, 0x0, 0x0,
    0xc7, 0xff, 0x79, 0x0, 0x0, 0xea, 0xff, 0x5d,
    0x0, 0x0, 0x0, 0xd6, 0xff, 0x6e, 0x0, 0x0,
    0x98, 0xff, 0xd2, 0x24, 0x9, 0x67, 0xff, 0xfa,
    0x22, 0x0, 0x0, 0x10, 0xbf, 0xff, 0xff, 0xff,
    0xff, 0xf3, 0x58, 0x0, 0x0, 0x0, 0xd, 0xbf,
    0xe6, 0x7a, 0x7a, 0x5b, 0x11, 0x0, 0x0, 0x0,
    0x0, 0x6b, 0xff, 0x9e, 0x3, 0x0, 0x0, 0x0,
    0x0, 0x0, 0x0, 0x0, 0x38, 0xfa, 0xff, 0xfc,
    0xf4, 0xf4, 0xec, 0xc1, 0x4d, 0x0, 0x0, 0x5a,
    0xdd, 0xff, 0xff, 0xff, 0xff, 0xff, 0xff, 0xfe,
    0x3f, 0x64, 0xff, 0xcc, 0x2a, 0x2, 0x0, 0x3,
    0x28, 0xcc, 0xff, 0x95, 0xc5, 0xff, 0x54, 0x0,
    0x0, 0x0, 0x0, 0x0, 0x88, 0xff, 0x9b, 0xbe,
    0xff, 0x87, 0x0, 0x0, 0x0, 0x0, 0x27, 0xe3,
    0xff, 0x59, 0x51, 0xfe, 0xff, 0xcd, 0xa1, 0xa3,
    0xc6, 0xfd, 0xff, 0xa6, 0x2, 0x0, 0x42, 0xb5,
    0xeb, 0xff, 0xf9, 0xe2, 0xac, 0x4e, 0x0, 0x0,

    /* U+0068 "h" */
    0x5c, 0xff, 0xf0, 0x0, 0x0, 0x0, 0x0, 0x0,
    0x0, 0x0, 0x0, 0x5c, 0xff, 0xf0, 0x0, 0x0,
    0x0, 0x0, 0x0, 0x0, 0x0, 0x0, 0x5c, 0xff,
    0xf0, 0x0, 0x0, 0x0, 0x0, 0x0, 0x0, 0x0,
    0x0, 0x5c, 0xff, 0xf0, 0x0, 0x0, 0x0, 0x0,
    0x0, 0x0, 0x0, 0x0, 0x5c, 0xff, 0xea, 0x1b,
    0xa5, 0xed, 0xfd, 0xdb, 0x7b, 0x4, 0x0, 0x5c,
    0xff, 0xe9, 0xdc, 0xfd, 0xe1, 0xf5, 0xff, 0xff,
    0x8a, 0x0, 0x5c, 0xff, 0xff, 0xcc, 0x1b, 0x0,
    0x9, 0xb3, 0xff, 0xf3, 0x4, 0x5c, 0xff, 0xff,
    0x3f, 0x0, 0x0, 0x0, 0x41, 0xff, 0xff, 0x1e,
    0x5c, 0xff, 0xfd, 0x6, 0x0, 0x0, 0x0, 0x29,
    0xff, 0xff, 0x24, 0x5c, 0xff, 0xf1, 0x0, 0x0,
    0x0, 0x0, 0x28, 0xff, 0xff, 0x24, 0x5c, 0xff,
    0xf0, 0x0, 0x0, 0x0, 0x0, 0x28, 0xff, 0xff,
    0x24, 0x5c, 0xff, 0xf0, 0x0, 0x0, 0x0, 0x0,
    0x28, 0xff, 0xff, 0x24, 0x5c, 0xff, 0xf0, 0x0,
    0x0, 0x0, 0x0, 0x28, 0xff, 0xff, 0x24, 0x5c,
    0xff, 0xf0, 0x0, 0x0, 0x0, 0x0, 0x28, 0xff,
    0xff, 0x24, 0x5c, 0xff, 0xf0, 0x0, 0x0, 0x0,
    0x0, 0x28, 0xff, 0xff, 0x24,

    /* U+0069 "i" */
    0x42, 0xf2, 0xca, 0x4, 0x76, 0xff, 0xff, 0x12,
    0x10, 0x7b, 0x52, 0x0, 0x0, 0x0, 0x0, 0x0,
    0x5c, 0xff, 0xf0, 0x0, 0x5c, 0xff, 0xf0, 0x0,
    0x5c, 0xff, 0xf0, 0x0, 0x5c, 0xff, 0xf0, 0x0,
    0x5c, 0xff, 0xf0, 0x0, 0x5c, 0xff, 0xf0, 0x0,
    0x5c, 0xff, 0xf0, 0x0, 0x5c, 0xff, 0xf0, 0x0,
    0x5c, 0xff, 0xf0, 0x0, 0x5c, 0xff, 0xf0, 0x0,
    0x5c, 0xff, 0xf0, 0x0,

    /* U+006A "j" */
    0x0, 0x0, 0x0, 0x42, 0xf2, 0xca, 0x4, 0x0,
    0x0, 0x0, 0x76, 0xff, 0xff, 0x12, 0x0, 0x0,
    0x0, 0x10, 0x7b, 0x52, 0x0, 0x0, 0x0, 0x0,
    0x0, 0x0, 0x0, 0x0, 0x0, 0x0, 0x0, 0x5c,
    0xff, 0xf0, 0x0, 0x0, 0x0, 0x0, 0x5c, 0xff,
    0xf0, 0x0, 0x0, 0x0, 0x0, 0x5c, 0xff, 0xf0,
    0x0, 0x0, 0x0, 0x0, 0x5c, 0xff, 0xf0, 0x0,
    0x0, 0x0, 0x0, 0x5c, 0xff, 0xf0, 0x0, 0x0,
    0x0, 0x0, 0x5c, 0xff, 0xf0, 0x0, 0x0, 0x0,
    0x0, 0x5c, 0xff, 0xf0, 0x0, 0x0, 0x0, 0x0,
    0x5c, 0xff, 0xf0, 0x0, 0x0, 0x0, 0x0, 0x5c,
    0xff, 0xf0, 0x0, 0x0, 0x0, 0x0, 0x5c, 0xff,
    0xf0, 0x0, 0x0, 0x0, 0x0, 0x5c, 0xff, 0xf0,
    0x0, 0x0, 0x0, 0x0, 0x5c, 0xff, 0xf0, 0x0,
    0x0, 0x0, 0x0, 0x5f, 0xff, 0xef, 0x0, 0x3,
    0x1, 0x2, 0xa2, 0xff, 0xd8, 0x0, 0x30, 0xf0,
    0xed, 0xff, 0xff, 0x7d, 0x0, 0x25, 0xe9, 0xfe,
    0xe8, 0x88, 0x4, 0x0,

    /* U+006B "k" */
    0x5c, 0xff, 0xf0, 0x0, 0x0, 0x0, 0x0, 0x0,
    0x0, 0x0, 0x0, 0x5c, 0xff, 0xf0, 0x0, 0x0,
    0x0, 0x0, 0x0, 0x0, 0x0, 0x0, 0x5c, 0xff,
    0xf0, 0x0, 0x0, 0x0, 0x0, 0x0, 0x0, 0x0,
    0x0, 0x5c, 0xff, 0xf0, 0x0, 0x0, 0x0, 0x0,
    0x0, 0x0, 0x0, 0x0, 0x5c, 0xff, 0xf0, 0x0,
    0x0, 0x0, 0x1e, 0xe3, 0xff, 0xa1, 0x1, 0x5c,
    0xff, 0xf0, 0x0, 0x0, 0x13, 0xd7, 0xff, 0xb5,
    0x5, 0x0, 0x5c, 0xff, 0xf0, 0x0, 0xb, 0xc9,
    0xff, 0xc5, 0xa, 0x0, 0x0, 0x5c, 0xff, 0xed,
    0x5, 0xb9, 0xff, 0xd3, 0x11, 0x0, 0x0, 0x0,
    0x5c, 0xff, 0xe0, 0x91, 0xff, 0xef, 0x1b, 0x0,
    0x0, 0x0, 0x0, 0x5c, 0xff, 0xf7, 0xff, 0xff,
    0xff, 0x55, 0x0, 0x0, 0x0, 0x0, 0x5c, 0xff,
    0xff, 0xc4, 0x98, 0xff, 0xef, 0x21, 0x0, 0x0,
    0x0, 0x5c, 0xff, 0xf4, 0x9, 0x6, 0xce, 0xff,
    0xc7, 0x5, 0x0, 0x0, 0x5c, 0xff, 0xf0, 0x0,
    0x0, 0x26, 0xf5, 0xff, 0x89, 0x0, 0x0, 0x5c,
    0xff, 0xf0, 0x0, 0x0, 0x0, 0x65, 0xff, 0xfe,
    0x46, 0x0, 0x5c, 0xff, 0xf0, 0x0, 0x0, 0x0,
    0x0, 0xac, 0xff, 0xea, 0x18,

    /* U+006C "l" */
    0x5c, 0xff, 0xf4, 0x5c, 0xff, 0xf4, 0x5c, 0xff,
    0xf4, 0x5c, 0xff, 0xf4, 0x5c, 0xff, 0xf4, 0x5c,
    0xff, 0xf4, 0x5c, 0xff, 0xf4, 0x5c, 0xff, 0xf4,
    0x5c, 0xff, 0xf4, 0x5c, 0xff, 0xf4, 0x5c, 0xff,
    0xf4, 0x5c, 0xff, 0xf4, 0x5c, 0xff, 0xf4, 0x5c,
    0xff, 0xf4, 0x5c, 0xff, 0xf4,

    /* U+006D "m" */
    0x5c, 0xff, 0x85, 0x26, 0xb1, 0xf2, 0xf9, 0xcc,
    0x4e, 0x0, 0x4f, 0xc8, 0xf9, 0xf4, 0xb8, 0x2e,
    0x0, 0x5c, 0xff, 0xcd, 0xe9, 0xfb, 0xe5, 0xfd,
    0xff, 0xfd, 0x8b, 0xff, 0xf6, 0xe8, 0xff, 0xff,
    0xec, 0x10, 0x5c, 0xff, 0xff, 0xc3, 0x14, 0x0,
    0x29, 0xf2, 0xff, 0xff, 0x95, 0x7, 0x0, 0x54,
    0xff, 0xff, 0x5d, 0x5c, 0xff, 0xff, 0x38, 0x0,
    0x0, 0x0, 0xa8, 0xff, 0xf3, 0x8, 0x0, 0x0,
    0x0, 0xdf, 0xff, 0x7f, 0x5c, 0xff, 0xfd, 0x4,
    0x0, 0x0, 0x0, 0x95, 0xff, 0xc5, 0x0, 0x0,
    0x0, 0x0, 0xc9, 0xff, 0x84, 0x5c, 0xff, 0xf1,
    0x0, 0x0, 0x0, 0x0, 0x94, 0xff, 0xb8, 0x0,
    0x0, 0x0, 0x0, 0xc8, 0xff, 0x84, 0x5c, 0xff,
    0xf0, 0x0, 0x0, 0x0, 0x0, 0x94, 0xff, 0xb8,
    0x0, 0x0, 0x0, 0x0, 0xc8, 0xff, 0x84, 0x5c,
    0xff, 0xf0, 0x0, 0x0, 0x0, 0x0, 0x94, 0xff,
    0xb8, 0x0, 0x0, 0x0, 0x0, 0xc8, 0xff, 0x84,
    0x5c, 0xff, 0xf0, 0x0, 0x0, 0x0, 0x0, 0x94,
    0xff, 0xb8, 0x0, 0x0, 0x0, 0x0, 0xc8, 0xff,
    0x84, 0x5c, 0xff, 0xf0, 0x0, 0x0, 0x0, 0x0,
    0x94, 0xff, 0xb8, 0x0, 0x0, 0x0, 0x0, 0xc8,
    0xff, 0x84, 0x5c, 0xff, 0xf0, 0x0, 0x0, 0x0,
    0x0, 0x94, 0xff, 0xb8, 0x0, 0x0, 0x0, 0x0,
    0xc8, 0xff, 0x84,

    /* U+006E "n" */
    0x5c, 0xff, 0x85, 0x1e, 0xa5, 0xec, 0xfa, 0xdb,
    0x79, 0x4, 0x0, 0x5c, 0xff, 0xcc, 0xe4, 0xfe,
    0xe7, 0xf7, 0xff, 0xff, 0x8d, 0x0, 0x5c, 0xff,
    0xff, 0xce, 0x1f, 0x0, 0xb, 0xb5, 0xff, 0xf5,
    0x5, 0x5c, 0xff, 0xff, 0x41, 0x0, 0x0, 0x0,
    0x41, 0xff, 0xff, 0x1e, 0x5c, 0xff, 0xfe, 0x7,
    0x0, 0x0, 0x0, 0x29, 0xff, 0xff, 0x24, 0x5c,
    0xff, 0xf2, 0x0, 0x0, 0x0, 0x0, 0x28, 0xff,
    0xff, 0x24, 0x5c, 0xff, 0xf0, 0x0, 0x0, 0x0,
    0x0, 0x28, 0xff, 0xff, 0x24, 0x5c, 0xff, 0xf0,
    0x0, 0x0, 0x0, 0x0, 0x28, 0xff, 0xff, 0x24,
    0x5c, 0xff, 0xf0, 0x0, 0x0, 0x0, 0x0, 0x28,
    0xff, 0xff, 0x24, 0x5c, 0xff, 0xf0, 0x0, 0x0,
    0x0, 0x0, 0x28, 0xff, 0xff, 0x24, 0x5c, 0xff,
    0xf0, 0x0, 0x0, 0x0, 0x0, 0x28, 0xff, 0xff,
    0x24,

    /* U+006F "o" */
    0x0, 0x1, 0x62, 0xc8, 0xf5, 0xfa, 0xd5, 0x7b,
    0x8, 0x0, 0x0, 0x1, 0xa2, 0xff, 0xff, 0xf1,
    0xea, 0xff, 0xff, 0xc7, 0xa, 0x0, 0x59, 0xff,
    0xff, 0x60, 0x2, 0x0, 0x3a, 0xee, 0xff, 0x8a,
    0x0, 0xbd, 0xff, 0xb2, 0x0, 0x0, 0x0, 0x0,
    0x78, 0xff, 0xef, 0x3, 0xef, 0xff, 0x74, 0x0,
    0x0, 0x0, 0x0, 0x3a, 0xff, 0xff, 0x26, 0xfe,
    0xff, 0x62, 0x0, 0x0, 0x0, 0x0, 0x2a, 0xff,
    0xff, 0x36, 0xee, 0xff, 0x74, 0x0, 0x0, 0x0,
    0x0, 0x3a, 0xff, 0xff, 0x27, 0xb9, 0xff, 0xb4,
    0x0, 0x0, 0x0, 0x0, 0x79, 0xff, 0xf0, 0x5,
    0x50, 0xff, 0xff, 0x61, 0x1, 0x0, 0x39, 0xee,
    0xff, 0x92, 0x0, 0x0, 0x9a, 0xff, 0xff, 0xed,
    0xe6, 0xff, 0xff, 0xce, 0xf, 0x0, 0x0, 0x0,
    0x5c, 0xc6, 0xf7, 0xfb, 0xd6, 0x7f, 0xb, 0x0,
    0x0,

    /* U+0070 "p" */
    0x5c, 0xff, 0x9e, 0x19, 0xa8, 0xf0, 0xfb, 0xcc,
    0x4f, 0x0, 0x0, 0x5c, 0xff, 0xd8, 0xd8, 0xfb,
    0xe5, 0xfb, 0xff, 0xff, 0x5a, 0x0, 0x5c, 0xff,
    0xff, 0xbe, 0x13, 0x0, 0x16, 0xc6, 0xff, 0xe9,
    0x6, 0x5c, 0xff, 0xff, 0x30, 0x0, 0x0, 0x0,
    0x36, 0xff, 0xff, 0x3f, 0x5c, 0xff, 0xfd, 0x2,
    0x0, 0x0, 0x0, 0x2, 0xf8, 0xff, 0x67, 0x5c,
    0xff, 0xf5, 0x0, 0x0, 0x0, 0x0, 0x0, 0xea,
    0xff, 0x72, 0x5c, 0xff, 0xfe, 0x6, 0x0, 0x0,
    0x0, 0x3, 0xfa, 0xff, 0x63, 0x5c, 0xff, 0xff,
    0x39, 0x0, 0x0, 0x0, 0x3d, 0xff, 0xff, 0x3b,
    0x5c, 0xff, 0xff, 0xc8, 0x18, 0x0, 0x17, 0xcb,
    0xff, 0xe1, 0x3, 0x5c, 0xff, 0xeb, 0xe9, 0xfd,
    0xe4, 0xfb, 0xff, 0xfe, 0x4f, 0x0, 0x5c, 0xff,
    0xe9, 0x25, 0xb0, 0xf2, 0xf9, 0xc6, 0x47, 0x0,
    0x0, 0x5c, 0xff, 0xf4, 0x0, 0x0, 0x0, 0x0,
    0x0, 0x0, 0x0, 0x0, 0x5c, 0xff, 0xf4, 0x0,
    0x0, 0x0, 0x0, 0x0, 0x0, 0x0, 0x0, 0x5c,
    0xff, 0xf4, 0x0, 0x0, 0x0, 0x0, 0x0, 0x0,
    0x0, 0x0, 0x5c, 0xff, 0xf4, 0x0, 0x0, 0x0,
    0x0, 0x0, 0x0, 0x0, 0x0, 0x5c, 0xff, 0xf4,
    0x0, 0x0, 0x0, 0x0, 0x0, 0x0, 0x0, 0x0,

    /* U+0071 "q" */
    0x0, 0x12, 0x98, 0xea, 0xfc, 0xd9, 0x64, 0x2b,
    0xff, 0xd0, 0x9, 0xd1, 0xff, 0xff, 0xed, 0xf0,
    0xff, 0xbe, 0xff, 0xd0, 0x73, 0xff, 0xfe, 0x5a,
    0x1, 0x1, 0x57, 0xfd, 0xff, 0xd0, 0xc8, 0xff,
    0xb1, 0x0, 0x0, 0x0, 0x0, 0xb0, 0xff, 0xd0,
    0xf2, 0xff, 0x71, 0x0, 0x0, 0x0, 0x0, 0x77,
    0xff, 0xd0, 0xfe, 0xff, 0x5f, 0x0, 0x0, 0x0,
    0x0, 0x65, 0xff, 0xd0, 0xf4, 0xff, 0x6e, 0x0,
    0x0, 0x0, 0x0, 0x6f, 0xff, 0xd0, 0xcd, 0xff,
    0xa8, 0x0, 0x0, 0x0, 0x0, 0xa0, 0xff, 0xd0,
    0x7d, 0xff, 0xfb, 0x4a, 0x0, 0x0, 0x42, 0xf8,
    0xff, 0xd0, 0xe, 0xda, 0xff, 0xff, 0xe1, 0xe2,
    0xff, 0xcb, 0xff, 0xd0, 0x0, 0x16, 0xa1, 0xee,
    0xfd, 0xd5, 0x5d, 0x7c, 0xff, 0xd0, 0x0, 0x0,
    0x0, 0x0, 0x0, 0x0, 0x0, 0x80, 0xff, 0xd0,
    0x0, 0x0, 0x0, 0x0, 0x0, 0x0, 0x0, 0x80,
    0xff, 0xd0, 0x0, 0x0, 0x0, 0x0, 0x0, 0x0,
    0x0, 0x80, 0xff, 0xd0, 0x0, 0x0, 0x0, 0x0,
    0x0, 0x0, 0x0, 0x80, 0xff, 0xd0, 0x0, 0x0,
    0x0, 0x0, 0x0, 0x0, 0x0, 0x80, 0xff, 0xd0,

    /* U+0072 "r" */
    0x5c, 0xff, 0x82, 0x8, 0x8d, 0xed, 0xfa, 0x33,
    0x5c, 0xff, 0xaa, 0xb4, 0xff, 0xff, 0xff, 0x22,
    0x5c, 0xff, 0xfc, 0xfc, 0x84, 0x33, 0x2b, 0x5,
    0x5c, 0xff, 0xff, 0x75, 0x0, 0x0, 0x0, 0x0,
    0x5c, 0xff, 0xff, 0xf, 0x0, 0x0, 0x0, 0x0,
    0x5c, 0xff, 0xf5, 0x0, 0x0, 0x0, 0x0, 0x0,
    0x5c, 0xff, 0xf4, 0x0, 0x0, 0x0, 0x0, 0x0,
    0x5c, 0xff, 0xf4, 0x0, 0x0, 0x0, 0x0, 0x0,
    0x5c, 0xff, 0xf4, 0x0, 0x0, 0x0, 0x0, 0x0,
    0x5c, 0xff, 0xf4, 0x0, 0x0, 0x0, 0x0, 0x0,
    0x5c, 0xff, 0xf4, 0x0, 0x0, 0x0, 0x0, 0x0,

    /* U+0073 "s" */
    0x0, 0x6, 0x77, 0xd0, 0xf7, 0xfa, 0xe1, 0xa8,
    0x41, 0x0, 0xa4, 0xff, 0xfd, 0xcf, 0xcc, 0xf4,
    0xff, 0x6f, 0x3, 0xfb, 0xff, 0x58, 0x0, 0x0,
    0x6, 0x4a, 0xf, 0x1, 0xf4, 0xff, 0x96, 0x8,
    0x0, 0x0, 0x0, 0x0, 0x0, 0x84, 0xff, 0xff,
    0xe9, 0x86, 0x21, 0x0, 0x0, 0x0, 0x0, 0x5c,
    0xd6, 0xff, 0xff, 0xfc, 0x98, 0x9, 0x0, 0x0,
    0x0, 0x1, 0x40, 0xb5, 0xff, 0xff, 0x9a, 0x0,
    0x0, 0x0, 0x0, 0x0, 0x0, 0x89, 0xff, 0xe1,
    0x5, 0x62, 0x12, 0x0, 0x0, 0x0, 0x8a, 0xff,
    0xd3, 0x8, 0xff, 0xfd, 0xd3, 0xbe, 0xd7, 0xff,
    0xff, 0x65, 0x3, 0x8d, 0xd4, 0xf6, 0xff, 0xf0,
    0xbe, 0x52, 0x0,

    /* U+0074 "t" */
    0x0, 0x0, 0x2f, 0x80, 0x16, 0x0, 0x0, 0x0,
    0x0, 0x0, 0x9a, 0xff, 0x2c, 0x0, 0x0, 0x0,
    0x0, 0x5, 0xe8, 0xff, 0x2c, 0x0, 0x0, 0x0,
    0x46, 0xdb, 0xff, 0xff, 0xff, 0xff, 0xff, 0x44,
    0x75, 0xc9, 0xff, 0xff, 0xcb, 0xc0, 0xc0, 0x33,
    0x0, 0x24, 0xff, 0xff, 0x2c, 0x0, 0x0, 0x0,
    0x0, 0x24, 0xff, 0xff, 0x2c, 0x0, 0x0, 0x0,
    0x0, 0x24, 0xff, 0xff, 0x2c, 0x0, 0x0, 0x0,
    0x0, 0x24, 0xff, 0xff, 0x2c, 0x0, 0x0, 0x0,
    0x0, 0x24, 0xff, 0xff, 0x2c, 0x0, 0x0, 0x0,
    0x0, 0x23, 0xff, 0xff, 0x2e, 0x0, 0x0, 0x0,
    0x0, 0x10, 0xff, 0xff, 0x71, 0x0, 0x0, 0x7,
    0x0, 0x0, 0xc1, 0xff, 0xff, 0xe0, 0xee, 0x5c,
    0x0, 0x0, 0x1c, 0xb1, 0xf2, 0xfb, 0xdb, 0x3e,

    /* U+0075 "u" */
    0x74, 0xff, 0xdc, 0x0, 0x0, 0x0, 0x0, 0x3c,
    0xff, 0xff, 0x10, 0x74, 0xff, 0xdc, 0x0, 0x0,
    0x0, 0x0, 0x3c, 0xff, 0xff, 0x10, 0x74, 0xff,
    0xdc, 0x0, 0x0, 0x0, 0x0, 0x3c, 0xff, 0xff,
    0x10, 0x74, 0xff, 0xdc, 0x0, 0x0, 0x0, 0x0,
    0x3c, 0xff, 0xff, 0x10, 0x74, 0xff, 0xdc, 0x0,
    0x0, 0x0, 0x0, 0x3c, 0xff, 0xff, 0x10, 0x74,
    0xff, 0xdc, 0x0, 0x0, 0x0, 0x0, 0x3d, 0xff,
    0xff, 0x10, 0x74, 0xff, 0xdc, 0x0, 0x0, 0x0,
    0x0, 0x4b, 0xff, 0xff, 0x10, 0x6e, 0xff, 0xec,
    0x0, 0x0, 0x0, 0x0, 0x7b, 0xff, 0xff, 0x10,
    0x47, 0xff, 0xff, 0x4c, 0x0, 0x0, 0x1c, 0xe4,
    0xff, 0xff, 0x10, 0x5, 0xd6, 0xff, 0xfb, 0xbb,
    0xb9, 0xf4, 0xd5, 0xff, 0xff, 0x10, 0x0, 0x1a,
    0xa3, 0xeb, 0xfc, 0xe4, 0x95, 0x12, 0xd8, 0xff,
    0x10,

    /* U+0076 "v" */
    0xd0, 0xff, 0x9c, 0x0, 0x0, 0x0, 0x0, 0x2,
    0xe6, 0xff, 0x80, 0x70, 0xff, 0xee, 0x6, 0x0,
    0x0, 0x0, 0x40, 0xff, 0xff, 0x21, 0x16, 0xfb,
    0xff, 0x4c, 0x0, 0x0, 0x0, 0x99, 0xff, 0xc0,
    0x0, 0x0, 0xb0, 0xff, 0xa4, 0x0, 0x0, 0x5,
    0xed, 0xff, 0x61, 0x0, 0x0, 0x51, 0xff, 0xf3,
    0x9, 0x0, 0x4a, 0xff, 0xf4, 0xc, 0x0, 0x0,
    0x7, 0xed, 0xff, 0x52, 0x0, 0xa2, 0xff, 0xa2,
    0x0, 0x0, 0x0, 0x0, 0x94, 0xff, 0xa9, 0x7,
    0xf2, 0xff, 0x44, 0x0, 0x0, 0x0, 0x0, 0x34,
    0xff, 0xf4, 0x4e, 0xff, 0xe2, 0x2, 0x0, 0x0,
    0x0, 0x0, 0x0, 0xd4, 0xff, 0xbc, 0xff, 0x84,
    0x0, 0x0, 0x0, 0x0, 0x0, 0x0, 0x74, 0xff,
    0xff, 0xff, 0x25, 0x0, 0x0, 0x0, 0x0, 0x0,
    0x0, 0x18, 0xfc, 0xff, 0xc4, 0x0, 0x0, 0x0,
    0x0,

    /* U+0077 "w" */
    0xa4, 0xff, 0xac, 0x0, 0x0, 0x0, 0x34, 0xff,
    0xff, 0x93, 0x0, 0x0, 0x0, 0x52, 0xff, 0xf0,
    0x4, 0x5e, 0xff, 0xee, 0x2, 0x0, 0x0, 0x7e,
    0xff, 0xff, 0xd8, 0x0, 0x0, 0x0, 0x95, 0xff,
    0xae, 0x0, 0x19, 0xff, 0xff, 0x30, 0x0, 0x0,
    0xc6, 0xfb, 0xc0, 0xff, 0x1f, 0x0, 0x0, 0xd7,
    0xff, 0x67, 0x0, 0x0, 0xd2, 0xff, 0x73, 0x0,
    0x12, 0xfd, 0xcb, 0x7b, 0xff, 0x64, 0x0, 0x1c,
    0xff, 0xff, 0x20, 0x0, 0x0, 0x8b, 0xff, 0xb4,
    0x0, 0x58, 0xff, 0x8d, 0x3e, 0xff, 0xab, 0x0,
    0x5f, 0xff, 0xd8, 0x0, 0x0, 0x0, 0x44, 0xff,
    0xf1, 0x3, 0xa0, 0xff, 0x50, 0x6, 0xf6, 0xee,
    0x3, 0xa0, 0xff, 0x92, 0x0, 0x0, 0x0, 0x8,
    0xf6, 0xff, 0x2c, 0xe5, 0xfc, 0xf, 0x0, 0xba,
    0xff, 0x34, 0xde, 0xff, 0x4b, 0x0, 0x0, 0x0,
    0x0, 0xb7, 0xff, 0x78, 0xff, 0xc2, 0x0, 0x0,
    0x75, 0xff, 0x7c, 0xff, 0xf9, 0xb, 0x0, 0x0,
    0x0, 0x0, 0x71, 0xff, 0xd3, 0xff, 0x79, 0x0,
    0x0, 0x31, 0xff, 0xd5, 0xff, 0xbe, 0x0, 0x0,
    0x0, 0x0, 0x0, 0x2a, 0xff, 0xff, 0xff, 0x30,
    0x0, 0x0, 0x1, 0xea, 0xff, 0xff, 0x75, 0x0,
    0x0, 0x0, 0x0, 0x0, 0x0, 0xe3, 0xff, 0xe7,
    0x1, 0x0, 0x0, 0x0, 0xa7, 0xff, 0xff, 0x2f,
    0x0, 0x0, 0x0,

    /* U+0078 "x" */
    0x3f, 0xfe, 0xff, 0x5a, 0x0, 0x0, 0x0, 0x56,
    0xff, 0xff, 0x43, 0x0, 0x92, 0xff, 0xeb, 0x14,
    0x0, 0x11, 0xe8, 0xff, 0x95, 0x0, 0x0, 0xb,
    0xdc, 0xff, 0xa5, 0x0, 0x9e, 0xff, 0xdd, 0xb,
    0x0, 0x0, 0x0, 0x3d, 0xfe, 0xff, 0x87, 0xff,
    0xfe, 0x3e, 0x0, 0x0, 0x0, 0x0, 0x0, 0x90,
    0xff, 0xff, 0xff, 0x90, 0x0, 0x0, 0x0, 0x0,
    0x0, 0x0, 0x27, 0xff, 0xff, 0xff, 0x27, 0x0,
    0x0, 0x0, 0x0, 0x0, 0x1, 0xba, 0xff, 0xfd,
    0xff, 0xba, 0x1, 0x0, 0x0, 0x0, 0x0, 0x66,
    0xff, 0xf8, 0x47, 0xf5, 0xff, 0x68, 0x0, 0x0,
    0x0, 0x20, 0xf2, 0xff, 0x78, 0x0, 0x71, 0xff,
    0xf4, 0x22, 0x0, 0x1, 0xbc, 0xff, 0xcf, 0x4,
    0x0, 0x3, 0xcc, 0xff, 0xc1, 0x2, 0x6a, 0xff,
    0xfc, 0x32, 0x0, 0x0, 0x0, 0x2f, 0xfb, 0xff,
    0x70,

    /* U+0079 "y" */
    0xcb, 0xff, 0xb1, 0x0, 0x0, 0x0, 0x0, 0x4,
    0xeb, 0xff, 0x84, 0x67, 0xff, 0xf9, 0x11, 0x0,
    0x0, 0x0, 0x44, 0xff, 0xff, 0x27, 0xe, 0xf5,
    0xff, 0x63, 0x0, 0x0, 0x0, 0x99, 0xff, 0xc8,
    0x0, 0x0, 0x9f, 0xff, 0xbd, 0x0, 0x0, 0x4,
    0xeb, 0xff, 0x6a, 0x0, 0x0, 0x3c, 0xff, 0xfd,
    0x19, 0x0, 0x44, 0xff, 0xf9, 0x13, 0x0, 0x0,
    0x0, 0xd8, 0xff, 0x6e, 0x0, 0x99, 0xff, 0xac,
    0x0, 0x0, 0x0, 0x0, 0x74, 0xff, 0xc7, 0x4,
    0xeb, 0xff, 0x50, 0x0, 0x0, 0x0, 0x0, 0x15,
    0xfb, 0xff, 0x56, 0xff, 0xeb, 0x5, 0x0, 0x0,
    0x0, 0x0, 0x0, 0xad, 0xff, 0xd1, 0xff, 0x92,
    0x0, 0x0, 0x0, 0x0, 0x0, 0x0, 0x49, 0xff,
    0xff, 0xff, 0x34, 0x0, 0x0, 0x0, 0x0, 0x0,
    0x0, 0x3, 0xe3, 0xff, 0xd5, 0x0, 0x0, 0x0,
    0x0, 0x0, 0x0, 0x0, 0x0, 0xd4, 0xff, 0x78,
    0x0, 0x0, 0x0, 0x0, 0x0, 0x0, 0x0, 0x39,
    0xff, 0xfd, 0x1b, 0x0, 0x0, 0x0, 0x0, 0x0,
    0x0, 0x1a, 0xd2, 0xff, 0xa8, 0x0, 0x0, 0x0,
    0x0, 0x0, 0x89, 0xe5, 0xfc, 0xff, 0xe9, 0x1d,
    0x0, 0x0, 0x0, 0x0, 0x0, 0x80, 0xfc, 0xf2,
    0xaf, 0x23, 0x0, 0x0, 0x0, 0x0, 0x0, 0x0,

    /* U+007A "z" */
    0x0, 0xff, 0xff, 0xff, 0xff, 0xff, 0xff, 0xff,
    0xb8, 0x0, 0xc4, 0xc4, 0xc4, 0xc4, 0xc4, 0xfd,
    0xff, 0xa7, 0x0, 0x0, 0x0, 0x0, 0x0, 0x64,
    0xff, 0xf2, 0x20, 0x0, 0x0, 0x0, 0x0, 0x22,
    0xf4, 0xff, 0x5e, 0x0, 0x0, 0x0, 0x0, 0x3,
    0xc5, 0xff, 0xac, 0x0, 0x0, 0x0, 0x0, 0x0,
    0x7a, 0xff, 0xe6, 0x13, 0x0, 0x0, 0x0, 0x0,
    0x33, 0xfb, 0xff, 0x48, 0x0, 0x0, 0x0, 0x0,
    0xa, 0xd7, 0xff, 0x95, 0x0, 0x0, 0x0, 0x0,
    0x0, 0x93, 0xff, 0xd9, 0xa, 0x0, 0x0, 0x0,
    0x0, 0x37, 0xff, 0xff, 0xdf, 0xc4, 0xc4, 0xc4,
    0xc4, 0xac, 0x54, 0xff, 0xff, 0xff, 0xff, 0xff,
    0xff, 0xff, 0xe0,

    /* U+007B "{" */
    0x0, 0x0, 0x0, 0x19, 0x9f, 0xe3, 0xf4, 0x0,
    0x0, 0x0, 0xc7, 0xff, 0xfd, 0xca, 0x0, 0x0,
    0x12, 0xff, 0xff, 0x43, 0x0, 0x0, 0x0, 0x1c,
    0xff, 0xfd, 0x0, 0x0, 0x0, 0x0, 0x1c, 0xff,
    0xfc, 0x0, 0x0, 0x0, 0x0, 0x1c, 0xff, 0xfc,
    0x0, 0x0, 0x0, 0x0, 0x28, 0xff, 0xf9, 0x0,
    0x0, 0x3, 0x22, 0xae, 0xff, 0xc3, 0x0, 0x0,
    0x90, 0xff, 0xf7, 0xa5, 0x1c, 0x0, 0x0, 0x7d,
    0xf4, 0xff, 0xd5, 0x3a, 0x0, 0x0, 0x0, 0x4,
    0x8c, 0xff, 0xd8, 0x0, 0x0, 0x0, 0x0, 0x21,
    0xff, 0xfb, 0x0, 0x0, 0x0, 0x0, 0x1c, 0xff,
    0xfc, 0x0, 0x0, 0x0, 0x0, 0x1c, 0xff, 0xfc,
    0x0, 0x0, 0x0, 0x0, 0x1c, 0xff, 0xfe, 0x3,
    0x0, 0x0, 0x0, 0xb, 0xfd, 0xff, 0x75, 0xa,
    0x0, 0x0, 0x0, 0xa3, 0xff, 0xff, 0xf8, 0x0,
    0x0, 0x0, 0x4, 0x61, 0xa7, 0xba,

    /* U+007C "|" */
    0x60, 0xff, 0x60, 0x60, 0xff, 0x60, 0x60, 0xff,
    0x60, 0x60, 0xff, 0x60, 0x60, 0xff, 0x60, 0x60,
    0xff, 0x60, 0x60, 0xff, 0x60, 0x60, 0xff, 0x60,
    0x60, 0xff, 0x60, 0x60, 0xff, 0x60, 0x60, 0xff,
    0x60, 0x60, 0xff, 0x60, 0x60, 0xff, 0x60, 0x60,
    0xff, 0x60, 0x60, 0xff, 0x60, 0x60, 0xff, 0x60,
    0x60, 0xff, 0x60, 0x60, 0xff, 0x60, 0x60, 0xff,
    0x60, 0x60, 0xff, 0x60,

    /* U+007D "}" */
    0x44, 0xf8, 0xd4, 0x7c, 0x4, 0x0, 0x0, 0x0,
    0x35, 0xdd, 0xff, 0xff, 0x7b, 0x0, 0x0, 0x0,
    0x0, 0x0, 0x8c, 0xff, 0xc6, 0x0, 0x0, 0x0,
    0x0, 0x0, 0x49, 0xff, 0xd0, 0x0, 0x0, 0x0,
    0x0, 0x0, 0x48, 0xff, 0xd0, 0x0, 0x0, 0x0,
    0x0, 0x0, 0x48, 0xff, 0xd0, 0x0, 0x0, 0x0,
    0x0, 0x0, 0x45, 0xff, 0xdc, 0x0, 0x0, 0x0,
    0x0, 0x0, 0x18, 0xf8, 0xff, 0x74, 0x14, 0x1,
    0x0, 0x0, 0x0, 0x44, 0xc3, 0xff, 0xff, 0x44,
    0x0, 0x0, 0x0, 0x6b, 0xea, 0xff, 0xeb, 0x3a,
    0x0, 0x0, 0x24, 0xff, 0xfd, 0x46, 0x0, 0x0,
    0x0, 0x0, 0x47, 0xff, 0xd5, 0x0, 0x0, 0x0,
    0x0, 0x0, 0x48, 0xff, 0xd0, 0x0, 0x0, 0x0,
    0x0, 0x0, 0x48, 0xff, 0xd0, 0x0, 0x0, 0x0,
    0x0, 0x0, 0x4e, 0xff, 0xd0, 0x0, 0x0, 0x0,
    0x1, 0x18, 0xb5, 0xff, 0xbd, 0x0, 0x0, 0x0,
    0x44, 0xff, 0xff, 0xff, 0x58, 0x0, 0x0, 0x0,
    0x35, 0xbf, 0x9c, 0x40, 0x0, 0x0, 0x0, 0x0,

    /* U+007E "~" */
    0x0, 0x5f, 0xde, 0xfc, 0xde, 0x8e, 0x24, 0x0,
    0x0, 0x33, 0x5f, 0xe, 0xff, 0xe4, 0xc4, 0xf1,
    0xff, 0xff, 0xd2, 0xc9, 0xfe, 0x79, 0x10, 0x85,
    0x5, 0x0, 0x8, 0x62, 0xc4, 0xf7, 0xf5, 0x9f,
    0xe,

    /* U+00A0 " " */

    /* U+00A1 "¡" */
    0x5b, 0xf3, 0xc8, 0x8, 0xaa, 0xff, 0xff, 0x2a,
    0x4f, 0xe1, 0xb6, 0x5, 0x0, 0x0, 0x0, 0x0,
    0x0, 0x0, 0x0, 0x0, 0x2a, 0xff, 0x9e, 0x0,
    0x36, 0xff, 0xaa, 0x0, 0x42, 0xff, 0xb6, 0x0,
    0x4f, 0xff, 0xc2, 0x0, 0x5b, 0xff, 0xce, 0x0,
    0x67, 0xff, 0xdb, 0x0, 0x73, 0xff, 0xe7, 0x0,
    0x7f, 0xff, 0xf3, 0x0, 0x8b, 0xff, 0xfe, 0x1,
    0x88, 0xe8, 0xe8, 0x9,

    /* U+00A2 "¢" */
    0x0, 0x0, 0x0, 0x0, 0x5c, 0xff, 0x24, 0x0,
    0x0, 0x0, 0x0, 0x27, 0xa3, 0xec, 0xff, 0xfa,
    0xd5, 0x78, 0x0, 0x38, 0xf4, 0xff, 0xff, 0xeb,
    0xf4, 0xff, 0x94, 0x0, 0xd3, 0xff, 0xdc, 0x2b,
    0x0, 0x1, 0x30, 0x20, 0x2c, 0xff, 0xff, 0x4a,
    0x0, 0x0, 0x0, 0x0, 0x0, 0x55, 0xff, 0xff,
    0xa, 0x0, 0x0, 0x0, 0x0, 0x0, 0x62, 0xff,
    0xf6, 0x0, 0x0, 0x0, 0x0, 0x0, 0x0, 0x57,
    0xff, 0xfe, 0x7, 0x0, 0x0, 0x0, 0x0, 0x0,
    0x2f, 0xff, 0xff, 0x47, 0x0, 0x0, 0x0, 0x0,
    0x0, 0x1, 0xda, 0xff, 0xdc, 0x2f, 0x0, 0x1,
    0x29, 0x49, 0x0, 0x3f, 0xf8, 0xff, 0xff, 0xf1,
    0xf7, 0xff, 0xa8, 0x0, 0x0, 0x2e, 0xa7, 0xef,
    0xff, 0xfa, 0xcf, 0x57, 0x0, 0x0, 0x0, 0x0,
    0x5c, 0xff, 0x20, 0x0, 0x0, 0x0, 0x0, 0x0,
    0x0, 0x5c, 0xff, 0x20, 0x0, 0x0,

    /* U+00A3 "£" */
    0x0, 0x0, 0x0, 0x9, 0x82, 0xdb, 0xfd, 0xf6,
    0xd1, 0x8d, 0x1d, 0x0, 0x0, 0x0, 0xb6, 0xff,
    0xff, 0xef, 0xf0, 0xff, 0xfd, 0x21, 0x0, 0x0,
    0x34, 0xff, 0xff, 0x64, 0x1, 0x0, 0x20, 0x52,
    0x0, 0x0, 0x0, 0x5d, 0xff, 0xf2, 0x1, 0x0,
    0x0, 0x0, 0x0, 0x0, 0x0, 0x0, 0x60, 0xff,
    0xe8, 0x0, 0x0, 0x0, 0x0, 0x0, 0x0, 0x0,
    0x0, 0x60, 0xff, 0xe8, 0x0, 0x0, 0x0, 0x0,
    0x0, 0x0, 0x34, 0xff, 0xff, 0xff, 0xff, 0xff,
    0xff, 0xff, 0xc8, 0x0, 0x0, 0x24, 0xb0, 0xce,
    0xff, 0xf9, 0xb0, 0xb0, 0xb0, 0x8a, 0x0, 0x0,
    0x0, 0x0, 0x60, 0xff, 0xe8, 0x0, 0x0, 0x0,
    0x0, 0x0, 0x0, 0x0, 0x0, 0x61, 0xff, 0xe5,
    0x0, 0x0, 0x0, 0x0, 0x0, 0x0, 0x0, 0x0,
    0x87, 0xff, 0xbd, 0x0, 0x0, 0x0, 0x0, 0x0,
    0x0, 0x0, 0x47, 0xf3, 0xea, 0x34, 0x4, 0x4,
    0x4, 0x4, 0x4, 0x3, 0x42, 0xff, 0xff, 0xff,
    0xff, 0xff, 0xff, 0xff, 0xff, 0xff, 0xd8, 0x44,
    0xff, 0xff, 0xff, 0xff, 0xff, 0xff, 0xff, 0xff,
    0xff, 0xd8,

    /* U+00A4 "¤" */
    0xf, 0x5f, 0x0, 0x0, 0x0, 0x0, 0x0, 0x28,
    0x48, 0x0, 0x9d, 0xff, 0x9b, 0xc9, 0xfa, 0xe6,
    0x8c, 0xe8, 0xf3, 0x13, 0x12, 0xd5, 0xff, 0xe9,
    0xa4, 0xc4, 0xff, 0xff, 0x4e, 0x0, 0x3, 0xe3,
    0xdd, 0x14, 0x0, 0x0, 0x7d, 0xff, 0x58, 0x0,
    0x28, 0xff, 0x7f, 0x0, 0x0, 0x0, 0x9, 0xff,
    0x98, 0x0, 0x1a, 0xff, 0x95, 0x0, 0x0, 0x0,
    0x1f, 0xff, 0x8b, 0x0, 0x0, 0xc3, 0xfa, 0x5e,
    0x8, 0x28, 0xc9, 0xff, 0x31, 0x0, 0x42, 0xf6,
    0xff, 0xff, 0xff, 0xff, 0xff, 0xff, 0x9e, 0x2,
    0x74, 0xeb, 0x3b, 0x6c, 0x9b, 0x87, 0x33, 0xb0,
    0xce, 0xe, 0x0, 0x12, 0x0, 0x0, 0x0, 0x0,
    0x0, 0x5, 0x10, 0x0,

    /* U+00A5 "¥" */
    0x89, 0xff, 0xd4, 0x2, 0x0, 0x0, 0x0, 0x0,
    0x66, 0xff, 0xe4, 0xa, 0xf, 0xea, 0xff, 0x51,
    0x0, 0x0, 0x0, 0x5, 0xdf, 0xff, 0x5d, 0x0,
    0x0, 0x68, 0xff, 0xcd, 0x0, 0x0, 0x0, 0x60,
    0xff, 0xc9, 0x1, 0x0, 0x0, 0x4, 0xd5, 0xff,
    0x49, 0x0, 0x3, 0xda, 0xff, 0x39, 0x0, 0x0,
    0x0, 0x0, 0x48, 0xff, 0xc5, 0x0, 0x5a, 0xff,
    0xa6, 0x0, 0x0, 0x0, 0x0, 0x0, 0x0, 0xb9,
    0xff, 0x42, 0xd6, 0xf6, 0x1d, 0x0, 0x0, 0x0,
    0x0, 0x5, 0x24, 0x50, 0xff, 0xe7, 0xff, 0x9c,
    0x24, 0x14, 0x0, 0x0, 0x0, 0x24, 0xff, 0xff,
    0xff, 0xff, 0xff, 0xff, 0xff, 0x8c, 0x0, 0x0,
    0x0, 0xc, 0x54, 0x54, 0x97, 0xff, 0xdd, 0x54,
    0x54, 0x2e, 0x0, 0x0, 0x0, 0x5, 0x24, 0x24,
    0x7a, 0xff, 0xd3, 0x24, 0x24, 0x14, 0x0, 0x0,
    0x0, 0x24, 0xff, 0xff, 0xff, 0xff, 0xff, 0xff,
    0xff, 0x8c, 0x0, 0x0, 0x0, 0xc, 0x54, 0x54,
    0x97, 0xff, 0xdd, 0x54, 0x54, 0x2e, 0x0, 0x0,
    0x0, 0x0, 0x0, 0x0, 0x64, 0xff, 0xcc, 0x0,
    0x0, 0x0, 0x0, 0x0, 0x0, 0x0, 0x0, 0x0,
    0x64, 0xff, 0xcc, 0x0, 0x0, 0x0, 0x0, 0x0,

    /* U+00A6 "¦" */
    0x60, 0xff, 0x60, 0x60, 0xff, 0x60, 0x60, 0xff,
    0x60, 0x60, 0xff, 0x60, 0x60, 0xff, 0x60, 0x60,
    0xff, 0x60, 0x60, 0xff, 0x60, 0x4a, 0xc4, 0x4a,
    0x0, 0x0, 0x0, 0x0, 0x0, 0x0, 0x0, 0x0,
    0x0, 0x0, 0x0, 0x0, 0x4a, 0xc4, 0x4a, 0x60,
    0xff, 0x60, 0x60, 0xff, 0x60, 0x60, 0xff, 0x60,
    0x60, 0xff, 0x60, 0x60, 0xff, 0x60, 0x60, 0xff,
    0x60, 0x60, 0xff, 0x60,

    /* U+00A7 "§" */
    0x0, 0x58, 0xc7, 0xf4, 0xfd, 0xe5, 0xac, 0x42,
    0x5c, 0xff, 0xe9, 0x9e, 0x96, 0xbe, 0xfc, 0x62,
    0xab, 0xff, 0x53, 0x0, 0x0, 0x0, 0x16, 0x7,
    0x81, 0xff, 0xc3, 0x26, 0x0, 0x0, 0x0, 0x0,
    0x9, 0xb5, 0xff, 0xfe, 0xba, 0x51, 0x1, 0x0,
    0x24, 0xe7, 0xe4, 0x9e, 0xee, 0xff, 0xc2, 0x12,
    0x9d, 0xff, 0x33, 0x0, 0xb, 0x9b, 0xff, 0x9d,
    0xb2, 0xff, 0x30, 0x0, 0x0, 0x9, 0xff, 0xcc,
    0x63, 0xff, 0xe2, 0x54, 0x3, 0x42, 0xff, 0xa2,
    0x0, 0x6d, 0xf0, 0xff, 0xe3, 0xf5, 0xdb, 0x1d,
    0x0, 0x0, 0xe, 0x6c, 0xd2, 0xff, 0xed, 0x37,
    0x0, 0x0, 0x0, 0x0, 0x1, 0x7f, 0xff, 0xba,
    0x2f, 0x0, 0x0, 0x0, 0x0, 0x47, 0xff, 0xc4,
    0xe4, 0xdf, 0xa3, 0x8b, 0x9e, 0xef, 0xff, 0x5d,
    0x6b, 0xc6, 0xf3, 0xfe, 0xee, 0xbc, 0x4c, 0x0,

    /* U+00A8 "¨" */
    0x0, 0x24, 0x24, 0x0, 0x0, 0x2e, 0x1b, 0x12,
    0xfa, 0xfa, 0x15, 0x34, 0xff, 0xe7, 0x8, 0xd8,
    0xd8, 0xa, 0x20, 0xea, 0xbb,

    /* U+00A9 "©" */
    0x0, 0x0, 0x0, 0x0, 0x9, 0x6a, 0xbe, 0xeb,
    0xf4, 0xdf, 0xa3, 0x3f, 0x0, 0x0, 0x0, 0x0,
    0x0, 0x0, 0x0, 0x36, 0xde, 0xd1, 0x6e, 0x37,
    0x2c, 0x48, 0x91, 0xf4, 0xaa, 0xd, 0x0, 0x0,
    0x0, 0x0, 0x36, 0xf4, 0x7a, 0x2, 0x0, 0x0,
    0xc, 0x3, 0x0, 0x20, 0xcf, 0xc4, 0x7, 0x0,
    0x0, 0x9, 0xdf, 0x83, 0x0, 0x1, 0x72, 0xe5,
    0xff, 0xfa, 0xbe, 0xb, 0x13, 0xe0, 0x89, 0x0,
    0x0, 0x69, 0xdf, 0x5, 0x0, 0x7e, 0xff, 0x9b,
    0x49, 0x5f, 0x8b, 0x0, 0x0, 0x51, 0xf8, 0x15,
    0x0, 0xbf, 0x81, 0x0, 0xf, 0xf6, 0xa7, 0x0,
    0x0, 0x0, 0x0, 0x0, 0x0, 0x2, 0xe6, 0x66,
    0x0, 0xf0, 0x49, 0x0, 0x48, 0xff, 0x4e, 0x0,
    0x0, 0x0, 0x0, 0x0, 0x0, 0x0, 0xac, 0x98,
    0x1, 0xff, 0x37, 0x0, 0x5d, 0xff, 0x34, 0x0,
    0x0, 0x0, 0x0, 0x0, 0x0, 0x0, 0x97, 0xa9,
    0x0, 0xf7, 0x43, 0x0, 0x4f, 0xff, 0x42, 0x0,
    0x0, 0x0, 0x0, 0x0, 0x0, 0x0, 0xa4, 0x9f,
    0x0, 0xcf, 0x75, 0x0, 0x1a, 0xfe, 0x83, 0x0,
    0x0, 0x0, 0x0, 0x0, 0x0, 0x0, 0xd5, 0x76,
    0x0, 0x82, 0xd0, 0x1, 0x0, 0xaa, 0xf5, 0x5a,
    0x16, 0x28, 0x52, 0x0, 0x0, 0x33, 0xff, 0x29,
    0x0, 0x1a, 0xf5, 0x62, 0x0, 0x11, 0xb6, 0xff,
    0xff, 0xff, 0xbb, 0x0, 0x4, 0xc3, 0xb5, 0x0,
    0x0, 0x0, 0x65, 0xf8, 0x4c, 0x0, 0x0, 0x1d,
    0x3c, 0x2b, 0x1, 0x8, 0xa7, 0xea, 0x1e, 0x0,
    0x0, 0x0, 0x0, 0x6e, 0xfa, 0xa5, 0x3f, 0xb,
    0x1, 0x1b, 0x63, 0xda, 0xdf, 0x2e, 0x0, 0x0,
    0x0, 0x0, 0x0, 0x0, 0x2b, 0xa2, 0xf0, 0xff,
    0xff, 0xff, 0xda, 0x7b, 0xc, 0x0, 0x0, 0x0,
    0x0, 0x0, 0x0, 0x0, 0x0, 0x0, 0x2, 0x1b,
    0x24, 0x10, 0x0, 0x0, 0x0, 0x0, 0x0, 0x0,

    /* U+00AA "ª" */
    0x0, 0x0, 0x0, 0x3, 0x0, 0x0, 0x0, 0x1,
    0x8f, 0xe1, 0xff, 0xf3, 0x8b, 0x1, 0x0, 0x98,
    0x73, 0x3f, 0xa0, 0xff, 0x44, 0x0, 0x0, 0x0,
    0x0, 0x21, 0xff, 0x6d, 0x1, 0x6b, 0xc8, 0xe5,
    0xeb, 0xff, 0x70, 0x50, 0xff, 0x87, 0x1f, 0x35,
    0xff, 0x70, 0x65, 0xff, 0x4a, 0x4, 0x85, 0xff,
    0x70, 0x12, 0xd3, 0xff, 0xf9, 0xa1, 0xdb, 0x70,
    0x0, 0x1, 0x1d, 0x10, 0x0, 0x19, 0x10,

    /* U+00AB "«" */
    0x0, 0x0, 0x0, 0x10, 0x86, 0x17, 0x0, 0x0,
    0x69, 0x46, 0x0, 0x0, 0x0, 0x4, 0xba, 0xff,
    0x9d, 0x0, 0x54, 0xff, 0xf0, 0x1b, 0x0, 0x0,
    0x92, 0xff, 0xcd, 0x9, 0x33, 0xf6, 0xfe, 0x4b,
    0x0, 0x0, 0x62, 0xff, 0xeb, 0x1f, 0x17, 0xe3,
    0xff, 0x7a, 0x0, 0x0, 0x1a, 0xfa, 0xff, 0x5a,
    0x0, 0xad, 0xff, 0xc8, 0x1, 0x0, 0x0, 0x0,
    0x96, 0xff, 0xd2, 0xb, 0x36, 0xf7, 0xfe, 0x4d,
    0x0, 0x0, 0x0, 0x5, 0xbd, 0xff, 0xa9, 0x1,
    0x58, 0xff, 0xf3, 0x2a, 0x0, 0x0, 0x0, 0x12,
    0xdc, 0xff, 0x7a, 0x0, 0x85, 0xff, 0xda, 0x10,
    0x0, 0x0, 0x0, 0x2b, 0xc3, 0x42, 0x0, 0x2,
    0xa2, 0x81, 0xb,

    /* U+00AC "¬" */
    0xc, 0xbc, 0xbc, 0xbc, 0xbc, 0xbc, 0xbc, 0xbc,
    0xbc, 0xbc, 0x55, 0x10, 0xff, 0xff, 0xff, 0xff,
    0xff, 0xff, 0xff, 0xff, 0xff, 0x74, 0x0, 0x0,
    0x0, 0x0, 0x0, 0x0, 0x0, 0x0, 0x44, 0xff,
    0x74, 0x0, 0x0, 0x0, 0x0, 0x0, 0x0, 0x0,
    0x0, 0x44, 0xff, 0x74, 0x0, 0x0, 0x0, 0x0,
    0x0, 0x0, 0x0, 0x0, 0x44, 0xff, 0x74, 0x0,
    0x0, 0x0, 0x0, 0x0, 0x0, 0x0, 0x0, 0x22,
    0x80, 0x3a,

    /* U+00AD "­" */
    0x47, 0xf0, 0xf0, 0xf0, 0xf0, 0xb4, 0x4c, 0xff,
    0xff, 0xff, 0xff, 0xc0,

    /* U+00AE "®" */
    0x0, 0x0, 0x0, 0x0, 0x9, 0x6a, 0xbe, 0xeb,
    0xf4, 0xdf, 0xa3, 0x3f, 0x0, 0x0, 0x0, 0x0,
    0x0, 0x0, 0x0, 0x36, 0xde, 0xd1, 0x6e, 0x37,
    0x2c, 0x48, 0x91, 0xf4, 0xaa, 0xd, 0x0, 0x0,
    0x0, 0x0, 0x36, 0xf4, 0x7a, 0x7, 0xc, 0xc,
    0x6, 0x0, 0x0, 0x20, 0xcf, 0xc4, 0x7, 0x0,
    0x0, 0x9, 0xdf, 0x83, 0x0, 0x74, 0xff, 0xff,
    0xff, 0xd7, 0x45, 0x0, 0x13, 0xe0, 0x89, 0x0,
    0x0, 0x69, 0xdf, 0x5, 0x0, 0x74, 0xff, 0x4b,
    0x49, 0xca, 0xf1, 0xd, 0x0, 0x51, 0xf8, 0x15,
    0x0, 0xbf, 0x81, 0x0, 0x0, 0x74, 0xff, 0x14,
    0x0, 0x50, 0xff, 0x40, 0x0, 0x2, 0xe6, 0x66,
    0x0, 0xf0, 0x49, 0x0, 0x0, 0x74, 0xff, 0x14,
    0x0, 0x4d, 0xff, 0x43, 0x0, 0x0, 0xac, 0x98,
    0x1, 0xff, 0x37, 0x0, 0x0, 0x74, 0xff, 0x18,
    0x15, 0xbd, 0xed, 0xe, 0x0, 0x0, 0x97, 0xa9,
    0x0, 0xf7, 0x43, 0x0, 0x0, 0x74, 0xff, 0xff,
    0xff, 0xee, 0x38, 0x0, 0x0, 0x0, 0xa4, 0x9f,
    0x0, 0xcf, 0x75, 0x0, 0x0, 0x74, 0xff, 0x44,
    0x85, 0xfd, 0x34, 0x0, 0x0, 0x0, 0xd5, 0x76,
    0x0, 0x82, 0xd0, 0x1, 0x0, 0x74, 0xff, 0x14,
    0x4, 0xd0, 0xd2, 0x5, 0x0, 0x33, 0xff, 0x29,
    0x0, 0x1a, 0xf5, 0x62, 0x0, 0x74, 0xff, 0x14,
    0x0, 0x36, 0xfd, 0x7c, 0x4, 0xc3, 0xb5, 0x0,
    0x0, 0x0, 0x65, 0xf8, 0x4c, 0x28, 0x58, 0x7,
    0x0, 0x0, 0x45, 0x59, 0xa7, 0xea, 0x1e, 0x0,
    0x0, 0x0, 0x0, 0x6e, 0xfa, 0xa5, 0x3f, 0xb,
    0x1, 0x1b, 0x63, 0xda, 0xdf, 0x2e, 0x0, 0x0,
    0x0, 0x0, 0x0, 0x0, 0x2b, 0xa2, 0xf0, 0xff,
    0xff, 0xff, 0xda, 0x7b, 0xc, 0x0, 0x0, 0x0,
    0x0, 0x0, 0x0, 0x0, 0x0, 0x0, 0x2, 0x1b,
    0x24, 0x10, 0x0, 0x0, 0x0, 0x0, 0x0, 0x0,

    /* U+00AF "¯" */
    0xa, 0x98, 0x98, 0x98, 0x98, 0x98, 0x98, 0x98,
    0x98, 0x98, 0x98, 0xa, 0x10, 0xff, 0xff, 0xff,
    0xff, 0xff, 0xff, 0xff, 0xff, 0xff, 0xff, 0x10,

    /* U+00B0 "°" */
    0x0, 0x0, 0x0, 0xf, 0x1f, 0x3, 0x0, 0x0,
    0x0, 0xe, 0xaa, 0xfe, 0xff, 0xea, 0x59, 0x0,
    0x0, 0xa0, 0xfd, 0x85, 0x5e, 0xc8, 0xfd, 0x34,
    0x1, 0xf7, 0xab, 0x0, 0x0, 0x1c, 0xff, 0x88,
    0x3, 0xfc, 0x9e, 0x0, 0x0, 0xe, 0xff, 0x90,
    0x0, 0xbd, 0xf4, 0x55, 0x2c, 0xa0, 0xff, 0x4c,
    0x0, 0x24, 0xda, 0xff, 0xff, 0xff, 0x8f, 0x0,
    0x0, 0x0, 0x5, 0x3f, 0x50, 0x21, 0x0, 0x0,

    /* U+00B1 "±" */
    0x0, 0x0, 0x0, 0x0, 0x2c, 0xff, 0x94, 0x0,
    0x0, 0x0, 0x0, 0x0, 0x0, 0x0, 0x0, 0x2c,
    0xff, 0x94, 0x0, 0x0, 0x0, 0x0, 0x0, 0x0,
    0x0, 0x0, 0x2c, 0xff, 0x94, 0x0, 0x0, 0x0,
    0x0, 0x0, 0x0, 0x0, 0x0, 0x2c, 0xff, 0x94,
    0x0, 0x0, 0x0, 0x0, 0x10, 0xff, 0xff, 0xff,
    0xff, 0xff, 0xff, 0xff, 0xff, 0xff, 0x7c, 0xc,
    0xbc, 0xbc, 0xbc, 0xc8, 0xff, 0xe3, 0xbc, 0xbc,
    0xbc, 0x5b, 0x0, 0x0, 0x0, 0x0, 0x2c, 0xff,
    0x94, 0x0, 0x0, 0x0, 0x0, 0x0, 0x0, 0x0,
    0x0, 0x2c, 0xff, 0x94, 0x0, 0x0, 0x0, 0x0,
    0x0, 0x0, 0x0, 0x0, 0x2c, 0xff, 0x94, 0x0,
    0x0, 0x0, 0x0, 0x0, 0x0, 0x0, 0x0, 0x1c,
    0xa4, 0x5f, 0x0, 0x0, 0x0, 0x0, 0xc, 0xb8,
    0xb8, 0xb8, 0xb8, 0xb8, 0xb8, 0xb8, 0xb8, 0xb8,
    0x59, 0x10, 0xff, 0xff, 0xff, 0xff, 0xff, 0xff,
    0xff, 0xff, 0xff, 0x7c,

    /* U+00B2 "²" */
    0x6, 0x7a, 0xde, 0xfd, 0xe2, 0x66, 0x0, 0x34,
    0xfb, 0xb7, 0x84, 0xe8, 0xff, 0x2f, 0x0, 0x26,
    0x0, 0x0, 0x80, 0xff, 0x5a, 0x0, 0x0, 0x0,
    0x0, 0xb5, 0xff, 0x2c, 0x0, 0x0, 0x0, 0x6b,
    0xff, 0xa0, 0x0, 0x0, 0x0, 0x5d, 0xfe, 0xbb,
    0x8, 0x0, 0x0, 0x59, 0xfd, 0xb6, 0x8, 0x0,
    0x0, 0x48, 0xfc, 0xfa, 0x97, 0x90, 0x90, 0x48,
    0x7c, 0xff, 0xff, 0xff, 0xff, 0xff, 0x80,

    /* U+00B3 "³" */
    0x13, 0x8f, 0xe6, 0xfc, 0xdd, 0x5d, 0x0, 0x2d,
    0xef, 0x90, 0x68, 0xda, 0xfd, 0x24, 0x0, 0xd,
    0x0, 0x0, 0x6f, 0xff, 0x4b, 0x0, 0x3, 0xc,
    0x22, 0xc5, 0xea, 0x12, 0x0, 0x38, 0xff, 0xff,
    0xf5, 0x4d, 0x0, 0x0, 0xd, 0x3c, 0x49, 0xb2,
    0xfd, 0x42, 0x3, 0x0, 0x0, 0x0, 0x37, 0xff,
    0x8d, 0x82, 0xab, 0x6b, 0x64, 0xc7, 0xff, 0x59,
    0x44, 0xc8, 0xf5, 0xfa, 0xd8, 0x72, 0x0,

    /* U+00B4 "´" */
    0x0, 0x0, 0x66, 0xff, 0xfa, 0x4c, 0x0, 0x2e,
    0xf7, 0xf0, 0x45, 0x0, 0x12, 0xdf, 0xd7, 0x27,
    0x0, 0x0,

    /* U+00B5 "µ" */
    0x5c, 0xff, 0xf0, 0x0, 0x0, 0x0, 0x0, 0x28,
    0xff, 0xff, 0x28, 0x5c, 0xff, 0xf0, 0x0, 0x0,
    0x0, 0x0, 0x28, 0xff, 0xff, 0x28, 0x5c, 0xff,
    0xf0, 0x0, 0x0, 0x0, 0x0, 0x28, 0xff, 0xff,
    0x28, 0x5c, 0xff, 0xf0, 0x0, 0x0, 0x0, 0x0,
    0x28, 0xff, 0xff, 0x28, 0x5c, 0xff, 0xf0, 0x0,
    0x0, 0x0, 0x0, 0x28, 0xff, 0xff, 0x28, 0x5c,
    0xff, 0xf0, 0x0, 0x0, 0x0, 0x0, 0x29, 0xff,
    0xff, 0x28, 0x5c, 0xff, 0xf0, 0x0, 0x0, 0x0,
    0x0, 0x37, 0xff, 0xff, 0x28, 0x5c, 0xff, 0xfb,
    0x5, 0x0, 0x0, 0x0, 0x66, 0xff, 0xff, 0x28,
    0x5c, 0xff, 0xff, 0x60, 0x0, 0x0, 0x12, 0xd6,
    0xff, 0xff, 0x28, 0x5c, 0xff, 0xff, 0xfe, 0xc0,
    0xb5, 0xee, 0xe0, 0xf6, 0xff, 0x28, 0x5c, 0xff,
    0xe9, 0xa4, 0xf2, 0xf8, 0xbb, 0x24, 0xc1, 0xff,
    0x28, 0x5c, 0xff, 0xec, 0x0, 0x0, 0x0, 0x0,
    0x0, 0x0, 0x0, 0x0, 0x5c, 0xff, 0xf0, 0x0,
    0x0, 0x0, 0x0, 0x0, 0x0, 0x0, 0x0, 0x5c,
    0xff, 0xf0, 0x0, 0x0, 0x0, 0x0, 0x0, 0x0,
    0x0, 0x0, 0x5c, 0xff, 0xf0, 0x0, 0x0, 0x0,
    0x0, 0x0, 0x0, 0x0, 0x0, 0x5c, 0xff, 0xf0,
    0x0, 0x0, 0x0, 0x0, 0x0, 0x0, 0x0, 0x0,

    /* U+00B6 "¶" */
    0x0, 0x22, 0xa6, 0xea, 0xff, 0xff, 0xff, 0xff,
    0xff, 0xff, 0x28, 0x16, 0xe9, 0xff, 0xff, 0xff,
    0xff, 0xfa, 0x7c, 0x93, 0xff, 0x28, 0x81, 0xff,
    0xff, 0xff, 0xff, 0xff, 0xf4, 0x0, 0x2c, 0xff,
    0x28, 0xbf, 0xff, 0xff, 0xff, 0xff, 0xff, 0xf4,
    0x0, 0x2c, 0xff, 0x28, 0xd4, 0xff, 0xff, 0xff,
    0xff, 0xff, 0xf4, 0x0, 0x2c, 0xff, 0x28, 0xd1,
    0xff, 0xff, 0xff, 0xff, 0xff, 0xf4, 0x0, 0x2c,
    0xff, 0x28, 0xb4, 0xff, 0xff, 0xff, 0xff, 0xff,
    0xf4, 0x0, 0x2c, 0xff, 0x28, 0x6a, 0xff, 0xff,
    0xff, 0xff, 0xff, 0xf4, 0x0, 0x2c, 0xff, 0x28,
    0x8, 0xca, 0xff, 0xff, 0xff, 0xff, 0xf4, 0x0,
    0x2c, 0xff, 0x28, 0x0, 0x8, 0x6b, 0xa6, 0xae,
    0xbe, 0xf4, 0x0, 0x2c, 0xff, 0x28, 0x0, 0x0,
    0x0, 0x0, 0x0, 0x60, 0xf4, 0x0, 0x2c, 0xff,
    0x28, 0x0, 0x0, 0x0, 0x0, 0x0, 0x60, 0xf4,
    0x0, 0x2c, 0xff, 0x28, 0x0, 0x0, 0x0, 0x0,
    0x0, 0x60, 0xf4, 0x0, 0x2c, 0xff, 0x28, 0x0,
    0x0, 0x0, 0x0, 0x0, 0x60, 0xf4, 0x0, 0x2c,
    0xff, 0x28, 0x0, 0x0, 0x0, 0x0, 0x0, 0x60,
    0xf4, 0x0, 0x2c, 0xff, 0x28, 0x0, 0x0, 0x0,
    0x0, 0x0, 0x60, 0xf4, 0x0, 0x2c, 0xff, 0x28,
    0x0, 0x0, 0x0, 0x0, 0x0, 0x60, 0xf4, 0x0,
    0x2c, 0xff, 0x28, 0x0, 0x0, 0x0, 0x0, 0x0,
    0x2f, 0x76, 0x0, 0x15, 0x7c, 0x13,

    /* U+00B7 "·" */
    0x50, 0xe1, 0xb4, 0x5, 0xab, 0xff, 0xff, 0x2a,
    0x5c, 0xf4, 0xc5, 0x7,

    /* U+00B8 "¸" */
    0x0, 0x0, 0x9a, 0x84, 0x0, 0x0, 0x0, 0x37,
    0xff, 0xe2, 0x51, 0x0, 0x0, 0x0, 0x31, 0xe6,
    0xfa, 0xd, 0x3, 0x27, 0x21, 0xd5, 0xfe, 0x10,
    0xc, 0xff, 0xff, 0xfe, 0x86, 0x0, 0x1, 0x32,
    0x3c, 0x17, 0x0, 0x0,

    /* U+00B9 "¹" */
    0x0, 0x0, 0x2f, 0xdd, 0xff, 0x34, 0x0, 0x5e,
    0xf7, 0xfb, 0xff, 0x34, 0x8, 0xdc, 0xa8, 0x9c,
    0xff, 0x34, 0x0, 0x17, 0x0, 0x9e, 0xff, 0x34,
    0x0, 0x0, 0x0, 0xa0, 0xff, 0x34, 0x0, 0x0,
    0x0, 0xa0, 0xff, 0x34, 0x0, 0x0, 0x0, 0xa0,
    0xff, 0x34, 0x0, 0x0, 0x0, 0xa0, 0xff, 0x34,
    0x0, 0x0, 0x0, 0xa0, 0xff, 0x34,

    /* U+00BA "º" */
    0x0, 0x0, 0x0, 0x9, 0x4, 0x0, 0x0, 0x0,
    0x0, 0x30, 0xcc, 0xff, 0xf8, 0x9a, 0x7, 0x0,
    0x8, 0xe4, 0xd4, 0x4d, 0x6e, 0xfc, 0x89, 0x0,
    0x48, 0xff, 0x52, 0x0, 0x0, 0xb4, 0xe6, 0x0,
    0x60, 0xff, 0x33, 0x0, 0x0, 0x97, 0xff, 0x1,
    0x4c, 0xff, 0x48, 0x0, 0x0, 0xad, 0xed, 0x0,
    0xe, 0xf1, 0xba, 0x1d, 0x3f, 0xf5, 0xa0, 0x0,
    0x0, 0x47, 0xed, 0xff, 0xff, 0xc5, 0x14, 0x0,
    0x0, 0x0, 0x8, 0x35, 0x26, 0x0, 0x0, 0x0,

    /* U+00BB "»" */
    0x0, 0x37, 0x79, 0x0, 0x0, 0xf, 0x82, 0x1e,
    0x0, 0x0, 0x0, 0xb, 0xe2, 0xff, 0x6e, 0x0,
    0x7f, 0xff, 0xcf, 0xb, 0x0, 0x0, 0x0, 0x33,
    0xf7, 0xfc, 0x46, 0x3, 0xba, 0xff, 0xad, 0x1,
    0x0, 0x0, 0x0, 0x5d, 0xff, 0xf0, 0x27, 0x12,
    0xde, 0xff, 0x82, 0x0, 0x0, 0x0, 0x0, 0xae,
    0xff, 0xc9, 0x0, 0x42, 0xff, 0xff, 0x35, 0x0,
    0x0, 0x36, 0xf9, 0xfd, 0x4b, 0x4, 0xbf, 0xff,
    0xb3, 0x2, 0x0, 0x18, 0xe5, 0xff, 0x75, 0x0,
    0x92, 0xff, 0xd4, 0xd, 0x0, 0x6, 0xc4, 0xff,
    0xa0, 0x0, 0x5f, 0xff, 0xeb, 0x21, 0x0, 0x0,
    0x5, 0x6e, 0xb4, 0x7, 0x0, 0x33, 0xbd, 0x3e,
    0x0, 0x0, 0x0,

    /* U+00BC "¼" */
    0x0, 0x1, 0x6c, 0xf6, 0xec, 0x0, 0x0, 0x0,
    0x0, 0x0, 0x35, 0xfe, 0xac, 0x0, 0x0, 0x0,
    0x17, 0xb7, 0xf9, 0xf3, 0xec, 0x0, 0x0, 0x0,
    0x0, 0x2, 0xc8, 0xf6, 0x20, 0x0, 0x0, 0x0,
    0x1b, 0xc2, 0x35, 0xdf, 0xec, 0x0, 0x0, 0x0,
    0x0, 0x61, 0xff, 0x7e, 0x0, 0x0, 0x0, 0x0,
    0x0, 0x0, 0x0, 0xe4, 0xec, 0x0, 0x0, 0x0,
    0xf, 0xe9, 0xdf, 0x9, 0x0, 0x0, 0x0, 0x0,
    0x0, 0x0, 0x0, 0xe4, 0xec, 0x0, 0x0, 0x0,
    0x8f, 0xff, 0x52, 0x0, 0x0, 0x0, 0x0, 0x0,
    0x0, 0x0, 0x0, 0xe4, 0xec, 0x0, 0x0, 0x2b,
    0xfb, 0xba, 0x0, 0x0, 0x73, 0x9c, 0x2c, 0x0,
    0x0, 0x0, 0x0, 0xe4, 0xec, 0x0, 0x0, 0xbc,
    0xfb, 0x28, 0x0, 0x4b, 0xff, 0xff, 0x48, 0x0,
    0x0, 0x0, 0x0, 0xe4, 0xec, 0x0, 0x54, 0xff,
    0x8d, 0x0, 0x13, 0xe5, 0xe7, 0xff, 0x48, 0x0,
    0x0, 0x0, 0x0, 0x79, 0x7d, 0xa, 0xe0, 0xe8,
    0xe, 0x0, 0xa6, 0xd2, 0x93, 0xff, 0x48, 0x0,
    0x0, 0x0, 0x0, 0x0, 0x0, 0x82, 0xff, 0x5f,
    0x0, 0x53, 0xf9, 0x2e, 0x90, 0xff, 0x48, 0x0,
    0x0, 0x0, 0x0, 0x0, 0x21, 0xf7, 0xc7, 0x1,
    0x17, 0xeb, 0x85, 0x14, 0x99, 0xff, 0x56, 0xa,
    0x0, 0x0, 0x0, 0x0, 0xae, 0xfe, 0x33, 0x0,
    0x64, 0xff, 0xff, 0xff, 0xff, 0xff, 0xff, 0x84,
    0x0, 0x0, 0x0, 0x46, 0xff, 0x9a, 0x0, 0x0,
    0x1b, 0x44, 0x44, 0x44, 0xae, 0xff, 0x79, 0x23,
    0x0, 0x0, 0x5, 0xd8, 0xef, 0x15, 0x0, 0x0,
    0x0, 0x0, 0x0, 0x0, 0x90, 0xff, 0x48, 0x0,

    /* U+00BD "½" */
    0x0, 0x9, 0x88, 0xfc, 0xd0, 0x0, 0x0, 0x0,
    0x0, 0x0, 0x78, 0xff, 0x68, 0x0, 0x0, 0x0,
    0x33, 0xdb, 0xcb, 0xf9, 0xd0, 0x0, 0x0, 0x0,
    0x0, 0x1b, 0xf3, 0xcf, 0x3, 0x0, 0x0, 0x0,
    0x14, 0x86, 0xa, 0xfe, 0xd0, 0x0, 0x0, 0x0,
    0x0, 0xa5, 0xff, 0x3b, 0x0, 0x0, 0x0, 0x0,
    0x0, 0x0, 0x4, 0xff, 0xd0, 0x0, 0x0, 0x0,
    0x3d, 0xff, 0xa3, 0x0, 0x0, 0x0, 0x0, 0x0,
    0x0, 0x0, 0x4, 0xff, 0xd0, 0x0, 0x0, 0x3,
    0xd0, 0xf3, 0x19, 0x5, 0x1f, 0xe, 0x0, 0x0,
    0x0, 0x0, 0x4, 0xff, 0xd0, 0x0, 0x0, 0x6a,
    0xff, 0x7b, 0x87, 0xf2, 0xff, 0xfe, 0xa3, 0x5,
    0x0, 0x0, 0x4, 0xff, 0xd0, 0x0, 0x13, 0xed,
    0xd8, 0x1b, 0xef, 0xbb, 0x5b, 0xc1, 0xff, 0x60,
    0x0, 0x0, 0x4, 0xff, 0xd0, 0x0, 0x98, 0xff,
    0x47, 0x0, 0x3a, 0x3, 0x0, 0x57, 0xff, 0x83,
    0x0, 0x0, 0x2, 0x88, 0x6f, 0x31, 0xfd, 0xae,
    0x0, 0x0, 0x0, 0x0, 0x0, 0x99, 0xff, 0x4e,
    0x0, 0x0, 0x0, 0x0, 0x1, 0xc4, 0xf7, 0x21,
    0x0, 0x0, 0x0, 0x0, 0x56, 0xfe, 0xb9, 0x1,
    0x0, 0x0, 0x0, 0x0, 0x5d, 0xff, 0x82, 0x0,
    0x0, 0x0, 0x0, 0x48, 0xfa, 0xce, 0x10, 0x0,
    0x0, 0x0, 0x0, 0xd, 0xe6, 0xe0, 0xa, 0x0,
    0x0, 0x0, 0x40, 0xf7, 0xce, 0x12, 0x0, 0x0,
    0x0, 0x0, 0x0, 0x88, 0xff, 0x52, 0x0, 0x0,
    0x0, 0x2a, 0xf2, 0xff, 0xa2, 0x90, 0x90, 0x5c,
    0x0, 0x0, 0x27, 0xfa, 0xbc, 0x0, 0x0, 0x0,
    0x0, 0x54, 0xff, 0xff, 0xff, 0xff, 0xff, 0xa4,

    /* U+00BE "¾" */
    0x16, 0x96, 0xe4, 0xfd, 0xeb, 0x96, 0x7, 0x0,
    0x0, 0x0, 0x0, 0x63, 0xff, 0x78, 0x0, 0x0,
    0x0, 0x6, 0x93, 0x58, 0x37, 0x95, 0xff, 0x62,
    0x0, 0x0, 0x0, 0x10, 0xea, 0xdb, 0x7, 0x0,
    0x0, 0x0, 0x0, 0x1, 0xc, 0x16, 0x8f, 0xfe,
    0x41, 0x0, 0x0, 0x0, 0x92, 0xff, 0x4c, 0x0,
    0x0, 0x0, 0x0, 0x0, 0x14, 0xff, 0xff, 0xfd,
    0x71, 0x0, 0x0, 0x0, 0x2c, 0xfc, 0xb5, 0x0,
    0x0, 0x0, 0x0, 0x0, 0x0, 0x5, 0x3c, 0x45,
    0xa4, 0xff, 0x5b, 0x0, 0x0, 0xbe, 0xf9, 0x25,
    0x0, 0x0, 0x0, 0x0, 0x0, 0x0, 0x0, 0x0,
    0x0, 0x11, 0xff, 0xb1, 0x0, 0x56, 0xff, 0x88,
    0x0, 0x20, 0x9c, 0x81, 0x0, 0x0, 0x45, 0x69,
    0x28, 0x1a, 0x7f, 0xff, 0x8e, 0xa, 0xe2, 0xe5,
    0xc, 0x2, 0xc0, 0xff, 0xd4, 0x0, 0x0, 0x4b,
    0xf6, 0xff, 0xff, 0xff, 0xc3, 0x13, 0x84, 0xff,
    0x5b, 0x0, 0x6e, 0xcf, 0xfe, 0xd4, 0x0, 0x0,
    0x0, 0xa, 0x36, 0x41, 0x21, 0x0, 0x22, 0xf8,
    0xc3, 0x1, 0x28, 0xf5, 0x47, 0xff, 0xd4, 0x0,
    0x0, 0x0, 0x0, 0x0, 0x0, 0x0, 0x0, 0xb1,
    0xfd, 0x30, 0x4, 0xc8, 0x9e, 0x8, 0xff, 0xd4,
    0x0, 0x0, 0x0, 0x0, 0x0, 0x0, 0x0, 0x48,
    0xff, 0x97, 0x0, 0x7b, 0xef, 0x25, 0x1b, 0xff,
    0xd7, 0x14, 0x1, 0x0, 0x0, 0x0, 0x0, 0x6,
    0xd9, 0xed, 0x13, 0x0, 0xdc, 0xff, 0xff, 0xff,
    0xff, 0xff, 0xff, 0x10, 0x0, 0x0, 0x0, 0x0,
    0x76, 0xff, 0x6a, 0x0, 0x0, 0x3a, 0x44, 0x44,
    0x4a, 0xff, 0xe0, 0x44, 0x4, 0x0, 0x0, 0x0,
    0x1a, 0xf3, 0xd1, 0x3, 0x0, 0x0, 0x0, 0x0,
    0x0, 0x8, 0xff, 0xd4, 0x0, 0x0,

    /* U+00BF "¿" */
    0x0, 0x0, 0x0, 0x3, 0xbf, 0xf6, 0x60, 0x0,
    0x0, 0x0, 0x0, 0x0, 0x1f, 0xff, 0xff, 0xb3,
    0x0, 0x0, 0x0, 0x0, 0x0, 0x3, 0xb4, 0xe7,
    0x5a, 0x0, 0x0, 0x0, 0x0, 0x0, 0x0, 0x0,
    0x0, 0x0, 0x0, 0x0, 0x0, 0x0, 0x0, 0x0,
    0x37, 0x5c, 0x20, 0x0, 0x0, 0x0, 0x0, 0x0,
    0x0, 0xa2, 0xff, 0x55, 0x0, 0x0, 0x0, 0x0,
    0x0, 0x18, 0xec, 0xff, 0x2b, 0x0, 0x0, 0x0,
    0x0, 0x26, 0xdc, 0xff, 0xab, 0x0, 0x0, 0x0,
    0x0, 0x3c, 0xf0, 0xff, 0xa8, 0x8, 0x0, 0x0,
    0x0, 0x13, 0xed, 0xff, 0x8a, 0x1, 0x0, 0x0,
    0x0, 0x0, 0x60, 0xff, 0xdc, 0x2, 0x0, 0x0,
    0x0, 0x0, 0x0, 0x75, 0xff, 0xc2, 0x0, 0x0,
    0x0, 0x0, 0x0, 0x0, 0x49, 0xff, 0xfb, 0x59,
    0x8, 0xc, 0x43, 0xa3, 0x4a, 0x2, 0xbe, 0xff,
    0xff, 0xff, 0xff, 0xff, 0xff, 0xbb, 0x0, 0x7,
    0x77, 0xc9, 0xe5, 0xdd, 0xba, 0x70, 0x13,

    /* U+00C0 "À" */
    0x0, 0x0, 0x0, 0x5c, 0xff, 0xff, 0x53, 0x0,
    0x0, 0x0, 0x0, 0x0, 0x0, 0x0, 0x0, 0x0,
    0x0, 0x0, 0x77, 0xff, 0xe5, 0x10, 0x0, 0x0,
    0x0, 0x0, 0x0, 0x0, 0x0, 0x0, 0x0, 0x0,
    0x0, 0x77, 0xff, 0xa6, 0x0, 0x0, 0x0, 0x0,
    0x0, 0x0, 0x0, 0x0, 0x0, 0x0, 0x0, 0x0,
    0x52, 0x80, 0x13, 0x0, 0x0, 0x0, 0x0, 0x0,
    0x0, 0x0, 0x0, 0x0, 0x0, 0x0, 0x0, 0x0,
    0x0, 0x0, 0x0, 0x0, 0x0, 0x0, 0x0, 0x0,
    0x0, 0x0, 0x2, 0xdf, 0xff, 0xfd, 0x1b, 0x0,
    0x0, 0x0, 0x0, 0x0, 0x0, 0x0, 0x0, 0x0,
    0x42, 0xff, 0xff, 0xff, 0x7a, 0x0, 0x0, 0x0,
    0x0, 0x0, 0x0, 0x0, 0x0, 0x0, 0xa4, 0xff,
    0xa0, 0xff, 0xdb, 0x1, 0x0, 0x0, 0x0, 0x0,
    0x0, 0x0, 0x0, 0xe, 0xf6, 0xff, 0x20, 0xe1,
    0xff, 0x3c, 0x0, 0x0, 0x0, 0x0, 0x0, 0x0,
    0x0, 0x64, 0xff, 0xcb, 0x0, 0x8d, 0xff, 0x9c,
    0x0, 0x0, 0x0, 0x0, 0x0, 0x0, 0x0, 0xc7,
    0xff, 0x6e, 0x0, 0x30, 0xff, 0xf3, 0xc, 0x0,
    0x0, 0x0, 0x0, 0x0, 0x28, 0xff, 0xfb, 0x16,
    0x0, 0x0, 0xd4, 0xff, 0x5f, 0x0, 0x0, 0x0,
    0x0, 0x0, 0x88, 0xff, 0xb4, 0x0, 0x0, 0x0,
    0x77, 0xff, 0xc0, 0x0, 0x0, 0x0, 0x0, 0x4,
    0xe6, 0xff, 0xff, 0xff, 0xff, 0xff, 0xff, 0xff,
    0xff, 0x22, 0x0, 0x0, 0x0, 0x4c, 0xff, 0xff,
    0xff, 0xff, 0xff, 0xff, 0xff, 0xff, 0xff, 0x84,
    0x0, 0x0, 0x0, 0xac, 0xff, 0xb5, 0x4, 0x4,
    0x4, 0x4, 0x4, 0x82, 0xff, 0xe2, 0x2, 0x0,
    0x13, 0xf9, 0xff, 0x5a, 0x0, 0x0, 0x0, 0x0,
    0x0, 0x28, 0xff, 0xff, 0x44, 0x0, 0x6f, 0xff,
    0xf4, 0xb, 0x0, 0x0, 0x0, 0x0, 0x0, 0x0,
    0xce, 0xff, 0xa7, 0x0, 0xd0, 0xff, 0xa5, 0x0,
    0x0, 0x0, 0x0, 0x0, 0x0, 0x0, 0x75, 0xff,
    0xf8, 0x10,

    /* U+00C1 "Á" */
    0x0, 0x0, 0x0, 0x0, 0x0, 0x0, 0x14, 0xef,
    0xff, 0xae, 0x0, 0x0, 0x0, 0x0, 0x0, 0x0,
    0x0, 0x0, 0x0, 0x0, 0xa7, 0xff, 0xbd, 0x9,
    0x0, 0x0, 0x0, 0x0, 0x0, 0x0, 0x0, 0x0,
    0x0, 0x55, 0xff, 0xbd, 0xa, 0x0, 0x0, 0x0,
    0x0, 0x0, 0x0, 0x0, 0x0, 0x0, 0x0, 0x69,
    0x74, 0x7, 0x0, 0x0, 0x0, 0x0, 0x0, 0x0,
    0x0, 0x0, 0x0, 0x0, 0x0, 0x0, 0x0, 0x0,
    0x0, 0x0, 0x0, 0x0, 0x0, 0x0, 0x0, 0x0,
    0x0, 0x0, 0x2, 0xdf, 0xff, 0xfd, 0x1b, 0x0,
    0x0, 0x0, 0x0, 0x0, 0x0, 0x0, 0x0, 0x0,
    0x42, 0xff, 0xff, 0xff, 0x7a, 0x0, 0x0, 0x0,
    0x0, 0x0, 0x0, 0x0, 0x0, 0x0, 0xa4, 0xff,
    0xa0, 0xff, 0xdb, 0x1, 0x0, 0x0, 0x0, 0x0,
    0x0, 0x0, 0x0, 0xe, 0xf6, 0xff, 0x20, 0xe1,
    0xff, 0x3c, 0x0, 0x0, 0x0, 0x0, 0x0, 0x0,
    0x0, 0x64, 0xff, 0xcb, 0x0, 0x8d, 0xff, 0x9c,
    0x0, 0x0, 0x0, 0x0, 0x0, 0x0, 0x0, 0xc7,
    0xff, 0x6e, 0x0, 0x30, 0xff, 0xf3, 0xc, 0x0,
    0x0, 0x0, 0x0, 0x0, 0x28, 0xff, 0xfb, 0x16,
    0x0, 0x0, 0xd4, 0xff, 0x5f, 0x0, 0x0, 0x0,
    0x0, 0x0, 0x88, 0xff, 0xb4, 0x0, 0x0, 0x0,
    0x77, 0xff, 0xc0, 0x0, 0x0, 0x0, 0x0, 0x4,
    0xe6, 0xff, 0xff, 0xff, 0xff, 0xff, 0xff, 0xff,
    0xff, 0x22, 0x0, 0x0, 0x0, 0x4c, 0xff, 0xff,
    0xff, 0xff, 0xff, 0xff, 0xff, 0xff, 0xff, 0x84,
    0x0, 0x0, 0x0, 0xac, 0xff, 0xb5, 0x4, 0x4,
    0x4, 0x4, 0x4, 0x82, 0xff, 0xe2, 0x2, 0x0,
    0x13, 0xf9, 0xff, 0x5a, 0x0, 0x0, 0x0, 0x0,
    0x0, 0x28, 0xff, 0xff, 0x44, 0x0, 0x6f, 0xff,
    0xf4, 0xb, 0x0, 0x0, 0x0, 0x0, 0x0, 0x0,
    0xce, 0xff, 0xa7, 0x0, 0xd0, 0xff, 0xa5, 0x0,
    0x0, 0x0, 0x0, 0x0, 0x0, 0x0, 0x75, 0xff,
    0xf8, 0x10,

    /* U+00C2 "Â" */
    0x0, 0x0, 0x0, 0x0, 0x11, 0xe8, 0xff, 0xfe,
    0x3c, 0x0, 0x0, 0x0, 0x0, 0x0, 0x0, 0x0,
    0x0, 0x1, 0xaf, 0xff, 0xcb, 0xff, 0xe1, 0x14,
    0x0, 0x0, 0x0, 0x0, 0x0, 0x0, 0x0, 0x7e,
    0xff, 0x9e, 0x4, 0x6e, 0xfd, 0xbd, 0x6, 0x0,
    0x0, 0x0, 0x0, 0x0, 0xb, 0x7f, 0x5f, 0x0,
    0x0, 0x0, 0x40, 0x80, 0x2e, 0x0, 0x0, 0x0,
    0x0, 0x0, 0x0, 0x0, 0x0, 0x0, 0x0, 0x0,
    0x0, 0x0, 0x0, 0x0, 0x0, 0x0, 0x0, 0x0,
    0x0, 0x0, 0x2, 0xdf, 0xff, 0xfd, 0x1b, 0x0,
    0x0, 0x0, 0x0, 0x0, 0x0, 0x0, 0x0, 0x0,
    0x42, 0xff, 0xff, 0xff, 0x7a, 0x0, 0x0, 0x0,
    0x0, 0x0, 0x0, 0x0, 0x0, 0x0, 0xa4, 0xff,
    0xa0, 0xff, 0xdb, 0x1, 0x0, 0x0, 0x0, 0x0,
    0x0, 0x0, 0x0, 0xe, 0xf6, 0xff, 0x20, 0xe1,
    0xff, 0x3c, 0x0, 0x0, 0x0, 0x0, 0x0, 0x0,
    0x0, 0x64, 0xff, 0xcb, 0x0, 0x8d, 0xff, 0x9c,
    0x0, 0x0, 0x0, 0x0, 0x0, 0x0, 0x0, 0xc7,
    0xff, 0x6e, 0x0, 0x30, 0xff, 0xf3, 0xc, 0x0,
    0x0, 0x0, 0x0, 0x0, 0x28, 0xff, 0xfb, 0x16,
    0x0, 0x0, 0xd4, 0xff, 0x5f, 0x0, 0x0, 0x0,
    0x0, 0x0, 0x88, 0xff, 0xb4, 0x0, 0x0, 0x0,
    0x77, 0xff, 0xc0, 0x0, 0x0, 0x0, 0x0, 0x4,
    0xe6, 0xff, 0xff, 0xff, 0xff, 0xff, 0xff, 0xff,
    0xff, 0x22, 0x0, 0x0, 0x0, 0x4c, 0xff, 0xff,
    0xff, 0xff, 0xff, 0xff, 0xff, 0xff, 0xff, 0x84,
    0x0, 0x0, 0x0, 0xac, 0xff, 0xb5, 0x4, 0x4,
    0x4, 0x4, 0x4, 0x82, 0xff, 0xe2, 0x2, 0x0,
    0x13, 0xf9, 0xff, 0x5a, 0x0, 0x0, 0x0, 0x0,
    0x0, 0x28, 0xff, 0xff, 0x44, 0x0, 0x6f, 0xff,
    0xf4, 0xb, 0x0, 0x0, 0x0, 0x0, 0x0, 0x0,
    0xce, 0xff, 0xa7, 0x0, 0xd0, 0xff, 0xa5, 0x0,
    0x0, 0x0, 0x0, 0x0, 0x0, 0x0, 0x75, 0xff,
    0xf8, 0x10,

    /* U+00C3 "Ã" */
    0x0, 0x0, 0x0, 0xd, 0x81, 0x8e, 0x1a, 0x0,
    0x0, 0x8d, 0x3c, 0x0, 0x0, 0x0, 0x0, 0x0,
    0x0, 0xad, 0xff, 0xff, 0xe9, 0x45, 0x33, 0xfe,
    0x3a, 0x0, 0x0, 0x0, 0x0, 0x0, 0x15, 0xfe,
    0x56, 0x2a, 0xd1, 0xff, 0xff, 0xcf, 0x2, 0x0,
    0x0, 0x0, 0x0, 0x0, 0x25, 0xa3, 0x3, 0x0,
    0x9, 0x80, 0x8c, 0x19, 0x0, 0x0, 0x0, 0x0,
    0x0, 0x0, 0x0, 0x0, 0x0, 0x0, 0x0, 0x0,
    0x0, 0x0, 0x0, 0x0, 0x0, 0x0, 0x0, 0x0,
    0x0, 0x0, 0x2, 0xdf, 0xff, 0xfd, 0x1b, 0x0,
    0x0, 0x0, 0x0, 0x0, 0x0, 0x0, 0x0, 0x0,
    0x42, 0xff, 0xff, 0xff, 0x7a, 0x0, 0x0, 0x0,
    0x0, 0x0, 0x0, 0x0, 0x0, 0x0, 0xa4, 0xff,
    0xa0, 0xff, 0xdb, 0x1, 0x0, 0x0, 0x0, 0x0,
    0x0, 0x0, 0x0, 0xe, 0xf6, 0xff, 0x20, 0xe1,
    0xff, 0x3c, 0x0, 0x0, 0x0, 0x0, 0x0, 0x0,
    0x0, 0x64, 0xff, 0xcb, 0x0, 0x8d, 0xff, 0x9c,
    0x0, 0x0, 0x0, 0x0, 0x0, 0x0, 0x0, 0xc7,
    0xff, 0x6e, 0x0, 0x30, 0xff, 0xf3, 0xc, 0x0,
    0x0, 0x0, 0x0, 0x0, 0x28, 0xff, 0xfb, 0x16,
    0x0, 0x0, 0xd4, 0xff, 0x5f, 0x0, 0x0, 0x0,
    0x0, 0x0, 0x88, 0xff, 0xb4, 0x0, 0x0, 0x0,
    0x77, 0xff, 0xc0, 0x0, 0x0, 0x0, 0x0, 0x4,
    0xe6, 0xff, 0xff, 0xff, 0xff, 0xff, 0xff, 0xff,
    0xff, 0x22, 0x0, 0x0, 0x0, 0x4c, 0xff, 0xff,
    0xff, 0xff, 0xff, 0xff, 0xff, 0xff, 0xff, 0x84,
    0x0, 0x0, 0x0, 0xac, 0xff, 0xb5, 0x4, 0x4,
    0x4, 0x4, 0x4, 0x82, 0xff, 0xe2, 0x2, 0x0,
    0x13, 0xf9, 0xff, 0x5a, 0x0, 0x0, 0x0, 0x0,
    0x0, 0x28, 0xff, 0xff, 0x44, 0x0, 0x6f, 0xff,
    0xf4, 0xb, 0x0, 0x0, 0x0, 0x0, 0x0, 0x0,
    0xce, 0xff, 0xa7, 0x0, 0xd0, 0xff, 0xa5, 0x0,
    0x0, 0x0, 0x0, 0x0, 0x0, 0x0, 0x75, 0xff,
    0xf8, 0x10,

    /* U+00C4 "Ä" */
    0x0, 0x0, 0x0, 0x1, 0x36, 0xd, 0x0, 0x5,
    0x36, 0x6, 0x0, 0x0, 0x0, 0x0, 0x0, 0x0,
    0x0, 0x5e, 0xff, 0xb4, 0x0, 0x87, 0xff, 0x90,
    0x0, 0x0, 0x0, 0x0, 0x0, 0x0, 0x0, 0x42,
    0xf5, 0x8d, 0x0, 0x65, 0xf6, 0x6b, 0x0, 0x0,
    0x0, 0x0, 0x0, 0x0, 0x0, 0x0, 0x0, 0x0,
    0x0, 0x0, 0x0, 0x0, 0x0, 0x0, 0x0, 0x0,
    0x0, 0x0, 0x0, 0x0, 0x0, 0x0, 0x0, 0x0,
    0x0, 0x0, 0x0, 0x0, 0x0, 0x0, 0x0, 0x0,
    0x0, 0x0, 0x2, 0xdf, 0xff, 0xfd, 0x1b, 0x0,
    0x0, 0x0, 0x0, 0x0, 0x0, 0x0, 0x0, 0x0,
    0x42, 0xff, 0xff, 0xff, 0x7a, 0x0, 0x0, 0x0,
    0x0, 0x0, 0x0, 0x0, 0x0, 0x0, 0xa4, 0xff,
    0xa0, 0xff, 0xdb, 0x1, 0x0, 0x0, 0x0, 0x0,
    0x0, 0x0, 0x0, 0xe, 0xf6, 0xff, 0x20, 0xe1,
    0xff, 0x3c, 0x0, 0x0, 0x0, 0x0, 0x0, 0x0,
    0x0, 0x64, 0xff, 0xcb, 0x0, 0x8d, 0xff, 0x9c,
    0x0, 0x0, 0x0, 0x0, 0x0, 0x0, 0x0, 0xc7,
    0xff, 0x6e, 0x0, 0x30, 0xff, 0xf3, 0xc, 0x0,
    0x0, 0x0, 0x0, 0x0, 0x28, 0xff, 0xfb, 0x16,
    0x0, 0x0, 0xd4, 0xff, 0x5f, 0x0, 0x0, 0x0,
    0x0, 0x0, 0x88, 0xff, 0xb4, 0x0, 0x0, 0x0,
    0x77, 0xff, 0xc0, 0x0, 0x0, 0x0, 0x0, 0x4,
    0xe6, 0xff, 0xff, 0xff, 0xff, 0xff, 0xff, 0xff,
    0xff, 0x22, 0x0, 0x0, 0x0, 0x4c, 0xff, 0xff,
    0xff, 0xff, 0xff, 0xff, 0xff, 0xff, 0xff, 0x84,
    0x0, 0x0, 0x0, 0xac, 0xff, 0xb5, 0x4, 0x4,
    0x4, 0x4, 0x4, 0x82, 0xff, 0xe2, 0x2, 0x0,
    0x13, 0xf9, 0xff, 0x5a, 0x0, 0x0, 0x0, 0x0,
    0x0, 0x28, 0xff, 0xff, 0x44, 0x0, 0x6f, 0xff,
    0xf4, 0xb, 0x0, 0x0, 0x0, 0x0, 0x0, 0x0,
    0xce, 0xff, 0xa7, 0x0, 0xd0, 0xff, 0xa5, 0x0,
    0x0, 0x0, 0x0, 0x0, 0x0, 0x0, 0x75, 0xff,
    0xf8, 0x10,

    /* U+00C5 "Å" */
    0x0, 0x0, 0x0, 0x0, 0xf, 0xb3, 0xf6, 0xc7,
    0x23, 0x0, 0x0, 0x0, 0x0, 0x0, 0x0, 0x0,
    0x0, 0x0, 0x86, 0xdb, 0x39, 0xbb, 0xb8, 0x0,
    0x0, 0x0, 0x0, 0x0, 0x0, 0x0, 0x0, 0x0,
    0xb0, 0x8d, 0x0, 0x61, 0xe8, 0x0, 0x0, 0x0,
    0x0, 0x0, 0x0, 0x0, 0x0, 0x0, 0x91, 0xc6,
    0xc, 0xa4, 0xc7, 0x0, 0x0, 0x0, 0x0, 0x0,
    0x0, 0x0, 0x0, 0x0, 0x1f, 0xff, 0xff, 0xff,
    0x53, 0x0, 0x0, 0x0, 0x0, 0x0, 0x0, 0x0,
    0x0, 0x0, 0x42, 0xff, 0xff, 0xff, 0x7a, 0x0,
    0x0, 0x0, 0x0, 0x0, 0x0, 0x0, 0x0, 0x0,
    0xa4, 0xff, 0xa6, 0xff, 0xdb, 0x1, 0x0, 0x0,
    0x0, 0x0, 0x0, 0x0, 0x0, 0xe, 0xf6, 0xff,
    0x23, 0xe3, 0xff, 0x3c, 0x0, 0x0, 0x0, 0x0,
    0x0, 0x0, 0x0, 0x64, 0xff, 0xcf, 0x0, 0x8f,
    0xff, 0x9c, 0x0, 0x0, 0x0, 0x0, 0x0, 0x0,
    0x0, 0xc7, 0xff, 0x70, 0x0, 0x32, 0xff, 0xf3,
    0xc, 0x0, 0x0, 0x0, 0x0, 0x0, 0x28, 0xff,
    0xfc, 0x16, 0x0, 0x0, 0xd4, 0xff, 0x5f, 0x0,
    0x0, 0x0, 0x0, 0x0, 0x88, 0xff, 0xb4, 0x0,
    0x0, 0x0, 0x78, 0xff, 0xc0, 0x0, 0x0, 0x0,
    0x0, 0x4, 0xe6, 0xff, 0xff, 0xff, 0xff, 0xff,
    0xff, 0xff, 0xff, 0x22, 0x0, 0x0, 0x0, 0x4c,
    0xff, 0xff, 0xff, 0xff, 0xff, 0xff, 0xff, 0xff,
    0xff, 0x84, 0x0, 0x0, 0x0, 0xac, 0xff, 0xb5,
    0x4, 0x4, 0x4, 0x4, 0x4, 0x82, 0xff, 0xe2,
    0x2, 0x0, 0x13, 0xf9, 0xff, 0x5a, 0x0, 0x0,
    0x0, 0x0, 0x0, 0x28, 0xff, 0xff, 0x44, 0x0,
    0x6f, 0xff, 0xf4, 0xb, 0x0, 0x0, 0x0, 0x0,
    0x0, 0x0, 0xce, 0xff, 0xa7, 0x0, 0xd0, 0xff,
    0xa5, 0x0, 0x0, 0x0, 0x0, 0x0, 0x0, 0x0,
    0x75, 0xff, 0xf8, 0x10,

    /* U+00C6 "Æ" */
    0x0, 0x0, 0x0, 0x0, 0x0, 0x0, 0x0, 0xaf,
    0xff, 0xff, 0xff, 0xff, 0xff, 0xff, 0xff, 0xff,
    0xff, 0xff, 0x10, 0x0, 0x0, 0x0, 0x0, 0x0,
    0x0, 0x29, 0xfe, 0xff, 0xf8, 0xff, 0xff, 0xfb,
    0xf8, 0xf8, 0xf8, 0xf8, 0xf8, 0x10, 0x0, 0x0,
    0x0, 0x0, 0x0, 0x0, 0xa0, 0xff, 0xa4, 0x0,
    0xec, 0xff, 0x6c, 0x0, 0x0, 0x0, 0x0, 0x0,
    0x0, 0x0, 0x0, 0x0, 0x0, 0x0, 0x1e, 0xfb,
    0xff, 0x2f, 0x0, 0xec, 0xff, 0x6c, 0x0, 0x0,
    0x0, 0x0, 0x0, 0x0, 0x0, 0x0, 0x0, 0x0,
    0x0, 0x91, 0xff, 0xb7, 0x0, 0x0, 0xec, 0xff,
    0x6c, 0x0, 0x0, 0x0, 0x0, 0x0, 0x0, 0x0,
    0x0, 0x0, 0x0, 0x13, 0xf5, 0xff, 0x3e, 0x0,
    0x0, 0xec, 0xff, 0x6c, 0x0, 0x0, 0x0, 0x0,
    0x0, 0x0, 0x0, 0x0, 0x0, 0x0, 0x80, 0xff,
    0xc7, 0x0, 0x0, 0x0, 0xec, 0xff, 0xff, 0xff,
    0xff, 0xff, 0xff, 0xb0, 0x0, 0x0, 0x0, 0x0,
    0xb, 0xed, 0xff, 0x51, 0x0, 0x0, 0x0, 0xec,
    0xff, 0xfb, 0xf8, 0xf8, 0xf8, 0xf8, 0xab, 0x0,
    0x0, 0x0, 0x0, 0x6f, 0xff, 0xff, 0xff, 0xff,
    0xff, 0xff, 0xff, 0xff, 0x6c, 0x0, 0x0, 0x0,
    0x0, 0x0, 0x0, 0x0, 0x0, 0x5, 0xe2, 0xff,
    0xff, 0xff, 0xff, 0xff, 0xff, 0xff, 0xff, 0x6c,
    0x0, 0x0, 0x0, 0x0, 0x0, 0x0, 0x0, 0x0,
    0x60, 0xff, 0xef, 0x10, 0x4, 0x4, 0x4, 0x4,
    0xec, 0xff, 0x6c, 0x0, 0x0, 0x0, 0x0, 0x0,
    0x0, 0x0, 0x2, 0xd7, 0xff, 0x87, 0x0, 0x0,
    0x0, 0x0, 0x0, 0xec, 0xff, 0x6c, 0x0, 0x0,
    0x0, 0x0, 0x0, 0x0, 0x0, 0x51, 0xff, 0xfa,
    0x19, 0x0, 0x0, 0x0, 0x0, 0x0, 0xec, 0xff,
    0xfe, 0xfc, 0xfc, 0xfc, 0xfc, 0xfc, 0x10, 0x0,
    0xc8, 0xff, 0x9f, 0x0, 0x0, 0x0, 0x0, 0x0,
    0x0, 0xec, 0xff, 0xff, 0xff, 0xff, 0xff, 0xff,
    0xff, 0x10,

    /* U+00C7 "Ç" */
    0x0, 0x0, 0x0, 0x36, 0xa0, 0xde, 0xfa, 0xf9,
    0xdc, 0xa2, 0x4c, 0x0, 0x0, 0x1, 0x8b, 0xff,
    0xff, 0xff, 0xff, 0xff, 0xff, 0xff, 0xc2, 0x0,
    0x0, 0x79, 0xff, 0xff, 0xb5, 0x38, 0x7, 0xb,
    0x36, 0x88, 0x4b, 0x0, 0x19, 0xf7, 0xff, 0xa9,
    0x1, 0x0, 0x0, 0x0, 0x0, 0x0, 0x0, 0x0,
    0x74, 0xff, 0xfc, 0x1a, 0x0, 0x0, 0x0, 0x0,
    0x0, 0x0, 0x0, 0x0, 0xae, 0xff, 0xc7, 0x0,
    0x0, 0x0, 0x0, 0x0, 0x0, 0x0, 0x0, 0x0,
    0xca, 0xff, 0xa6, 0x0, 0x0, 0x0, 0x0, 0x0,
    0x0, 0x0, 0x0, 0x0, 0xcb, 0xff, 0xa6, 0x0,
    0x0, 0x0, 0x0, 0x0, 0x0, 0x0, 0x0, 0x0,
    0xb5, 0xff, 0xc4, 0x0, 0x0, 0x0, 0x0, 0x0,
    0x0, 0x0, 0x0, 0x0, 0x82, 0xff, 0xf9, 0x11,
    0x0, 0x0, 0x0, 0x0, 0x0, 0x0, 0x0, 0x0,
    0x2b, 0xff, 0xff, 0x93, 0x0, 0x0, 0x0, 0x0,
    0x0, 0x0, 0x0, 0x0, 0x0, 0xa3, 0xff, 0xff,
    0xa0, 0x2d, 0x4, 0x3, 0x1d, 0x52, 0x41, 0x0,
    0x0, 0xb, 0xb8, 0xff, 0xff, 0xff, 0xff, 0xff,
    0xff, 0xff, 0x7c, 0x0, 0x0, 0x0, 0x2, 0x5b,
    0xb8, 0xee, 0xff, 0xfb, 0xe1, 0xab, 0x37, 0x0,
    0x0, 0x0, 0x0, 0x0, 0x0, 0x82, 0xfc, 0x20,
    0x0, 0x0, 0x0, 0x0, 0x0, 0x0, 0x0, 0x0,
    0x0, 0xa3, 0xfb, 0xef, 0x2e, 0x0, 0x0, 0x0,
    0x0, 0x0, 0x0, 0x0, 0x0, 0x0, 0x64, 0xff,
    0x88, 0x0, 0x0, 0x0, 0x0, 0x0, 0x0, 0x0,
    0x45, 0x5b, 0xae, 0xff, 0x66, 0x0, 0x0, 0x0,
    0x0, 0x0, 0x0, 0x0, 0x8e, 0xfc, 0xec, 0x98,
    0x6, 0x0, 0x0, 0x0,

    /* U+00C8 "È" */
    0x0, 0xb, 0xd9, 0xff, 0xc6, 0x1, 0x0, 0x0,
    0x0, 0x0, 0x0, 0x1f, 0xe2, 0xff, 0x6b, 0x0,
    0x0, 0x0, 0x0, 0x0, 0x0, 0x20, 0xde, 0xf5,
    0x26, 0x0, 0x0, 0x0, 0x0, 0x0, 0x0, 0x19,
    0x7f, 0x4d, 0x0, 0x0, 0x0, 0x0, 0x0, 0x0,
    0x0, 0x0, 0x0, 0x0, 0x0, 0x20, 0xff, 0xff,
    0xff, 0xff, 0xff, 0xff, 0xff, 0xf8, 0x20, 0xff,
    0xff, 0xfa, 0xf8, 0xf8, 0xf8, 0xf8, 0xf0, 0x20,
    0xff, 0xff, 0x38, 0x0, 0x0, 0x0, 0x0, 0x0,
    0x20, 0xff, 0xff, 0x38, 0x0, 0x0, 0x0, 0x0,
    0x0, 0x20, 0xff, 0xff, 0x38, 0x0, 0x0, 0x0,
    0x0, 0x0, 0x20, 0xff, 0xff, 0x38, 0x0, 0x0,
    0x0, 0x0, 0x0, 0x20, 0xff, 0xff, 0xff, 0xff,
    0xff, 0xff, 0xff, 0x98, 0x20, 0xff, 0xff, 0xfa,
    0xf8, 0xf8, 0xf8, 0xf8, 0x93, 0x20, 0xff, 0xff,
    0x38, 0x0, 0x0, 0x0, 0x0, 0x0, 0x20, 0xff,
    0xff, 0x38, 0x0, 0x0, 0x0, 0x0, 0x0, 0x20,
    0xff, 0xff, 0x38, 0x0, 0x0, 0x0, 0x0, 0x0,
    0x20, 0xff, 0xff, 0x38, 0x0, 0x0, 0x0, 0x0,
    0x0, 0x20, 0xff, 0xff, 0xfd, 0xfc, 0xfc, 0xfc,
    0xfc, 0xf4, 0x20, 0xff, 0xff, 0xff, 0xff, 0xff,
    0xff, 0xff, 0xf8,

    /* U+00C9 "É" */
    0x0, 0x0, 0x0, 0x0, 0x0, 0x89, 0xff, 0xf6,
    0x31, 0x0, 0x0, 0x0, 0x0, 0x32, 0xfb, 0xf9,
    0x49, 0x0, 0x0, 0x0, 0x0, 0x8, 0xd3, 0xf7,
    0x4a, 0x0, 0x0, 0x0, 0x0, 0x0, 0x2d, 0x80,
    0x39, 0x0, 0x0, 0x0, 0x0, 0x0, 0x0, 0x0,
    0x0, 0x0, 0x0, 0x0, 0x0, 0x20, 0xff, 0xff,
    0xff, 0xff, 0xff, 0xff, 0xff, 0xf8, 0x20, 0xff,
    0xff, 0xfa, 0xf8, 0xf8, 0xf8, 0xf8, 0xf0, 0x20,
    0xff, 0xff, 0x38, 0x0, 0x0, 0x0, 0x0, 0x0,
    0x20, 0xff, 0xff, 0x38, 0x0, 0x0, 0x0, 0x0,
    0x0, 0x20, 0xff, 0xff, 0x38, 0x0, 0x0, 0x0,
    0x0, 0x0, 0x20, 0xff, 0xff, 0x38, 0x0, 0x0,
    0x0, 0x0, 0x0, 0x20, 0xff, 0xff, 0xff, 0xff,
    0xff, 0xff, 0xff, 0x98, 0x20, 0xff, 0xff, 0xfa,
    0xf8, 0xf8, 0xf8, 0xf8, 0x93, 0x20, 0xff, 0xff,
    0x38, 0x0, 0x0, 0x0, 0x0, 0x0, 0x20, 0xff,
    0xff, 0x38, 0x0, 0x0, 0x0, 0x0, 0x0, 0x20,
    0xff, 0xff, 0x38, 0x0, 0x0, 0x0, 0x0, 0x0,
    0x20, 0xff, 0xff, 0x38, 0x0, 0x0, 0x0, 0x0,
    0x0, 0x20, 0xff, 0xff, 0xfd, 0xfc, 0xfc, 0xfc,
    0xfc, 0xf4, 0x20, 0xff, 0xff, 0xff, 0xff, 0xff,
    0xff, 0xff, 0xf8,

    /* U+00CA "Ê" */
    0x0, 0x0, 0x0, 0x82, 0xff, 0xff, 0xb1, 0x0,
    0x0, 0x0, 0x0, 0x40, 0xfc, 0xee, 0xdd, 0xff,
    0x6c, 0x0, 0x0, 0x20, 0xea, 0xe9, 0x31, 0x1d,
    0xd5, 0xfb, 0x40, 0x0, 0x50, 0x7f, 0x1d, 0x0,
    0x0, 0xd, 0x78, 0x68, 0x0, 0x0, 0x0, 0x0,
    0x0, 0x0, 0x0, 0x0, 0x0, 0x20, 0xff, 0xff,
    0xff, 0xff, 0xff, 0xff, 0xff, 0xf8, 0x20, 0xff,
    0xff, 0xfa, 0xf8, 0xf8, 0xf8, 0xf8, 0xf0, 0x20,
    0xff, 0xff, 0x38, 0x0, 0x0, 0x0, 0x0, 0x0,
    0x20, 0xff, 0xff, 0x38, 0x0, 0x0, 0x0, 0x0,
    0x0, 0x20, 0xff, 0xff, 0x38, 0x0, 0x0, 0x0,
    0x0, 0x0, 0x20, 0xff, 0xff, 0x38, 0x0, 0x0,
    0x0, 0x0, 0x0, 0x20, 0xff, 0xff, 0xff, 0xff,
    0xff, 0xff, 0xff, 0x98, 0x20, 0xff, 0xff, 0xfa,
    0xf8, 0xf8, 0xf8, 0xf8, 0x93, 0x20, 0xff, 0xff,
    0x38, 0x0, 0x0, 0x0, 0x0, 0x0, 0x20, 0xff,
    0xff, 0x38, 0x0, 0x0, 0x0, 0x0, 0x0, 0x20,
    0xff, 0xff, 0x38, 0x0, 0x0, 0x0, 0x0, 0x0,
    0x20, 0xff, 0xff, 0x38, 0x0, 0x0, 0x0, 0x0,
    0x0, 0x20, 0xff, 0xff, 0xfd, 0xfc, 0xfc, 0xfc,
    0xfc, 0xf4, 0x20, 0xff, 0xff, 0xff, 0xff, 0xff,
    0xff, 0xff, 0xf8,

    /* U+00CB "Ë" */
    0x0, 0x0, 0x1a, 0x2a, 0x0, 0x0, 0x22, 0x20,
    0x0, 0x0, 0x0, 0xe6, 0xff, 0x32, 0x14, 0xfa,
    0xf8, 0x10, 0x0, 0x0, 0xbf, 0xe9, 0x20, 0xa,
    0xdb, 0xd8, 0x8, 0x0, 0x0, 0x0, 0x0, 0x0,
    0x0, 0x0, 0x0, 0x0, 0x0, 0x0, 0x0, 0x0,
    0x0, 0x0, 0x0, 0x0, 0x0, 0x20, 0xff, 0xff,
    0xff, 0xff, 0xff, 0xff, 0xff, 0xf8, 0x20, 0xff,
    0xff, 0xfa, 0xf8, 0xf8, 0xf8, 0xf8, 0xf0, 0x20,
    0xff, 0xff, 0x38, 0x0, 0x0, 0x0, 0x0, 0x0,
    0x20, 0xff, 0xff, 0x38, 0x0, 0x0, 0x0, 0x0,
    0x0, 0x20, 0xff, 0xff, 0x38, 0x0, 0x0, 0x0,
    0x0, 0x0, 0x20, 0xff, 0xff, 0x38, 0x0, 0x0,
    0x0, 0x0, 0x0, 0x20, 0xff, 0xff, 0xff, 0xff,
    0xff, 0xff, 0xff, 0x98, 0x20, 0xff, 0xff, 0xfa,
    0xf8, 0xf8, 0xf8, 0xf8, 0x93, 0x20, 0xff, 0xff,
    0x38, 0x0, 0x0, 0x0, 0x0, 0x0, 0x20, 0xff,
    0xff, 0x38, 0x0, 0x0, 0x0, 0x0, 0x0, 0x20,
    0xff, 0xff, 0x38, 0x0, 0x0, 0x0, 0x0, 0x0,
    0x20, 0xff, 0xff, 0x38, 0x0, 0x0, 0x0, 0x0,
    0x0, 0x20, 0xff, 0xff, 0xfd, 0xfc, 0xfc, 0xfc,
    0xfc, 0xf4, 0x20, 0xff, 0xff, 0xff, 0xff, 0xff,
    0xff, 0xff, 0xf8,

    /* U+00CC "Ì" */
    0x46, 0xfd, 0xff, 0x6a, 0x0, 0x0, 0x0, 0x60,
    0xfe, 0xf2, 0x1e, 0x0, 0x0, 0x0, 0x5e, 0xfc,
    0xbe, 0x2, 0x0, 0x0, 0x0, 0x45, 0x80, 0x1f,
    0x0, 0x0, 0x0, 0x0, 0x0, 0x0, 0x0, 0x0,
    0x20, 0xff, 0xff, 0x38, 0x0, 0x0, 0x20, 0xff,
    0xff, 0x38, 0x0, 0x0, 0x20, 0xff, 0xff, 0x38,
    0x0, 0x0, 0x20, 0xff, 0xff, 0x38, 0x0, 0x0,
    0x20, 0xff, 0xff, 0x38, 0x0, 0x0, 0x20, 0xff,
    0xff, 0x38, 0x0, 0x0, 0x20, 0xff, 0xff, 0x38,
    0x0, 0x0, 0x20, 0xff, 0xff, 0x38, 0x0, 0x0,
    0x20, 0xff, 0xff, 0x38, 0x0, 0x0, 0x20, 0xff,
    0xff, 0x38, 0x0, 0x0, 0x20, 0xff, 0xff, 0x38,
    0x0, 0x0, 0x20, 0xff, 0xff, 0x38, 0x0, 0x0,
    0x20, 0xff, 0xff, 0x38, 0x0, 0x0, 0x20, 0xff,
    0xff, 0x38,

    /* U+00CD "Í" */
    0x0, 0x0, 0x53, 0xff, 0xff, 0x5f, 0x0, 0x10,
    0xe5, 0xff, 0x7b, 0x0, 0x0, 0xa4, 0xff, 0x7a,
    0x0, 0x0, 0x11, 0x80, 0x54, 0x0, 0x0, 0x0,
    0x0, 0x0, 0x0, 0x0, 0x0, 0x0, 0x20, 0xff,
    0xff, 0x38, 0x0, 0x0, 0x20, 0xff, 0xff, 0x38,
    0x0, 0x0, 0x20, 0xff, 0xff, 0x38, 0x0, 0x0,
    0x20, 0xff, 0xff, 0x38, 0x0, 0x0, 0x20, 0xff,
    0xff, 0x38, 0x0, 0x0, 0x20, 0xff, 0xff, 0x38,
    0x0, 0x0, 0x20, 0xff, 0xff, 0x38, 0x0, 0x0,
    0x20, 0xff, 0xff, 0x38, 0x0, 0x0, 0x20, 0xff,
    0xff, 0x38, 0x0, 0x0, 0x20, 0xff, 0xff, 0x38,
    0x0, 0x0, 0x20, 0xff, 0xff, 0x38, 0x0, 0x0,
    0x20, 0xff, 0xff, 0x38, 0x0, 0x0, 0x20, 0xff,
    0xff, 0x38, 0x0, 0x0, 0x20, 0xff, 0xff, 0x38,
    0x0, 0x0,

    /* U+00CE "Î" */
    0x0, 0x0, 0x8c, 0xff, 0xff, 0xa7, 0x0, 0x0,
    0x0, 0x48, 0xfe, 0xea, 0xe2, 0xff, 0x5f, 0x0,
    0x25, 0xee, 0xe4, 0x2c, 0x21, 0xdb, 0xf8, 0x37,
    0x54, 0x7e, 0x18, 0x0, 0x0, 0x11, 0x7a, 0x64,
    0x0, 0x0, 0x0, 0x0, 0x0, 0x0, 0x0, 0x0,
    0x0, 0x0, 0x20, 0xff, 0xff, 0x38, 0x0, 0x0,
    0x0, 0x0, 0x20, 0xff, 0xff, 0x38, 0x0, 0x0,
    0x0, 0x0, 0x20, 0xff, 0xff, 0x38, 0x0, 0x0,
    0x0, 0x0, 0x20, 0xff, 0xff, 0x38, 0x0, 0x0,
    0x0, 0x0, 0x20, 0xff, 0xff, 0x38, 0x0, 0x0,
    0x0, 0x0, 0x20, 0xff, 0xff, 0x38, 0x0, 0x0,
    0x0, 0x0, 0x20, 0xff, 0xff, 0x38, 0x0, 0x0,
    0x0, 0x0, 0x20, 0xff, 0xff, 0x38, 0x0, 0x0,
    0x0, 0x0, 0x20, 0xff, 0xff, 0x38, 0x0, 0x0,
    0x0, 0x0, 0x20, 0xff, 0xff, 0x38, 0x0, 0x0,
    0x0, 0x0, 0x20, 0xff, 0xff, 0x38, 0x0, 0x0,
    0x0, 0x0, 0x20, 0xff, 0xff, 0x38, 0x0, 0x0,
    0x0, 0x0, 0x20, 0xff, 0xff, 0x38, 0x0, 0x0,
    0x0, 0x0, 0x20, 0xff, 0xff, 0x38, 0x0, 0x0,

    /* U+00CF "Ï" */
    0x18, 0x2a, 0x0, 0x0, 0x22, 0x20, 0x0, 0xe6,
    0xff, 0x32, 0x14, 0xfa, 0xf8, 0x10, 0xbd, 0xe9,
    0x20, 0xa, 0xdb, 0xd8, 0x8, 0x0, 0x0, 0x0,
    0x0, 0x0, 0x0, 0x0, 0x0, 0x0, 0x0, 0x0,
    0x0, 0x0, 0x0, 0x0, 0x20, 0xff, 0xff, 0x38,
    0x0, 0x0, 0x0, 0x20, 0xff, 0xff, 0x38, 0x0,
    0x0, 0x0, 0x20, 0xff, 0xff, 0x38, 0x0, 0x0,
    0x0, 0x20, 0xff, 0xff, 0x38, 0x0, 0x0, 0x0,
    0x20, 0xff, 0xff, 0x38, 0x0, 0x0, 0x0, 0x20,
    0xff, 0xff, 0x38, 0x0, 0x0, 0x0, 0x20, 0xff,
    0xff, 0x38, 0x0, 0x0, 0x0, 0x20, 0xff, 0xff,
    0x38, 0x0, 0x0, 0x0, 0x20, 0xff, 0xff, 0x38,
    0x0, 0x0, 0x0, 0x20, 0xff, 0xff, 0x38, 0x0,
    0x0, 0x0, 0x20, 0xff, 0xff, 0x38, 0x0, 0x0,
    0x0, 0x20, 0xff, 0xff, 0x38, 0x0, 0x0, 0x0,
    0x20, 0xff, 0xff, 0x38, 0x0, 0x0, 0x0, 0x20,
    0xff, 0xff, 0x38, 0x0, 0x0,

    /* U+00D0 "Ð" */
    0x0, 0x10, 0xff, 0xff, 0xff, 0xff, 0xfd, 0xeb,
    0xc2, 0x76, 0x11, 0x0, 0x0, 0x0, 0x0, 0x10,
    0xff, 0xff, 0xf5, 0xf0, 0xf3, 0xff, 0xff, 0xff,
    0xec, 0x46, 0x0, 0x0, 0x0, 0x10, 0xff, 0xff,
    0x48, 0x0, 0x0, 0x10, 0x58, 0xdc, 0xff, 0xf8,
    0x34, 0x0, 0x0, 0x10, 0xff, 0xff, 0x48, 0x0,
    0x0, 0x0, 0x0, 0x13, 0xdf, 0xff, 0xc8, 0x0,
    0x0, 0x10, 0xff, 0xff, 0x48, 0x0, 0x0, 0x0,
    0x0, 0x0, 0x60, 0xff, 0xff, 0x29, 0x0, 0x10,
    0xff, 0xff, 0x48, 0x0, 0x0, 0x0, 0x0, 0x0,
    0x19, 0xff, 0xff, 0x5d, 0x7c, 0xff, 0xff, 0xff,
    0xff, 0xff, 0xff, 0x40, 0x0, 0x0, 0x0, 0xfd,
    0xff, 0x73, 0x76, 0xf5, 0xff, 0xff, 0xf7, 0xf4,
    0xf4, 0x3d, 0x0, 0x0, 0x2, 0xfd, 0xff, 0x70,
    0x0, 0x10, 0xff, 0xff, 0x48, 0x0, 0x0, 0x0,
    0x0, 0x0, 0x20, 0xff, 0xff, 0x54, 0x0, 0x10,
    0xff, 0xff, 0x48, 0x0, 0x0, 0x0, 0x0, 0x0,
    0x6f, 0xff, 0xff, 0x1b, 0x0, 0x10, 0xff, 0xff,
    0x48, 0x0, 0x0, 0x0, 0x0, 0x22, 0xec, 0xff,
    0xb6, 0x0, 0x0, 0x10, 0xff, 0xff, 0x48, 0x0,
    0x1, 0x1f, 0x6f, 0xeb, 0xff, 0xf0, 0x25, 0x0,
    0x0, 0x10, 0xff, 0xff, 0xf7, 0xf4, 0xfb, 0xff,
    0xff, 0xff, 0xde, 0x35, 0x0, 0x0, 0x0, 0x10,
    0xff, 0xff, 0xff, 0xff, 0xf9, 0xe1, 0xb0, 0x62,
    0x7, 0x0, 0x0, 0x0,

    /* U+00D1 "Ñ" */
    0x0, 0x0, 0x0, 0x1, 0x66, 0x99, 0x36, 0x0,
    0x0, 0x64, 0x65, 0x0, 0x0, 0x0, 0x0, 0x0,
    0x6d, 0xff, 0xff, 0xfb, 0x6f, 0x15, 0xe0, 0x7a,
    0x0, 0x0, 0x0, 0x0, 0x0, 0xd3, 0x95, 0x14,
    0xa8, 0xff, 0xff, 0xf4, 0x1d, 0x0, 0x0, 0x0,
    0x0, 0x0, 0xa0, 0x2b, 0x0, 0x0, 0x61, 0x98,
    0x35, 0x0, 0x0, 0x0, 0x0, 0x0, 0x0, 0x0,
    0x0, 0x0, 0x0, 0x0, 0x0, 0x0, 0x0, 0x0,
    0x0, 0x20, 0xff, 0xff, 0xf2, 0x1b, 0x0, 0x0,
    0x0, 0x0, 0x0, 0x58, 0xff, 0xcc, 0x20, 0xff,
    0xff, 0xff, 0xae, 0x0, 0x0, 0x0, 0x0, 0x0,
    0x58, 0xff, 0xcc, 0x20, 0xff, 0xfa, 0xff, 0xff,
    0x50, 0x0, 0x0, 0x0, 0x0, 0x58, 0xff, 0xcc,
    0x20, 0xff, 0xe0, 0xa8, 0xff, 0xe3, 0xd, 0x0,
    0x0, 0x0, 0x58, 0xff, 0xcc, 0x20, 0xff, 0xed,
    0x18, 0xf0, 0xff, 0x91, 0x0, 0x0, 0x0, 0x58,
    0xff, 0xcc, 0x20, 0xff, 0xf7, 0x0, 0x68, 0xff,
    0xfd, 0x35, 0x0, 0x0, 0x58, 0xff, 0xcc, 0x20,
    0xff, 0xfe, 0x0, 0x2, 0xc6, 0xff, 0xd0, 0x4,
    0x0, 0x58, 0xff, 0xcc, 0x20, 0xff, 0xff, 0x0,
    0x0, 0x2d, 0xfb, 0xff, 0x75, 0x0, 0x57, 0xff,
    0xcc, 0x20, 0xff, 0xff, 0x0, 0x0, 0x0, 0x88,
    0xff, 0xf5, 0x21, 0x53, 0xff, 0xcc, 0x20, 0xff,
    0xff, 0x0, 0x0, 0x0, 0xa, 0xde, 0xff, 0xb8,
    0x49, 0xff, 0xcc, 0x20, 0xff, 0xff, 0x0, 0x0,
    0x0, 0x0, 0x48, 0xff, 0xff, 0x97, 0xff, 0xcc,
    0x20, 0xff, 0xff, 0x0, 0x0, 0x0, 0x0, 0x0,
    0xa8, 0xff, 0xfe, 0xff, 0xcc, 0x20, 0xff, 0xff,
    0x0, 0x0, 0x0, 0x0, 0x0, 0x18, 0xf0, 0xff,
    0xff, 0xcc, 0x20, 0xff, 0xff, 0x0, 0x0, 0x0,
    0x0, 0x0, 0x0, 0x68, 0xff, 0xff, 0xcc,

    /* U+00D2 "Ò" */
    0x0, 0x0, 0x0, 0x1f, 0xe4, 0xff, 0xa6, 0x0,
    0x0, 0x0, 0x0, 0x0, 0x0, 0x0, 0x0, 0x0,
    0x0, 0x0, 0x1f, 0xd5, 0xff, 0x6a, 0x0, 0x0,
    0x0, 0x0, 0x0, 0x0, 0x0, 0x0, 0x0, 0x0,
    0x0, 0xd, 0xad, 0xfb, 0x3c, 0x0, 0x0, 0x0,
    0x0, 0x0, 0x0, 0x0, 0x0, 0x0, 0x0, 0x0,
    0x0, 0x0, 0x0, 0x0, 0x0, 0x0, 0x0, 0x0,
    0x0, 0x0, 0x0, 0x0, 0x0, 0x0, 0x0, 0x0,
    0x0, 0x0, 0x0, 0x0, 0x0, 0x0, 0x0, 0x0,
    0x0, 0x4c, 0xad, 0xe4, 0xfa, 0xf8, 0xdb, 0x9a,
    0x2e, 0x0, 0x0, 0x0, 0x0, 0x7, 0xaa, 0xff,
    0xff, 0xff, 0xff, 0xff, 0xff, 0xff, 0xfc, 0x73,
    0x0, 0x0, 0x0, 0x99, 0xff, 0xff, 0xa0, 0x30,
    0x6, 0xa, 0x3e, 0xc0, 0xff, 0xff, 0x56, 0x0,
    0x29, 0xfe, 0xff, 0x94, 0x0, 0x0, 0x0, 0x0,
    0x0, 0x5, 0xc9, 0xff, 0xdf, 0x2, 0x80, 0xff,
    0xfa, 0x12, 0x0, 0x0, 0x0, 0x0, 0x0, 0x0,
    0x4d, 0xff, 0xff, 0x3b, 0xb3, 0xff, 0xcb, 0x0,
    0x0, 0x0, 0x0, 0x0, 0x0, 0x0, 0xb, 0xfe,
    0xff, 0x6f, 0xcb, 0xff, 0xad, 0x0, 0x0, 0x0,
    0x0, 0x0, 0x0, 0x0, 0x0, 0xed, 0xff, 0x86,
    0xcc, 0xff, 0xad, 0x0, 0x0, 0x0, 0x0, 0x0,
    0x0, 0x0, 0x0, 0xed, 0xff, 0x88, 0xb3, 0xff,
    0xcb, 0x0, 0x0, 0x0, 0x0, 0x0, 0x0, 0x0,
    0xb, 0xff, 0xff, 0x6f, 0x7f, 0xff, 0xfa, 0x14,
    0x0, 0x0, 0x0, 0x0, 0x0, 0x0, 0x4c, 0xff,
    0xff, 0x3b, 0x26, 0xfe, 0xff, 0x93, 0x0, 0x0,
    0x0, 0x0, 0x0, 0x6, 0xc9, 0xff, 0xde, 0x2,
    0x0, 0x96, 0xff, 0xff, 0x9d, 0x2c, 0x3, 0x8,
    0x3e, 0xc1, 0xff, 0xff, 0x55, 0x0, 0x0, 0x7,
    0xac, 0xff, 0xff, 0xff, 0xff, 0xff, 0xff, 0xff,
    0xfc, 0x72, 0x0, 0x0, 0x0, 0x0, 0x0, 0x4d,
    0xb0, 0xe7, 0xfc, 0xf9, 0xdc, 0x99, 0x2d, 0x0,
    0x0, 0x0,

    /* U+00D3 "Ó" */
    0x0, 0x0, 0x0, 0x0, 0x0, 0x0, 0x4, 0xc5,
    0xff, 0xd3, 0x11, 0x0, 0x0, 0x0, 0x0, 0x0,
    0x0, 0x0, 0x0, 0x0, 0x89, 0xff, 0xc0, 0x10,
    0x0, 0x0, 0x0, 0x0, 0x0, 0x0, 0x0, 0x0,
    0x0, 0x56, 0xff, 0x96, 0x6, 0x0, 0x0, 0x0,
    0x0, 0x0, 0x0, 0x0, 0x0, 0x0, 0x0, 0x0,
    0x0, 0x0, 0x0, 0x0, 0x0, 0x0, 0x0, 0x0,
    0x0, 0x0, 0x0, 0x0, 0x0, 0x0, 0x0, 0x0,
    0x0, 0x0, 0x0, 0x0, 0x0, 0x0, 0x0, 0x0,
    0x0, 0x4c, 0xad, 0xe4, 0xfa, 0xf8, 0xdb, 0x9a,
    0x2e, 0x0, 0x0, 0x0, 0x0, 0x7, 0xaa, 0xff,
    0xff, 0xff, 0xff, 0xff, 0xff, 0xff, 0xfc, 0x73,
    0x0, 0x0, 0x0, 0x99, 0xff, 0xff, 0xa0, 0x30,
    0x6, 0xa, 0x3e, 0xc0, 0xff, 0xff, 0x56, 0x0,
    0x29, 0xfe, 0xff, 0x94, 0x0, 0x0, 0x0, 0x0,
    0x0, 0x5, 0xc9, 0xff, 0xdf, 0x2, 0x80, 0xff,
    0xfa, 0x12, 0x0, 0x0, 0x0, 0x0, 0x0, 0x0,
    0x4d, 0xff, 0xff, 0x3b, 0xb3, 0xff, 0xcb, 0x0,
    0x0, 0x0, 0x0, 0x0, 0x0, 0x0, 0xb, 0xfe,
    0xff, 0x6f, 0xcb, 0xff, 0xad, 0x0, 0x0, 0x0,
    0x0, 0x0, 0x0, 0x0, 0x0, 0xed, 0xff, 0x86,
    0xcc, 0xff, 0xad, 0x0, 0x0, 0x0, 0x0, 0x0,
    0x0, 0x0, 0x0, 0xed, 0xff, 0x88, 0xb3, 0xff,
    0xcb, 0x0, 0x0, 0x0, 0x0, 0x0, 0x0, 0x0,
    0xb, 0xff, 0xff, 0x6f, 0x7f, 0xff, 0xfa, 0x14,
    0x0, 0x0, 0x0, 0x0, 0x0, 0x0, 0x4c, 0xff,
    0xff, 0x3b, 0x26, 0xfe, 0xff, 0x93, 0x0, 0x0,
    0x0, 0x0, 0x0, 0x6, 0xc9, 0xff, 0xde, 0x2,
    0x0, 0x96, 0xff, 0xff, 0x9d, 0x2c, 0x3, 0x8,
    0x3e, 0xc1, 0xff, 0xff, 0x55, 0x0, 0x0, 0x7,
    0xac, 0xff, 0xff, 0xff, 0xff, 0xff, 0xff, 0xff,
    0xfc, 0x72, 0x0, 0x0, 0x0, 0x0, 0x0, 0x4d,
    0xb0, 0xe7, 0xfc, 0xf9, 0xdc, 0x99, 0x2d, 0x0,
    0x0, 0x0,

    /* U+00D4 "Ô" */
    0x0, 0x0, 0x0, 0x0, 0x4, 0xc0, 0xff, 0xff,
    0x8c, 0x0, 0x0, 0x0, 0x0, 0x0, 0x0, 0x0,
    0x0, 0x1, 0x9e, 0xff, 0xab, 0xd0, 0xff, 0x6b,
    0x0, 0x0, 0x0, 0x0, 0x0, 0x0, 0x0, 0x90,
    0xf8, 0x73, 0x1, 0xc, 0x9a, 0xfd, 0x5f, 0x0,
    0x0, 0x0, 0x0, 0x0, 0x0, 0x0, 0x0, 0x0,
    0x0, 0x0, 0x0, 0x0, 0x0, 0x0, 0x0, 0x0,
    0x0, 0x0, 0x0, 0x0, 0x0, 0x0, 0x0, 0x0,
    0x0, 0x0, 0x0, 0x0, 0x0, 0x0, 0x0, 0x0,
    0x0, 0x4c, 0xad, 0xe4, 0xfa, 0xf8, 0xdb, 0x9a,
    0x2e, 0x0, 0x0, 0x0, 0x0, 0x7, 0xaa, 0xff,
    0xff, 0xff, 0xff, 0xff, 0xff, 0xff, 0xfc, 0x73,
    0x0, 0x0, 0x0, 0x99, 0xff, 0xff, 0xa0, 0x30,
    0x6, 0xa, 0x3e, 0xc0, 0xff, 0xff, 0x56, 0x0,
    0x29, 0xfe, 0xff, 0x94, 0x0, 0x0, 0x0, 0x0,
    0x0, 0x5, 0xc9, 0xff, 0xdf, 0x2, 0x80, 0xff,
    0xfa, 0x12, 0x0, 0x0, 0x0, 0x0, 0x0, 0x0,
    0x4d, 0xff, 0xff, 0x3b, 0xb3, 0xff, 0xcb, 0x0,
    0x0, 0x0, 0x0, 0x0, 0x0, 0x0, 0xb, 0xfe,
    0xff, 0x6f, 0xcb, 0xff, 0xad, 0x0, 0x0, 0x0,
    0x0, 0x0, 0x0, 0x0, 0x0, 0xed, 0xff, 0x86,
    0xcc, 0xff, 0xad, 0x0, 0x0, 0x0, 0x0, 0x0,
    0x0, 0x0, 0x0, 0xed, 0xff, 0x88, 0xb3, 0xff,
    0xcb, 0x0, 0x0, 0x0, 0x0, 0x0, 0x0, 0x0,
    0xb, 0xff, 0xff, 0x6f, 0x7f, 0xff, 0xfa, 0x14,
    0x0, 0x0, 0x0, 0x0, 0x0, 0x0, 0x4c, 0xff,
    0xff, 0x3b, 0x26, 0xfe, 0xff, 0x93, 0x0, 0x0,
    0x0, 0x0, 0x0, 0x6, 0xc9, 0xff, 0xde, 0x2,
    0x0, 0x96, 0xff, 0xff, 0x9d, 0x2c, 0x3, 0x8,
    0x3e, 0xc1, 0xff, 0xff, 0x55, 0x0, 0x0, 0x7,
    0xac, 0xff, 0xff, 0xff, 0xff, 0xff, 0xff, 0xff,
    0xfc, 0x72, 0x0, 0x0, 0x0, 0x0, 0x0, 0x4d,
    0xb0, 0xe7, 0xfc, 0xf9, 0xdc, 0x99, 0x2d, 0x0,
    0x0, 0x0,

    /* U+00D5 "Õ" */
    0x0, 0x0, 0x0, 0x5, 0x71, 0x9e, 0x5d, 0x5,
    0x0, 0x69, 0x68, 0x0, 0x0, 0x0, 0x0, 0x0,
    0x0, 0x8d, 0xff, 0xff, 0xff, 0xe2, 0xb1, 0xfc,
    0x68, 0x0, 0x0, 0x0, 0x0, 0x0, 0x0, 0xe9,
    0x7a, 0xe, 0x66, 0xd5, 0xf7, 0x9e, 0x4, 0x0,
    0x0, 0x0, 0x0, 0x0, 0x0, 0x0, 0x0, 0x0,
    0x0, 0x0, 0x0, 0x0, 0x0, 0x0, 0x0, 0x0,
    0x0, 0x0, 0x0, 0x0, 0x0, 0x0, 0x0, 0x0,
    0x0, 0x0, 0x0, 0x0, 0x0, 0x0, 0x0, 0x0,
    0x0, 0x4c, 0xad, 0xe4, 0xfa, 0xf8, 0xdb, 0x9a,
    0x2e, 0x0, 0x0, 0x0, 0x0, 0x7, 0xaa, 0xff,
    0xff, 0xff, 0xff, 0xff, 0xff, 0xff, 0xfc, 0x73,
    0x0, 0x0, 0x0, 0x99, 0xff, 0xff, 0xa0, 0x30,
    0x6, 0xa, 0x3e, 0xc0, 0xff, 0xff, 0x56, 0x0,
    0x29, 0xfe, 0xff, 0x94, 0x0, 0x0, 0x0, 0x0,
    0x0, 0x5, 0xc9, 0xff, 0xdf, 0x2, 0x80, 0xff,
    0xfa, 0x12, 0x0, 0x0, 0x0, 0x0, 0x0, 0x0,
    0x4d, 0xff, 0xff, 0x3b, 0xb3, 0xff, 0xcb, 0x0,
    0x0, 0x0, 0x0, 0x0, 0x0, 0x0, 0xb, 0xfe,
    0xff, 0x6f, 0xcb, 0xff, 0xad, 0x0, 0x0, 0x0,
    0x0, 0x0, 0x0, 0x0, 0x0, 0xed, 0xff, 0x86,
    0xcc, 0xff, 0xad, 0x0, 0x0, 0x0, 0x0, 0x0,
    0x0, 0x0, 0x0, 0xed, 0xff, 0x88, 0xb3, 0xff,
    0xcb, 0x0, 0x0, 0x0, 0x0, 0x0, 0x0, 0x0,
    0xb, 0xff, 0xff, 0x6f, 0x7f, 0xff, 0xfa, 0x14,
    0x0, 0x0, 0x0, 0x0, 0x0, 0x0, 0x4c, 0xff,
    0xff, 0x3b, 0x26, 0xfe, 0xff, 0x93, 0x0, 0x0,
    0x0, 0x0, 0x0, 0x6, 0xc9, 0xff, 0xde, 0x2,
    0x0, 0x96, 0xff, 0xff, 0x9d, 0x2c, 0x3, 0x8,
    0x3e, 0xc1, 0xff, 0xff, 0x55, 0x0, 0x0, 0x7,
    0xac, 0xff, 0xff, 0xff, 0xff, 0xff, 0xff, 0xff,
    0xfc, 0x72, 0x0, 0x0, 0x0, 0x0, 0x0, 0x4d,
    0xb0, 0xe7, 0xfc, 0xf9, 0xdc, 0x99, 0x2d, 0x0,
    0x0, 0x0,

    /* U+00D6 "Ö" */
    0x0, 0x0, 0x0, 0x0, 0x25, 0x1e, 0x0, 0x0,
    0x2e, 0x14, 0x0, 0x0, 0x0, 0x0, 0x0, 0x0,
    0x0, 0x1a, 0xfc, 0xf4, 0x8, 0x42, 0xff, 0xd4,
    0x0, 0x0, 0x0, 0x0, 0x0, 0x0, 0x0, 0xf,
    0xdf, 0xd1, 0x3, 0x2a, 0xef, 0xad, 0x0, 0x0,
    0x0, 0x0, 0x0, 0x0, 0x0, 0x0, 0x0, 0x0,
    0x0, 0x0, 0x0, 0x0, 0x0, 0x0, 0x0, 0x0,
    0x0, 0x0, 0x0, 0x0, 0x0, 0x0, 0x0, 0x0,
    0x0, 0x0, 0x0, 0x0, 0x0, 0x0, 0x0, 0x0,
    0x0, 0x4c, 0xad, 0xe4, 0xfa, 0xf8, 0xdb, 0x9a,
    0x2e, 0x0, 0x0, 0x0, 0x0, 0x7, 0xaa, 0xff,
    0xff, 0xff, 0xff, 0xff, 0xff, 0xff, 0xfc, 0x73,
    0x0, 0x0, 0x0, 0x99, 0xff, 0xff, 0xa0, 0x30,
    0x6, 0xa, 0x3e, 0xc0, 0xff, 0xff, 0x56, 0x0,
    0x29, 0xfe, 0xff, 0x94, 0x0, 0x0, 0x0, 0x0,
    0x0, 0x5, 0xc9, 0xff, 0xdf, 0x2, 0x80, 0xff,
    0xfa, 0x12, 0x0, 0x0, 0x0, 0x0, 0x0, 0x0,
    0x4d, 0xff, 0xff, 0x3b, 0xb3, 0xff, 0xcb, 0x0,
    0x0, 0x0, 0x0, 0x0, 0x0, 0x0, 0xb, 0xfe,
    0xff, 0x6f, 0xcb, 0xff, 0xad, 0x0, 0x0, 0x0,
    0x0, 0x0, 0x0, 0x0, 0x0, 0xed, 0xff, 0x86,
    0xcc, 0xff, 0xad, 0x0, 0x0, 0x0, 0x0, 0x0,
    0x0, 0x0, 0x0, 0xed, 0xff, 0x88, 0xb3, 0xff,
    0xcb, 0x0, 0x0, 0x0, 0x0, 0x0, 0x0, 0x0,
    0xb, 0xff, 0xff, 0x6f, 0x7f, 0xff, 0xfa, 0x14,
    0x0, 0x0, 0x0, 0x0, 0x0, 0x0, 0x4c, 0xff,
    0xff, 0x3b, 0x26, 0xfe, 0xff, 0x93, 0x0, 0x0,
    0x0, 0x0, 0x0, 0x6, 0xc9, 0xff, 0xde, 0x2,
    0x0, 0x96, 0xff, 0xff, 0x9d, 0x2c, 0x3, 0x8,
    0x3e, 0xc1, 0xff, 0xff, 0x55, 0x0, 0x0, 0x7,
    0xac, 0xff, 0xff, 0xff, 0xff, 0xff, 0xff, 0xff,
    0xfc, 0x72, 0x0, 0x0, 0x0, 0x0, 0x0, 0x4d,
    0xb0, 0xe7, 0xfc, 0xf9, 0xdc, 0x99, 0x2d, 0x0,
    0x0, 0x0,

    /* U+00D7 "×" */
    0x0, 0x38, 0x0, 0x0, 0x0, 0x0, 0x0, 0x24,
    0x12, 0x0, 0x66, 0xff, 0x7c, 0x0, 0x0, 0x0,
    0x2a, 0xe6, 0xcc, 0x4, 0x1e, 0xde, 0xff, 0x79,
    0x0, 0x2b, 0xe9, 0xfe, 0x62, 0x0, 0x0, 0x1e,
    0xde, 0xff, 0x91, 0xea, 0xfe, 0x62, 0x0, 0x0,
    0x0, 0x0, 0x1e, 0xdf, 0xff, 0xff, 0x62, 0x0,
    0x0, 0x0, 0x0, 0x0, 0x2b, 0xe9, 0xff, 0xff,
    0x78, 0x0, 0x0, 0x0, 0x0, 0x2b, 0xe9, 0xfe,
    0x77, 0xdd, 0xff, 0x78, 0x0, 0x0, 0x2b, 0xe9,
    0xfe, 0x62, 0x0, 0x1c, 0xdc, 0xff, 0x78, 0x0,
    0x56, 0xfb, 0x62, 0x0, 0x0, 0x0, 0x1a, 0xda,
    0xba, 0x3, 0x0, 0x21, 0x0, 0x0, 0x0, 0x0,
    0x0, 0x18, 0xa, 0x0,

    /* U+00D8 "Ø" */
    0x0, 0x0, 0x0, 0x0, 0x0, 0x0, 0x0, 0x0,
    0x0, 0x0, 0x1, 0x3d, 0x0, 0x0, 0x0, 0x0,
    0x0, 0x4f, 0xaf, 0xe5, 0xfa, 0xf7, 0xd6, 0x90,
    0x7f, 0xff, 0x5d, 0x0, 0x0, 0x8, 0xad, 0xff,
    0xff, 0xff, 0xff, 0xff, 0xff, 0xff, 0xff, 0xdf,
    0x8, 0x0, 0x0, 0x9c, 0xff, 0xff, 0xa0, 0x30,
    0x6, 0xc, 0x47, 0xf9, 0xff, 0xfe, 0x46, 0x0,
    0x2b, 0xff, 0xff, 0x94, 0x0, 0x0, 0x0, 0x0,
    0x84, 0xff, 0xf2, 0xff, 0xd6, 0x1, 0x82, 0xff,
    0xfa, 0x12, 0x0, 0x0, 0x0, 0x46, 0xfe, 0xb3,
    0x56, 0xff, 0xff, 0x35, 0xb5, 0xff, 0xcb, 0x0,
    0x0, 0x0, 0x18, 0xe9, 0xe4, 0x13, 0xe, 0xff,
    0xff, 0x6c, 0xcb, 0xff, 0xad, 0x0, 0x0, 0x2,
    0xbc, 0xfc, 0x3f, 0x0, 0x0, 0xef, 0xff, 0x86,
    0xcb, 0xff, 0xae, 0x0, 0x0, 0x7c, 0xff, 0x7c,
    0x0, 0x0, 0x0, 0xed, 0xff, 0x88, 0xb2, 0xff,
    0xcb, 0x0, 0x3b, 0xfc, 0xbd, 0x2, 0x0, 0x0,
    0xb, 0xff, 0xff, 0x6f, 0x7c, 0xff, 0xfc, 0x27,
    0xe4, 0xea, 0x18, 0x0, 0x0, 0x0, 0x4c, 0xff,
    0xff, 0x3d, 0x23, 0xfd, 0xff, 0xf0, 0xfe, 0x46,
    0x0, 0x0, 0x0, 0x6, 0xc9, 0xff, 0xe1, 0x3,
    0x0, 0x8f, 0xff, 0xff, 0xd4, 0x2c, 0x3, 0x8,
    0x3e, 0xc1, 0xff, 0xff, 0x55, 0x0, 0x0, 0x2e,
    0xff, 0xff, 0xff, 0xff, 0xff, 0xff, 0xff, 0xff,
    0xfc, 0x72, 0x0, 0x0, 0x0, 0xb0, 0xf9, 0x62,
    0xaa, 0xe4, 0xfb, 0xf9, 0xdc, 0x99, 0x2d, 0x0,
    0x0, 0x0, 0x0, 0xe, 0x46, 0x0, 0x0, 0x0,
    0x0, 0x0, 0x0, 0x0, 0x0, 0x0, 0x0, 0x0,

    /* U+00D9 "Ù" */
    0x0, 0x0, 0x0, 0x76, 0xff, 0xfc, 0x38, 0x0,
    0x0, 0x0, 0x0, 0x0, 0x0, 0x0, 0x0, 0x0,
    0x0, 0x69, 0xfc, 0xe1, 0x14, 0x0, 0x0, 0x0,
    0x0, 0x0, 0x0, 0x0, 0x0, 0x0, 0x0, 0x44,
    0xea, 0xc2, 0x1, 0x0, 0x0, 0x0, 0x0, 0x0,
    0x0, 0x0, 0x0, 0x0, 0x0, 0x0, 0x0, 0x0,
    0x0, 0x0, 0x0, 0x0, 0x0, 0x0, 0x0, 0x0,
    0x0, 0x0, 0x0, 0x0, 0x0, 0x0, 0x0, 0x0,
    0x0, 0x3c, 0xff, 0xff, 0x1c, 0x0, 0x0, 0x0,
    0x0, 0x0, 0x40, 0xff, 0xff, 0x18, 0x3c, 0xff,
    0xff, 0x1c, 0x0, 0x0, 0x0, 0x0, 0x0, 0x40,
    0xff, 0xff, 0x18, 0x3c, 0xff, 0xff, 0x1c, 0x0,
    0x0, 0x0, 0x0, 0x0, 0x40, 0xff, 0xff, 0x18,
    0x3c, 0xff, 0xff, 0x1c, 0x0, 0x0, 0x0, 0x0,
    0x0, 0x40, 0xff, 0xff, 0x18, 0x3c, 0xff, 0xff,
    0x1c, 0x0, 0x0, 0x0, 0x0, 0x0, 0x40, 0xff,
    0xff, 0x18, 0x3c, 0xff, 0xff, 0x1c, 0x0, 0x0,
    0x0, 0x0, 0x0, 0x40, 0xff, 0xff, 0x18, 0x3c,
    0xff, 0xff, 0x1c, 0x0, 0x0, 0x0, 0x0, 0x0,
    0x40, 0xff, 0xff, 0x18, 0x3c, 0xff, 0xff, 0x1c,
    0x0, 0x0, 0x0, 0x0, 0x0, 0x40, 0xff, 0xff,
    0x18, 0x3c, 0xff, 0xff, 0x1d, 0x0, 0x0, 0x0,
    0x0, 0x0, 0x41, 0xff, 0xff, 0x18, 0x32, 0xff,
    0xff, 0x31, 0x0, 0x0, 0x0, 0x0, 0x0, 0x53,
    0xff, 0xff, 0xd, 0xd, 0xf9, 0xff, 0x7d, 0x0,
    0x0, 0x0, 0x0, 0x0, 0xa2, 0xff, 0xdd, 0x0,
    0x0, 0x9f, 0xff, 0xf9, 0x6f, 0x14, 0x0, 0x19,
    0x82, 0xff, 0xff, 0x73, 0x0, 0x0, 0x12, 0xd0,
    0xff, 0xff, 0xff, 0xfe, 0xff, 0xff, 0xff, 0xa9,
    0x4, 0x0, 0x0, 0x0, 0xa, 0x78, 0xcb, 0xf5,
    0xfe, 0xec, 0xbb, 0x58, 0x1, 0x0, 0x0,

    /* U+00DA "Ú" */
    0x0, 0x0, 0x0, 0x0, 0x0, 0x0, 0x3d, 0xfe,
    0xff, 0x73, 0x0, 0x0, 0x0, 0x0, 0x0, 0x0,
    0x0, 0x0, 0x17, 0xe5, 0xfb, 0x64, 0x0, 0x0,
    0x0, 0x0, 0x0, 0x0, 0x0, 0x0, 0x2, 0xc5,
    0xe9, 0x41, 0x0, 0x0, 0x0, 0x0, 0x0, 0x0,
    0x0, 0x0, 0x0, 0x0, 0x0, 0x0, 0x0, 0x0,
    0x0, 0x0, 0x0, 0x0, 0x0, 0x0, 0x0, 0x0,
    0x0, 0x0, 0x0, 0x0, 0x0, 0x0, 0x0, 0x0,
    0x0, 0x3c, 0xff, 0xff, 0x1c, 0x0, 0x0, 0x0,
    0x0, 0x0, 0x40, 0xff, 0xff, 0x18, 0x3c, 0xff,
    0xff, 0x1c, 0x0, 0x0, 0x0, 0x0, 0x0, 0x40,
    0xff, 0xff, 0x18, 0x3c, 0xff, 0xff, 0x1c, 0x0,
    0x0, 0x0, 0x0, 0x0, 0x40, 0xff, 0xff, 0x18,
    0x3c, 0xff, 0xff, 0x1c, 0x0, 0x0, 0x0, 0x0,
    0x0, 0x40, 0xff, 0xff, 0x18, 0x3c, 0xff, 0xff,
    0x1c, 0x0, 0x0, 0x0, 0x0, 0x0, 0x40, 0xff,
    0xff, 0x18, 0x3c, 0xff, 0xff, 0x1c, 0x0, 0x0,
    0x0, 0x0, 0x0, 0x40, 0xff, 0xff, 0x18, 0x3c,
    0xff, 0xff, 0x1c, 0x0, 0x0, 0x0, 0x0, 0x0,
    0x40, 0xff, 0xff, 0x18, 0x3c, 0xff, 0xff, 0x1c,
    0x0, 0x0, 0x0, 0x0, 0x0, 0x40, 0xff, 0xff,
    0x18, 0x3c, 0xff, 0xff, 0x1d, 0x0, 0x0, 0x0,
    0x0, 0x0, 0x41, 0xff, 0xff, 0x18, 0x32, 0xff,
    0xff, 0x31, 0x0, 0x0, 0x0, 0x0, 0x0, 0x53,
    0xff, 0xff, 0xd, 0xd, 0xf9, 0xff, 0x7d, 0x0,
    0x0, 0x0, 0x0, 0x0, 0xa2, 0xff, 0xdd, 0x0,
    0x0, 0x9f, 0xff, 0xf9, 0x6f, 0x14, 0x0, 0x19,
    0x82, 0xff, 0xff, 0x73, 0x0, 0x0, 0x12, 0xd0,
    0xff, 0xff, 0xff, 0xfe, 0xff, 0xff, 0xff, 0xa9,
    0x4, 0x0, 0x0, 0x0, 0xa, 0x78, 0xcb, 0xf5,
    0xfe, 0xec, 0xbb, 0x58, 0x1, 0x0, 0x0,

    /* U+00DB "Û" */
    0x0, 0x0, 0x0, 0x0, 0x38, 0xfb, 0xff, 0xf4,
    0x28, 0x0, 0x0, 0x0, 0x0, 0x0, 0x0, 0x0,
    0x25, 0xea, 0xf4, 0x8d, 0xfb, 0xdf, 0x1b, 0x0,
    0x0, 0x0, 0x0, 0x0, 0x1d, 0xe2, 0xd0, 0x2c,
    0x0, 0x3b, 0xdc, 0xda, 0x15, 0x0, 0x0, 0x0,
    0x0, 0x0, 0x0, 0x0, 0x0, 0x0, 0x0, 0x0,
    0x0, 0x0, 0x0, 0x0, 0x0, 0x0, 0x0, 0x0,
    0x0, 0x0, 0x0, 0x0, 0x0, 0x0, 0x0, 0x0,
    0x0, 0x3c, 0xff, 0xff, 0x1c, 0x0, 0x0, 0x0,
    0x0, 0x0, 0x40, 0xff, 0xff, 0x18, 0x3c, 0xff,
    0xff, 0x1c, 0x0, 0x0, 0x0, 0x0, 0x0, 0x40,
    0xff, 0xff, 0x18, 0x3c, 0xff, 0xff, 0x1c, 0x0,
    0x0, 0x0, 0x0, 0x0, 0x40, 0xff, 0xff, 0x18,
    0x3c, 0xff, 0xff, 0x1c, 0x0, 0x0, 0x0, 0x0,
    0x0, 0x40, 0xff, 0xff, 0x18, 0x3c, 0xff, 0xff,
    0x1c, 0x0, 0x0, 0x0, 0x0, 0x0, 0x40, 0xff,
    0xff, 0x18, 0x3c, 0xff, 0xff, 0x1c, 0x0, 0x0,
    0x0, 0x0, 0x0, 0x40, 0xff, 0xff, 0x18, 0x3c,
    0xff, 0xff, 0x1c, 0x0, 0x0, 0x0, 0x0, 0x0,
    0x40, 0xff, 0xff, 0x18, 0x3c, 0xff, 0xff, 0x1c,
    0x0, 0x0, 0x0, 0x0, 0x0, 0x40, 0xff, 0xff,
    0x18, 0x3c, 0xff, 0xff, 0x1d, 0x0, 0x0, 0x0,
    0x0, 0x0, 0x41, 0xff, 0xff, 0x18, 0x32, 0xff,
    0xff, 0x31, 0x0, 0x0, 0x0, 0x0, 0x0, 0x53,
    0xff, 0xff, 0xd, 0xd, 0xf9, 0xff, 0x7d, 0x0,
    0x0, 0x0, 0x0, 0x0, 0xa2, 0xff, 0xdd, 0x0,
    0x0, 0x9f, 0xff, 0xf9, 0x6f, 0x14, 0x0, 0x19,
    0x82, 0xff, 0xff, 0x73, 0x0, 0x0, 0x12, 0xd0,
    0xff, 0xff, 0xff, 0xfe, 0xff, 0xff, 0xff, 0xa9,
    0x4, 0x0, 0x0, 0x0, 0xa, 0x78, 0xcb, 0xf5,
    0xfe, 0xec, 0xbb, 0x58, 0x1, 0x0, 0x0,

    /* U+00DC "Ü" */
    0x0, 0x0, 0x0, 0x5, 0x36, 0x6, 0x0, 0xd,
    0x36, 0x1, 0x0, 0x0, 0x0, 0x0, 0x0, 0x0,
    0x87, 0xff, 0x8c, 0x0, 0xb1, 0xff, 0x64, 0x0,
    0x0, 0x0, 0x0, 0x0, 0x0, 0x65, 0xf6, 0x69,
    0x0, 0x8b, 0xf6, 0x46, 0x0, 0x0, 0x0, 0x0,
    0x0, 0x0, 0x0, 0x0, 0x0, 0x0, 0x0, 0x0,
    0x0, 0x0, 0x0, 0x0, 0x0, 0x0, 0x0, 0x0,
    0x0, 0x0, 0x0, 0x0, 0x0, 0x0, 0x0, 0x0,
    0x0, 0x3c, 0xff, 0xff, 0x1c, 0x0, 0x0, 0x0,
    0x0, 0x0, 0x40, 0xff, 0xff, 0x18, 0x3c, 0xff,
    0xff, 0x1c, 0x0, 0x0, 0x0, 0x0, 0x0, 0x40,
    0xff, 0xff, 0x18, 0x3c, 0xff, 0xff, 0x1c, 0x0,
    0x0, 0x0, 0x0, 0x0, 0x40, 0xff, 0xff, 0x18,
    0x3c, 0xff, 0xff, 0x1c, 0x0, 0x0, 0x0, 0x0,
    0x0, 0x40, 0xff, 0xff, 0x18, 0x3c, 0xff, 0xff,
    0x1c, 0x0, 0x0, 0x0, 0x0, 0x0, 0x40, 0xff,
    0xff, 0x18, 0x3c, 0xff, 0xff, 0x1c, 0x0, 0x0,
    0x0, 0x0, 0x0, 0x40, 0xff, 0xff, 0x18, 0x3c,
    0xff, 0xff, 0x1c, 0x0, 0x0, 0x0, 0x0, 0x0,
    0x40, 0xff, 0xff, 0x18, 0x3c, 0xff, 0xff, 0x1c,
    0x0, 0x0, 0x0, 0x0, 0x0, 0x40, 0xff, 0xff,
    0x18, 0x3c, 0xff, 0xff, 0x1d, 0x0, 0x0, 0x0,
    0x0, 0x0, 0x41, 0xff, 0xff, 0x18, 0x32, 0xff,
    0xff, 0x31, 0x0, 0x0, 0x0, 0x0, 0x0, 0x53,
    0xff, 0xff, 0xd, 0xd, 0xf9, 0xff, 0x7d, 0x0,
    0x0, 0x0, 0x0, 0x0, 0xa2, 0xff, 0xdd, 0x0,
    0x0, 0x9f, 0xff, 0xf9, 0x6f, 0x14, 0x0, 0x19,
    0x82, 0xff, 0xff, 0x73, 0x0, 0x0, 0x12, 0xd0,
    0xff, 0xff, 0xff, 0xfe, 0xff, 0xff, 0xff, 0xa9,
    0x4, 0x0, 0x0, 0x0, 0xa, 0x78, 0xcb, 0xf5,
    0xfe, 0xec, 0xbb, 0x58, 0x1, 0x0, 0x0,

    /* U+00DD "Ý" */
    0x0, 0x0, 0x0, 0x0, 0x0, 0x0, 0x7c, 0xc4,
    0xbd, 0x19, 0x0, 0x0, 0x0, 0x0, 0x0, 0x0,
    0x0, 0x37, 0xfd, 0xfa, 0x4e, 0x0, 0x0, 0x0,
    0x0, 0x0, 0x0, 0x0, 0xc, 0xdb, 0xf6, 0x48,
    0x0, 0x0, 0x0, 0x0, 0x0, 0x0, 0x0, 0x0,
    0x47, 0x98, 0x36, 0x0, 0x0, 0x0, 0x0, 0x0,
    0x0, 0x0, 0x0, 0x0, 0x0, 0x0, 0x0, 0x0,
    0x0, 0x0, 0x0, 0x0, 0xba, 0xff, 0xce, 0x1,
    0x0, 0x0, 0x0, 0x0, 0xb, 0xe8, 0xff, 0x92,
    0x2f, 0xfe, 0xff, 0x53, 0x0, 0x0, 0x0, 0x0,
    0x79, 0xff, 0xef, 0x13, 0x0, 0xa0, 0xff, 0xd6,
    0x3, 0x0, 0x0, 0x10, 0xee, 0xff, 0x76, 0x0,
    0x0, 0x1c, 0xf7, 0xff, 0x5d, 0x0, 0x0, 0x83,
    0xff, 0xdf, 0x7, 0x0, 0x0, 0x0, 0x87, 0xff,
    0xdd, 0x5, 0x15, 0xf4, 0xff, 0x5a, 0x0, 0x0,
    0x0, 0x0, 0xf, 0xeb, 0xff, 0x67, 0x8f, 0xff,
    0xc9, 0x1, 0x0, 0x0, 0x0, 0x0, 0x0, 0x6e,
    0xff, 0xe6, 0xf8, 0xff, 0x3d, 0x0, 0x0, 0x0,
    0x0, 0x0, 0x0, 0x5, 0xdc, 0xff, 0xff, 0xae,
    0x0, 0x0, 0x0, 0x0, 0x0, 0x0, 0x0, 0x0,
    0x5c, 0xff, 0xff, 0x2f, 0x0, 0x0, 0x0, 0x0,
    0x0, 0x0, 0x0, 0x0, 0x40, 0xff, 0xff, 0x18,
    0x0, 0x0, 0x0, 0x0, 0x0, 0x0, 0x0, 0x0,
    0x40, 0xff, 0xff, 0x18, 0x0, 0x0, 0x0, 0x0,
    0x0, 0x0, 0x0, 0x0, 0x40, 0xff, 0xff, 0x18,
    0x0, 0x0, 0x0, 0x0, 0x0, 0x0, 0x0, 0x0,
    0x40, 0xff, 0xff, 0x18, 0x0, 0x0, 0x0, 0x0,
    0x0, 0x0, 0x0, 0x0, 0x40, 0xff, 0xff, 0x18,
    0x0, 0x0, 0x0, 0x0,

    /* U+00DE "Þ" */
    0x20, 0xff, 0xff, 0x38, 0x0, 0x0, 0x0, 0x0,
    0x0, 0x0, 0x0, 0x20, 0xff, 0xff, 0x38, 0x0,
    0x0, 0x0, 0x0, 0x0, 0x0, 0x0, 0x20, 0xff,
    0xff, 0xf4, 0xf0, 0xec, 0xd7, 0xa1, 0x36, 0x0,
    0x0, 0x20, 0xff, 0xff, 0xff, 0xff, 0xff, 0xff,
    0xff, 0xfd, 0x5a, 0x0, 0x20, 0xff, 0xff, 0x38,
    0x0, 0xc, 0x43, 0xd5, 0xff, 0xf0, 0xb, 0x20,
    0xff, 0xff, 0x38, 0x0, 0x0, 0x0, 0x38, 0xff,
    0xff, 0x42, 0x20, 0xff, 0xff, 0x38, 0x0, 0x0,
    0x0, 0x11, 0xff, 0xff, 0x55, 0x20, 0xff, 0xff,
    0x38, 0x0, 0x0, 0x0, 0x3a, 0xff, 0xff, 0x3a,
    0x20, 0xff, 0xff, 0x38, 0x0, 0x3, 0x3b, 0xd6,
    0xff, 0xe1, 0x4, 0x20, 0xff, 0xff, 0xf0, 0xed,
    0xfb, 0xff, 0xff, 0xf7, 0x42, 0x0, 0x20, 0xff,
    0xff, 0xff, 0xff, 0xf9, 0xdd, 0x99, 0x26, 0x0,
    0x0, 0x20, 0xff, 0xff, 0x38, 0x0, 0x0, 0x0,
    0x0, 0x0, 0x0, 0x0, 0x20, 0xff, 0xff, 0x38,
    0x0, 0x0, 0x0, 0x0, 0x0, 0x0, 0x0, 0x20,
    0xff, 0xff, 0x38, 0x0, 0x0, 0x0, 0x0, 0x0,
    0x0, 0x0,

    /* U+00DF "ß" */
    0x0, 0x1, 0x5d, 0xbd, 0xef, 0xfe, 0xf2, 0xc8,
    0x6f, 0x6, 0x0, 0x0, 0x0, 0x94, 0xff, 0xff,
    0xf2, 0xd8, 0xf0, 0xff, 0xff, 0xb9, 0x1, 0x0,
    0x26, 0xff, 0xff, 0x83, 0x4, 0x0, 0x3, 0x7d,
    0xff, 0xff, 0x2d, 0x0, 0x56, 0xff, 0xf8, 0x4,
    0x0, 0x0, 0x0, 0x27, 0xff, 0xff, 0x2a, 0x0,
    0x5c, 0xff, 0xf0, 0x0, 0x0, 0x0, 0xc, 0xb8,
    0xff, 0xb3, 0x0, 0x0, 0x5c, 0xff, 0xf0, 0x0,
    0x0, 0x21, 0xd9, 0xff, 0xa3, 0x9, 0x0, 0x0,
    0x5c, 0xff, 0xf0, 0x0, 0x0, 0xb8, 0xff, 0x9f,
    0x0, 0x0, 0x0, 0x0, 0x5c, 0xff, 0xf0, 0x0,
    0x0, 0xc9, 0xff, 0xbf, 0xe, 0x0, 0x0, 0x0,
    0x5c, 0xff, 0xf0, 0x0, 0x0, 0x51, 0xfc, 0xff,
    0xe2, 0x48, 0x0, 0x0, 0x5c, 0xff, 0xf0, 0x0,
    0x0, 0x0, 0x39, 0xd4, 0xff, 0xff, 0x7f, 0x0,
    0x5c, 0xff, 0xf0, 0x0, 0x0, 0x0, 0x0, 0x5,
    0x8a, 0xff, 0xff, 0x3f, 0x5c, 0xff, 0xf0, 0x0,
    0x0, 0x0, 0x0, 0x0, 0x0, 0xdb, 0xff, 0x81,
    0x5c, 0xff, 0xf0, 0x0, 0x2e, 0x19, 0x0, 0x0,
    0x12, 0xed, 0xff, 0x74, 0x5c, 0xff, 0xf0, 0x0,
    0x78, 0xfe, 0xd0, 0xbd, 0xec, 0xff, 0xf2, 0x1e,
    0x5c, 0xff, 0xf0, 0x0, 0x3b, 0xc5, 0xf3, 0xff,
    0xeb, 0xb0, 0x2e, 0x0,

    /* U+00E0 "à" */
    0x0, 0x0, 0x2a, 0xeb, 0xff, 0x93, 0x0, 0x0,
    0x0, 0x0, 0x0, 0x0, 0x0, 0x0, 0x27, 0xdc,
    0xff, 0x57, 0x0, 0x0, 0x0, 0x0, 0x0, 0x0,
    0x0, 0x0, 0x12, 0xb4, 0xee, 0x2c, 0x0, 0x0,
    0x0, 0x0, 0x0, 0x0, 0x0, 0x0, 0x0, 0x0,
    0x0, 0x0, 0x0, 0x0, 0x0, 0x0, 0x4c, 0xa9,
    0xe2, 0xfd, 0xf9, 0xce, 0x69, 0x1, 0x0, 0x0,
    0x0, 0xca, 0xff, 0xed, 0xc5, 0xe1, 0xff, 0xff,
    0x77, 0x0, 0x0, 0x0, 0x45, 0x4d, 0x3, 0x0,
    0x2, 0xab, 0xff, 0xe2, 0x0, 0x0, 0x0, 0x0,
    0x0, 0x0, 0x0, 0x0, 0x4c, 0xff, 0xff, 0x5,
    0x0, 0x0, 0x0, 0x0, 0xc, 0x1e, 0x20, 0x55,
    0xff, 0xff, 0x8, 0x0, 0xc, 0x88, 0xe1, 0xff,
    0xff, 0xff, 0xff, 0xff, 0xff, 0x8, 0x0, 0xb5,
    0xff, 0xf6, 0x8c, 0x5b, 0x50, 0x7c, 0xff, 0xff,
    0x8, 0x14, 0xff, 0xff, 0x65, 0x0, 0x0, 0x0,
    0x4b, 0xff, 0xff, 0x8, 0x14, 0xff, 0xff, 0x57,
    0x0, 0x0, 0x5, 0xb5, 0xff, 0xff, 0x8, 0x0,
    0xc0, 0xff, 0xf0, 0x9a, 0x99, 0xdd, 0xcc, 0xfa,
    0xff, 0x8, 0x0, 0x16, 0xa3, 0xef, 0xfe, 0xe4,
    0x8e, 0xc, 0xbe, 0xff, 0x8,

    /* U+00E1 "á" */
    0x0, 0x0, 0x0, 0x0, 0x0, 0x9, 0xd5, 0xff,
    0xc5, 0x9, 0x0, 0x0, 0x0, 0x0, 0x0, 0x0,
    0x9f, 0xff, 0xad, 0xa, 0x0, 0x0, 0x0, 0x0,
    0x0, 0x0, 0x66, 0xf7, 0x7f, 0x2, 0x0, 0x0,
    0x0, 0x0, 0x0, 0x0, 0x0, 0x0, 0x0, 0x0,
    0x0, 0x0, 0x0, 0x0, 0x0, 0x0, 0x4c, 0xa9,
    0xe2, 0xfd, 0xf9, 0xce, 0x69, 0x1, 0x0, 0x0,
    0x0, 0xca, 0xff, 0xed, 0xc5, 0xe1, 0xff, 0xff,
    0x77, 0x0, 0x0, 0x0, 0x45, 0x4d, 0x3, 0x0,
    0x2, 0xab, 0xff, 0xe2, 0x0, 0x0, 0x0, 0x0,
    0x0, 0x0, 0x0, 0x0, 0x4c, 0xff, 0xff, 0x5,
    0x0, 0x0, 0x0, 0x0, 0xc, 0x1e, 0x20, 0x55,
    0xff, 0xff, 0x8, 0x0, 0xc, 0x88, 0xe1, 0xff,
    0xff, 0xff, 0xff, 0xff, 0xff, 0x8, 0x0, 0xb5,
    0xff, 0xf6, 0x8c, 0x5b, 0x50, 0x7c, 0xff, 0xff,
    0x8, 0x14, 0xff, 0xff, 0x65, 0x0, 0x0, 0x0,
    0x4b, 0xff, 0xff, 0x8, 0x14, 0xff, 0xff, 0x57,
    0x0, 0x0, 0x5, 0xb5, 0xff, 0xff, 0x8, 0x0,
    0xc0, 0xff, 0xf0, 0x9a, 0x99, 0xdd, 0xcc, 0xfa,
    0xff, 0x8, 0x0, 0x16, 0xa3, 0xef, 0xfe, 0xe4,
    0x8e, 0xc, 0xbe, 0xff, 0x8,

    /* U+00E2 "â" */
    0x0, 0x0, 0x0, 0x9, 0xcf, 0xff, 0xff, 0x79,
    0x0, 0x0, 0x0, 0x0, 0x0, 0x4, 0xb1, 0xff,
    0x99, 0xd9, 0xfe, 0x5c, 0x0, 0x0, 0x0, 0x0,
    0x9e, 0xeb, 0x5e, 0x0, 0xf, 0xa1, 0xf4, 0x4c,
    0x0, 0x0, 0x0, 0x0, 0x0, 0x0, 0x0, 0x0,
    0x0, 0x0, 0x0, 0x0, 0x0, 0x0, 0x4c, 0xa9,
    0xe2, 0xfd, 0xf9, 0xce, 0x69, 0x1, 0x0, 0x0,
    0x0, 0xca, 0xff, 0xed, 0xc5, 0xe1, 0xff, 0xff,
    0x77, 0x0, 0x0, 0x0, 0x45, 0x4d, 0x3, 0x0,
    0x2, 0xab, 0xff, 0xe2, 0x0, 0x0, 0x0, 0x0,
    0x0, 0x0, 0x0, 0x0, 0x4c, 0xff, 0xff, 0x5,
    0x0, 0x0, 0x0, 0x0, 0xc, 0x1e, 0x20, 0x55,
    0xff, 0xff, 0x8, 0x0, 0xc, 0x88, 0xe1, 0xff,
    0xff, 0xff, 0xff, 0xff, 0xff, 0x8, 0x0, 0xb5,
    0xff, 0xf6, 0x8c, 0x5b, 0x50, 0x7c, 0xff, 0xff,
    0x8, 0x14, 0xff, 0xff, 0x65, 0x0, 0x0, 0x0,
    0x4b, 0xff, 0xff, 0x8, 0x14, 0xff, 0xff, 0x57,
    0x0, 0x0, 0x5, 0xb5, 0xff, 0xff, 0x8, 0x0,
    0xc0, 0xff, 0xf0, 0x9a, 0x99, 0xdd, 0xcc, 0xfa,
    0xff, 0x8, 0x0, 0x16, 0xa3, 0xef, 0xfe, 0xe4,
    0x8e, 0xc, 0xbe, 0xff, 0x8,

    /* U+00E3 "ã" */
    0x0, 0x0, 0x23, 0xcf, 0xf6, 0x95, 0xd, 0x0,
    0xc0, 0x86, 0x0, 0x0, 0x0, 0xba, 0xe6, 0xb9,
    0xff, 0xe6, 0xb9, 0xff, 0x3f, 0x0, 0x0, 0x6,
    0xfb, 0x4a, 0x0, 0x3d, 0xd0, 0xf4, 0x80, 0x0,
    0x0, 0x0, 0x0, 0x0, 0x0, 0x0, 0x0, 0x0,
    0x0, 0x0, 0x0, 0x0, 0x0, 0x0, 0x4c, 0xa9,
    0xe2, 0xfd, 0xf9, 0xce, 0x69, 0x1, 0x0, 0x0,
    0x0, 0xca, 0xff, 0xed, 0xc5, 0xe1, 0xff, 0xff,
    0x77, 0x0, 0x0, 0x0, 0x45, 0x4d, 0x3, 0x0,
    0x2, 0xab, 0xff, 0xe2, 0x0, 0x0, 0x0, 0x0,
    0x0, 0x0, 0x0, 0x0, 0x4c, 0xff, 0xff, 0x5,
    0x0, 0x0, 0x0, 0x0, 0xc, 0x1e, 0x20, 0x55,
    0xff, 0xff, 0x8, 0x0, 0xc, 0x88, 0xe1, 0xff,
    0xff, 0xff, 0xff, 0xff, 0xff, 0x8, 0x0, 0xb5,
    0xff, 0xf6, 0x8c, 0x5b, 0x50, 0x7c, 0xff, 0xff,
    0x8, 0x14, 0xff, 0xff, 0x65, 0x0, 0x0, 0x0,
    0x4b, 0xff, 0xff, 0x8, 0x14, 0xff, 0xff, 0x57,
    0x0, 0x0, 0x5, 0xb5, 0xff, 0xff, 0x8, 0x0,
    0xc0, 0xff, 0xf0, 0x9a, 0x99, 0xdd, 0xcc, 0xfa,
    0xff, 0x8, 0x0, 0x16, 0xa3, 0xef, 0xfe, 0xe4,
    0x8e, 0xc, 0xbe, 0xff, 0x8,

    /* U+00E4 "ä" */
    0x0, 0x0, 0x1b, 0xe9, 0xc0, 0x0, 0x3b, 0xf3,
    0x9a, 0x0, 0x0, 0x0, 0x0, 0x2b, 0xff, 0xe8,
    0x0, 0x54, 0xff, 0xc0, 0x0, 0x0, 0x0, 0x0,
    0x0, 0x2d, 0x1b, 0x0, 0x0, 0x37, 0x10, 0x0,
    0x0, 0x0, 0x0, 0x0, 0x0, 0x0, 0x0, 0x0,
    0x0, 0x0, 0x0, 0x0, 0x0, 0x0, 0x4c, 0xa9,
    0xe2, 0xfd, 0xf9, 0xce, 0x69, 0x1, 0x0, 0x0,
    0x0, 0xca, 0xff, 0xed, 0xc5, 0xe1, 0xff, 0xff,
    0x77, 0x0, 0x0, 0x0, 0x45, 0x4d, 0x3, 0x0,
    0x2, 0xab, 0xff, 0xe2, 0x0, 0x0, 0x0, 0x0,
    0x0, 0x0, 0x0, 0x0, 0x4c, 0xff, 0xff, 0x5,
    0x0, 0x0, 0x0, 0x0, 0xc, 0x1e, 0x20, 0x55,
    0xff, 0xff, 0x8, 0x0, 0xc, 0x88, 0xe1, 0xff,
    0xff, 0xff, 0xff, 0xff, 0xff, 0x8, 0x0, 0xb5,
    0xff, 0xf6, 0x8c, 0x5b, 0x50, 0x7c, 0xff, 0xff,
    0x8, 0x14, 0xff, 0xff, 0x65, 0x0, 0x0, 0x0,
    0x4b, 0xff, 0xff, 0x8, 0x14, 0xff, 0xff, 0x57,
    0x0, 0x0, 0x5, 0xb5, 0xff, 0xff, 0x8, 0x0,
    0xc0, 0xff, 0xf0, 0x9a, 0x99, 0xdd, 0xcc, 0xfa,
    0xff, 0x8, 0x0, 0x16, 0xa3, 0xef, 0xfe, 0xe4,
    0x8e, 0xc, 0xbe, 0xff, 0x8,

    /* U+00E5 "å" */
    0x0, 0x0, 0x0, 0x1, 0x8c, 0xf1, 0xdd, 0x47,
    0x0, 0x0, 0x0, 0x0, 0x0, 0x0, 0x49, 0xf8,
    0x4c, 0x8f, 0xee, 0x6, 0x0, 0x0, 0x0, 0x0,
    0x0, 0x74, 0xc9, 0x0, 0x25, 0xff, 0x24, 0x0,
    0x0, 0x0, 0x0, 0x0, 0x55, 0xef, 0x15, 0x65,
    0xf7, 0xb, 0x0, 0x0, 0x0, 0x0, 0x0, 0x6,
    0xb8, 0xfd, 0xfa, 0x69, 0x0, 0x0, 0x0, 0x0,
    0x0, 0x0, 0x0, 0x0, 0x1d, 0xf, 0x0, 0x0,
    0x0, 0x0, 0x0, 0x0, 0x4c, 0xa9, 0xe2, 0xfd,
    0xf9, 0xce, 0x69, 0x1, 0x0, 0x0, 0x0, 0xca,
    0xff, 0xed, 0xc5, 0xe1, 0xff, 0xff, 0x77, 0x0,
    0x0, 0x0, 0x45, 0x4d, 0x3, 0x0, 0x2, 0xab,
    0xff, 0xe2, 0x0, 0x0, 0x0, 0x0, 0x0, 0x0,
    0x0, 0x0, 0x4c, 0xff, 0xff, 0x5, 0x0, 0x0,
    0x0, 0x0, 0xc, 0x1e, 0x20, 0x55, 0xff, 0xff,
    0x8, 0x0, 0xc, 0x88, 0xe1, 0xff, 0xff, 0xff,
    0xff, 0xff, 0xff, 0x8, 0x0, 0xb5, 0xff, 0xf6,
    0x8c, 0x5b, 0x50, 0x7c, 0xff, 0xff, 0x8, 0x14,
    0xff, 0xff, 0x65, 0x0, 0x0, 0x0, 0x4b, 0xff,
    0xff, 0x8, 0x14, 0xff, 0xff, 0x57, 0x0, 0x0,
    0x5, 0xb5, 0xff, 0xff, 0x8, 0x0, 0xc0, 0xff,
    0xf0, 0x9a, 0x99, 0xdd, 0xcc, 0xfa, 0xff, 0x8,
    0x0, 0x16, 0xa3, 0xef, 0xfe, 0xe4, 0x8e, 0xc,
    0xbe, 0xff, 0x8,

    /* U+00E6 "æ" */
    0x0, 0x4, 0x59, 0xb1, 0xe7, 0xfd, 0xf1, 0xb1,
    0x26, 0x15, 0x9b, 0xe8, 0xfc, 0xe1, 0x8b, 0xc,
    0x0, 0x0, 0x4, 0xe1, 0xff, 0xdf, 0xc4, 0xe7,
    0xff, 0xe6, 0xd8, 0xff, 0xe6, 0xc5, 0xf2, 0xff,
    0xc7, 0x6, 0x0, 0x0, 0x3f, 0x28, 0x0, 0x0,
    0x7, 0xc5, 0xff, 0xff, 0x9c, 0x4, 0x0, 0x18,
    0xe2, 0xff, 0x6a, 0x0, 0x0, 0x0, 0x0, 0x0,
    0x0, 0x0, 0x7c, 0xff, 0xfe, 0x14, 0x0, 0x0,
    0x0, 0x85, 0xff, 0xb8, 0x0, 0x0, 0x11, 0x62,
    0x92, 0xa2, 0xa4, 0xcf, 0xff, 0xfa, 0xa4, 0xa4,
    0xa4, 0xa4, 0xcb, 0xff, 0xd5, 0x0, 0x42, 0xef,
    0xff, 0xff, 0xff, 0xff, 0xff, 0xff, 0xff, 0xff,
    0xff, 0xff, 0xff, 0xff, 0xff, 0xd8, 0x2, 0xe3,
    0xff, 0xd0, 0x39, 0xb, 0x0, 0x7c, 0xff, 0xe9,
    0x0, 0x0, 0x0, 0x0, 0x0, 0x0, 0x0, 0x1c,
    0xff, 0xff, 0x4d, 0x0, 0x0, 0x0, 0x94, 0xff,
    0xff, 0x25, 0x0, 0x0, 0x0, 0x0, 0x0, 0x0,
    0xe, 0xfe, 0xff, 0x76, 0x0, 0x0, 0x3f, 0xf4,
    0xfb, 0xff, 0xc3, 0x16, 0x0, 0x0, 0x4, 0x42,
    0x27, 0x0, 0xac, 0xff, 0xff, 0xd9, 0xdd, 0xff,
    0xe2, 0x30, 0xdb, 0xff, 0xfa, 0xd3, 0xd6, 0xf6,
    0xff, 0x4c, 0x0, 0xd, 0x98, 0xec, 0xfe, 0xe7,
    0x9c, 0x18, 0x0, 0x10, 0x8c, 0xdd, 0xfd, 0xf9,
    0xd9, 0x94, 0x19,

    /* U+00E7 "ç" */
    0x0, 0x2, 0x63, 0xc6, 0xf4, 0xfc, 0xe4, 0xa7,
    0x1a, 0x1, 0xaa, 0xff, 0xff, 0xf8, 0xef, 0xff,
    0xf0, 0xa, 0x5d, 0xff, 0xff, 0x73, 0x6, 0x0,
    0x1c, 0x43, 0x0, 0xbf, 0xff, 0xb7, 0x0, 0x0,
    0x0, 0x0, 0x0, 0x0, 0xef, 0xff, 0x75, 0x0,
    0x0, 0x0, 0x0, 0x0, 0x0, 0xfe, 0xff, 0x62,
    0x0, 0x0, 0x0, 0x0, 0x0, 0x0, 0xf2, 0xff,
    0x73, 0x0, 0x0, 0x0, 0x0, 0x0, 0x0, 0xc9,
    0xff, 0xb6, 0x0, 0x0, 0x0, 0x0, 0x0, 0x0,
    0x6f, 0xff, 0xff, 0x70, 0x4, 0x0, 0x13, 0x68,
    0x8, 0x6, 0xc1, 0xff, 0xff, 0xf6, 0xee, 0xff,
    0xff, 0xc, 0x0, 0x8, 0x77, 0xd2, 0xff, 0xfe,
    0xdf, 0x8f, 0x4, 0x0, 0x0, 0x0, 0x33, 0xff,
    0x6c, 0x0, 0x0, 0x0, 0x0, 0x0, 0x0, 0x64,
    0xec, 0xff, 0x70, 0x0, 0x0, 0x0, 0x0, 0x0,
    0x0, 0x17, 0xfd, 0xd9, 0x0, 0x0, 0x0, 0x0,
    0x24, 0x5f, 0x7b, 0xff, 0xb6, 0x0, 0x0, 0x0,
    0x0, 0x43, 0xf9, 0xf5, 0xbd, 0x24, 0x0, 0x0,

    /* U+00E8 "è" */
    0x0, 0x29, 0xea, 0xff, 0x95, 0x0, 0x0, 0x0,
    0x0, 0x0, 0x0, 0x0, 0x25, 0xda, 0xff, 0x58,
    0x0, 0x0, 0x0, 0x0, 0x0, 0x0, 0x0, 0x10,
    0xb4, 0xee, 0x2c, 0x0, 0x0, 0x0, 0x0, 0x0,
    0x0, 0x0, 0x0, 0x0, 0x0, 0x0, 0x0, 0x0,
    0x0, 0x2, 0x66, 0xcd, 0xf9, 0xf7, 0xc9, 0x5b,
    0x0, 0x0, 0x1, 0xa3, 0xff, 0xfc, 0xc6, 0xc9,
    0xfe, 0xff, 0x82, 0x0, 0x56, 0xff, 0xf5, 0x32,
    0x0, 0x0, 0x48, 0xff, 0xfd, 0x23, 0xbb, 0xff,
    0x98, 0x0, 0x0, 0x0, 0x0, 0xc8, 0xff, 0x71,
    0xed, 0xff, 0xcc, 0xa4, 0xa4, 0xa4, 0xa4, 0xe3,
    0xff, 0x90, 0xfd, 0xff, 0xff, 0xff, 0xff, 0xff,
    0xff, 0xff, 0xff, 0x94, 0xef, 0xff, 0x6a, 0x0,
    0x0, 0x0, 0x0, 0x0, 0x0, 0x0, 0xbf, 0xff,
    0xad, 0x0, 0x0, 0x0, 0x0, 0x0, 0x0, 0x0,
    0x58, 0xff, 0xff, 0x6c, 0x2, 0x0, 0x0, 0x10,
    0x5e, 0x5, 0x0, 0x99, 0xff, 0xff, 0xec, 0xcf,
    0xde, 0xfd, 0xff, 0x8, 0x0, 0x0, 0x55, 0xbd,
    0xf0, 0xfe, 0xf3, 0xca, 0x7b, 0x2,

    /* U+00E9 "é" */
    0x0, 0x0, 0x0, 0x0, 0x8, 0xd3, 0xff, 0xc8,
    0xa, 0x0, 0x0, 0x0, 0x0, 0x0, 0x9e, 0xff,
    0xb2, 0xa, 0x0, 0x0, 0x0, 0x0, 0x0, 0x64,
    0xf7, 0x83, 0x2, 0x0, 0x0, 0x0, 0x0, 0x0,
    0x0, 0x0, 0x0, 0x0, 0x0, 0x0, 0x0, 0x0,
    0x0, 0x2, 0x66, 0xcd, 0xf9, 0xf7, 0xc9, 0x5b,
    0x0, 0x0, 0x1, 0xa3, 0xff, 0xfc, 0xc6, 0xc9,
    0xfe, 0xff, 0x82, 0x0, 0x56, 0xff, 0xf5, 0x32,
    0x0, 0x0, 0x48, 0xff, 0xfd, 0x23, 0xbb, 0xff,
    0x98, 0x0, 0x0, 0x0, 0x0, 0xc8, 0xff, 0x71,
    0xed, 0xff, 0xcc, 0xa4, 0xa4, 0xa4, 0xa4, 0xe3,
    0xff, 0x90, 0xfd, 0xff, 0xff, 0xff, 0xff, 0xff,
    0xff, 0xff, 0xff, 0x94, 0xef, 0xff, 0x6a, 0x0,
    0x0, 0x0, 0x0, 0x0, 0x0, 0x0, 0xbf, 0xff,
    0xad, 0x0, 0x0, 0x0, 0x0, 0x0, 0x0, 0x0,
    0x58, 0xff, 0xff, 0x6c, 0x2, 0x0, 0x0, 0x10,
    0x5e, 0x5, 0x0, 0x99, 0xff, 0xff, 0xec, 0xcf,
    0xde, 0xfd, 0xff, 0x8, 0x0, 0x0, 0x55, 0xbd,
    0xf0, 0xfe, 0xf3, 0xca, 0x7b, 0x2,

    /* U+00EA "ê" */
    0x0, 0x0, 0x8, 0xcd, 0xff, 0xff, 0x7b, 0x0,
    0x0, 0x0, 0x0, 0x4, 0xae, 0xff, 0x9b, 0xd7,
    0xff, 0x5e, 0x0, 0x0, 0x0, 0x9b, 0xed, 0x60,
    0x0, 0xd, 0xa0, 0xf4, 0x4d, 0x0, 0x0, 0x0,
    0x0, 0x0, 0x0, 0x0, 0x0, 0x0, 0x0, 0x0,
    0x0, 0x2, 0x66, 0xcd, 0xf9, 0xf7, 0xc9, 0x5b,
    0x0, 0x0, 0x1, 0xa3, 0xff, 0xfc, 0xc6, 0xc9,
    0xfe, 0xff, 0x82, 0x0, 0x56, 0xff, 0xf5, 0x32,
    0x0, 0x0, 0x48, 0xff, 0xfd, 0x23, 0xbb, 0xff,
    0x98, 0x0, 0x0, 0x0, 0x0, 0xc8, 0xff, 0x71,
    0xed, 0xff, 0xcc, 0xa4, 0xa4, 0xa4, 0xa4, 0xe3,
    0xff, 0x90, 0xfd, 0xff, 0xff, 0xff, 0xff, 0xff,
    0xff, 0xff, 0xff, 0x94, 0xef, 0xff, 0x6a, 0x0,
    0x0, 0x0, 0x0, 0x0, 0x0, 0x0, 0xbf, 0xff,
    0xad, 0x0, 0x0, 0x0, 0x0, 0x0, 0x0, 0x0,
    0x58, 0xff, 0xff, 0x6c, 0x2, 0x0, 0x0, 0x10,
    0x5e, 0x5, 0x0, 0x99, 0xff, 0xff, 0xec, 0xcf,
    0xde, 0xfd, 0xff, 0x8, 0x0, 0x0, 0x55, 0xbd,
    0xf0, 0xfe, 0xf3, 0xca, 0x7b, 0x2,

    /* U+00EB "ë" */
    0x0, 0x1b, 0xe9, 0xc6, 0x0, 0x38, 0xf2, 0x9f,
    0x0, 0x0, 0x0, 0x2a, 0xff, 0xeb, 0x1, 0x51,
    0xff, 0xc4, 0x0, 0x0, 0x0, 0x0, 0x2c, 0x1b,
    0x0, 0x0, 0x36, 0x12, 0x0, 0x0, 0x0, 0x0,
    0x0, 0x0, 0x0, 0x0, 0x0, 0x0, 0x0, 0x0,
    0x0, 0x2, 0x66, 0xcd, 0xf9, 0xf7, 0xc9, 0x5b,
    0x0, 0x0, 0x1, 0xa3, 0xff, 0xfc, 0xc6, 0xc9,
    0xfe, 0xff, 0x82, 0x0, 0x56, 0xff, 0xf5, 0x32,
    0x0, 0x0, 0x48, 0xff, 0xfd, 0x23, 0xbb, 0xff,
    0x98, 0x0, 0x0, 0x0, 0x0, 0xc8, 0xff, 0x71,
    0xed, 0xff, 0xcc, 0xa4, 0xa4, 0xa4, 0xa4, 0xe3,
    0xff, 0x90, 0xfd, 0xff, 0xff, 0xff, 0xff, 0xff,
    0xff, 0xff, 0xff, 0x94, 0xef, 0xff, 0x6a, 0x0,
    0x0, 0x0, 0x0, 0x0, 0x0, 0x0, 0xbf, 0xff,
    0xad, 0x0, 0x0, 0x0, 0x0, 0x0, 0x0, 0x0,
    0x58, 0xff, 0xff, 0x6c, 0x2, 0x0, 0x0, 0x10,
    0x5e, 0x5, 0x0, 0x99, 0xff, 0xff, 0xec, 0xcf,
    0xde, 0xfd, 0xff, 0x8, 0x0, 0x0, 0x55, 0xbd,
    0xf0, 0xfe, 0xf3, 0xca, 0x7b, 0x2,

    /* U+00EC "ì" */
    0x29, 0xe7, 0xff, 0x96, 0x0, 0x0, 0x0, 0x1e,
    0xce, 0xff, 0x62, 0x0, 0x0, 0x0, 0x9, 0x96,
    0xcf, 0x29, 0x0, 0x0, 0x0, 0x0, 0x0, 0x0,
    0x0, 0x0, 0x5c, 0xff, 0xf0, 0x0, 0x0, 0x0,
    0x5c, 0xff, 0xf0, 0x0, 0x0, 0x0, 0x5c, 0xff,
    0xf0, 0x0, 0x0, 0x0, 0x5c, 0xff, 0xf0, 0x0,
    0x0, 0x0, 0x5c, 0xff, 0xf0, 0x0, 0x0, 0x0,
    0x5c, 0xff, 0xf0, 0x0, 0x0, 0x0, 0x5c, 0xff,
    0xf0, 0x0, 0x0, 0x0, 0x5c, 0xff, 0xf0, 0x0,
    0x0, 0x0, 0x5c, 0xff, 0xf0, 0x0, 0x0, 0x0,
    0x5c, 0xff, 0xf0, 0x0, 0x0, 0x0, 0x5c, 0xff,
    0xf0, 0x0,

    /* U+00ED "í" */
    0x0, 0xc, 0xd7, 0xff, 0xbd, 0x7, 0x2, 0xad,
    0xff, 0x9c, 0x6, 0x0, 0x62, 0xd2, 0x62, 0x0,
    0x0, 0x0, 0x0, 0x0, 0x0, 0x0, 0x0, 0x0,
    0x5c, 0xff, 0xf0, 0x0, 0x0, 0x0, 0x5c, 0xff,
    0xf0, 0x0, 0x0, 0x0, 0x5c, 0xff, 0xf0, 0x0,
    0x0, 0x0, 0x5c, 0xff, 0xf0, 0x0, 0x0, 0x0,
    0x5c, 0xff, 0xf0, 0x0, 0x0, 0x0, 0x5c, 0xff,
    0xf0, 0x0, 0x0, 0x0, 0x5c, 0xff, 0xf0, 0x0,
    0x0, 0x0, 0x5c, 0xff, 0xf0, 0x0, 0x0, 0x0,
    0x5c, 0xff, 0xf0, 0x0, 0x0, 0x0, 0x5c, 0xff,
    0xf0, 0x0, 0x0, 0x0, 0x5c, 0xff, 0xf0, 0x0,
    0x0, 0x0,

    /* U+00EE "î" */
    0x0, 0xc, 0xd2, 0xff, 0xff, 0x7e, 0x0, 0x0,
    0xa, 0xc0, 0xfd, 0x82, 0xc9, 0xff, 0x6d, 0x0,
    0x96, 0xc8, 0x43, 0x0, 0x6, 0x83, 0xd3, 0x49,
    0x0, 0x0, 0x0, 0x0, 0x0, 0x0, 0x0, 0x0,
    0x0, 0x0, 0x5c, 0xff, 0xf0, 0x0, 0x0, 0x0,
    0x0, 0x0, 0x5c, 0xff, 0xf0, 0x0, 0x0, 0x0,
    0x0, 0x0, 0x5c, 0xff, 0xf0, 0x0, 0x0, 0x0,
    0x0, 0x0, 0x5c, 0xff, 0xf0, 0x0, 0x0, 0x0,
    0x0, 0x0, 0x5c, 0xff, 0xf0, 0x0, 0x0, 0x0,
    0x0, 0x0, 0x5c, 0xff, 0xf0, 0x0, 0x0, 0x0,
    0x0, 0x0, 0x5c, 0xff, 0xf0, 0x0, 0x0, 0x0,
    0x0, 0x0, 0x5c, 0xff, 0xf0, 0x0, 0x0, 0x0,
    0x0, 0x0, 0x5c, 0xff, 0xf0, 0x0, 0x0, 0x0,
    0x0, 0x0, 0x5c, 0xff, 0xf0, 0x0, 0x0, 0x0,
    0x0, 0x0, 0x5c, 0xff, 0xf0, 0x0, 0x0, 0x0,

    /* U+00EF "ï" */
    0x1d, 0xea, 0xc0, 0x0, 0x3b, 0xf3, 0x9a, 0x2e,
    0xff, 0xe8, 0x0, 0x54, 0xff, 0xc0, 0x0, 0x2e,
    0x1a, 0x0, 0x0, 0x37, 0x10, 0x0, 0x0, 0x0,
    0x0, 0x0, 0x0, 0x0, 0x0, 0x0, 0x5c, 0xff,
    0xf0, 0x0, 0x0, 0x0, 0x0, 0x5c, 0xff, 0xf0,
    0x0, 0x0, 0x0, 0x0, 0x5c, 0xff, 0xf0, 0x0,
    0x0, 0x0, 0x0, 0x5c, 0xff, 0xf0, 0x0, 0x0,
    0x0, 0x0, 0x5c, 0xff, 0xf0, 0x0, 0x0, 0x0,
    0x0, 0x5c, 0xff, 0xf0, 0x0, 0x0, 0x0, 0x0,
    0x5c, 0xff, 0xf0, 0x0, 0x0, 0x0, 0x0, 0x5c,
    0xff, 0xf0, 0x0, 0x0, 0x0, 0x0, 0x5c, 0xff,
    0xf0, 0x0, 0x0, 0x0, 0x0, 0x5c, 0xff, 0xf0,
    0x0, 0x0, 0x0, 0x0, 0x5c, 0xff, 0xf0, 0x0,
    0x0,

    /* U+00F0 "ð" */
    0x0, 0x0, 0x0, 0x3d, 0x5, 0x0, 0x0, 0x16,
    0x1b, 0x0, 0x0, 0x0, 0x0, 0x2e, 0xfd, 0xde,
    0x51, 0x6a, 0xef, 0xba, 0x0, 0x0, 0x0, 0x0,
    0x9, 0x81, 0xfa, 0xff, 0xff, 0xbc, 0x28, 0x0,
    0x0, 0x0, 0x0, 0x17, 0x9f, 0xff, 0xff, 0xff,
    0xb0, 0x3, 0x0, 0x0, 0x0, 0x0, 0x7f, 0xfa,
    0x89, 0x26, 0xdf, 0xff, 0x81, 0x0, 0x0, 0x0,
    0x0, 0x6, 0x27, 0x0, 0x0, 0x33, 0xfd, 0xfa,
    0x21, 0x0, 0x0, 0x0, 0x4b, 0x9f, 0xbc, 0xb2,
    0x74, 0xac, 0xff, 0x8c, 0x0, 0x2, 0xa4, 0xff,
    0xff, 0xff, 0xff, 0xff, 0xf2, 0xff, 0xdc, 0x0,
    0x66, 0xff, 0xfd, 0x6a, 0xf, 0x9, 0x54, 0xef,
    0xff, 0xff, 0xe, 0xcb, 0xff, 0x9f, 0x0, 0x0,
    0x0, 0x0, 0x67, 0xff, 0xff, 0x28, 0xf6, 0xff,
    0x63, 0x0, 0x0, 0x0, 0x0, 0x2d, 0xff, 0xff,
    0x2d, 0xfa, 0xff, 0x5d, 0x0, 0x0, 0x0, 0x0,
    0x36, 0xff, 0xff, 0x1a, 0xd4, 0xff, 0x8e, 0x0,
    0x0, 0x0, 0x0, 0x6b, 0xff, 0xe4, 0x0, 0x76,
    0xff, 0xf2, 0x36, 0x0, 0x0, 0x1f, 0xe2, 0xff,
    0x81, 0x0, 0x6, 0xbb, 0xff, 0xfe, 0xd0, 0xc9,
    0xf9, 0xff, 0xc7, 0x9, 0x0, 0x0, 0x5, 0x6f,
    0xce, 0xf8, 0xfa, 0xd4, 0x7c, 0x8, 0x0, 0x0,

    /* U+00F1 "ñ" */
    0x0, 0x0, 0x6e, 0xf1, 0xdb, 0x51, 0x0, 0x2e,
    0xff, 0x1a, 0x0, 0x0, 0x28, 0xfe, 0xc0, 0xdc,
    0xff, 0xc2, 0xdd, 0xd3, 0x0, 0x0, 0x0, 0x6e,
    0xdb, 0x2, 0x7, 0x80, 0xf1, 0xd9, 0x31, 0x0,
    0x0, 0x0, 0x0, 0x0, 0x0, 0x0, 0x0, 0x0,
    0x0, 0x0, 0x0, 0x0, 0x5c, 0xff, 0x85, 0x1e,
    0xa5, 0xec, 0xfa, 0xdb, 0x79, 0x4, 0x0, 0x5c,
    0xff, 0xcc, 0xe4, 0xfe, 0xe7, 0xf7, 0xff, 0xff,
    0x8d, 0x0, 0x5c, 0xff, 0xff, 0xce, 0x1f, 0x0,
    0xb, 0xb5, 0xff, 0xf5, 0x5, 0x5c, 0xff, 0xff,
    0x41, 0x0, 0x0, 0x0, 0x41, 0xff, 0xff, 0x1e,
    0x5c, 0xff, 0xfe, 0x7, 0x0, 0x0, 0x0, 0x29,
    0xff, 0xff, 0x24, 0x5c, 0xff, 0xf2, 0x0, 0x0,
    0x0, 0x0, 0x28, 0xff, 0xff, 0x24, 0x5c, 0xff,
    0xf0, 0x0, 0x0, 0x0, 0x0, 0x28, 0xff, 0xff,
    0x24, 0x5c, 0xff, 0xf0, 0x0, 0x0, 0x0, 0x0,
    0x28, 0xff, 0xff, 0x24, 0x5c, 0xff, 0xf0, 0x0,
    0x0, 0x0, 0x0, 0x28, 0xff, 0xff, 0x24, 0x5c,
    0xff, 0xf0, 0x0, 0x0, 0x0, 0x0, 0x28, 0xff,
    0xff, 0x24, 0x5c, 0xff, 0xf0, 0x0, 0x0, 0x0,
    0x0, 0x28, 0xff, 0xff, 0x24,

    /* U+00F2 "ò" */
    0x0, 0x6, 0xc0, 0xff, 0xd7, 0xb, 0x0, 0x0,
    0x0, 0x0, 0x0, 0x0, 0x0, 0x9, 0xa9, 0xff,
    0xa4, 0x0, 0x0, 0x0, 0x0, 0x0, 0x0, 0x0,
    0x0, 0x1, 0x79, 0xf6, 0x70, 0x0, 0x0, 0x0,
    0x0, 0x0, 0x0, 0x0, 0x0, 0x0, 0x0, 0x0,
    0x0, 0x0, 0x0, 0x0, 0x0, 0x1, 0x62, 0xc8,
    0xf5, 0xfa, 0xd5, 0x7b, 0x8, 0x0, 0x0, 0x1,
    0xa2, 0xff, 0xff, 0xf1, 0xea, 0xff, 0xff, 0xc7,
    0xa, 0x0, 0x59, 0xff, 0xff, 0x60, 0x2, 0x0,
    0x3a, 0xee, 0xff, 0x8a, 0x0, 0xbd, 0xff, 0xb2,
    0x0, 0x0, 0x0, 0x0, 0x78, 0xff, 0xef, 0x3,
    0xef, 0xff, 0x74, 0x0, 0x0, 0x0, 0x0, 0x3a,
    0xff, 0xff, 0x26, 0xfe, 0xff, 0x62, 0x0, 0x0,
    0x0, 0x0, 0x2a, 0xff, 0xff, 0x36, 0xee, 0xff,
    0x74, 0x0, 0x0, 0x0, 0x0, 0x3a, 0xff, 0xff,
    0x27, 0xb9, 0xff, 0xb4, 0x0, 0x0, 0x0, 0x0,
    0x79, 0xff, 0xf0, 0x5, 0x50, 0xff, 0xff, 0x61,
    0x1, 0x0, 0x39, 0xee, 0xff, 0x92, 0x0, 0x0,
    0x9a, 0xff, 0xff, 0xed, 0xe6, 0xff, 0xff, 0xce,
    0xf, 0x0, 0x0, 0x0, 0x5c, 0xc6, 0xf7, 0xfb,
    0xd6, 0x7f, 0xb, 0x0, 0x0,

    /* U+00F3 "ó" */
    0x0, 0x0, 0x0, 0x0, 0x0, 0x89, 0xff, 0xef,
    0x32, 0x0, 0x0, 0x0, 0x0, 0x0, 0x0, 0x4f,
    0xff, 0xe1, 0x2c, 0x0, 0x0, 0x0, 0x0, 0x0,
    0x0, 0x25, 0xeb, 0xbc, 0x15, 0x0, 0x0, 0x0,
    0x0, 0x0, 0x0, 0x0, 0x0, 0x0, 0x0, 0x0,
    0x0, 0x0, 0x0, 0x0, 0x0, 0x1, 0x62, 0xc8,
    0xf5, 0xfa, 0xd5, 0x7b, 0x8, 0x0, 0x0, 0x1,
    0xa2, 0xff, 0xff, 0xf1, 0xea, 0xff, 0xff, 0xc7,
    0xa, 0x0, 0x59, 0xff, 0xff, 0x60, 0x2, 0x0,
    0x3a, 0xee, 0xff, 0x8a, 0x0, 0xbd, 0xff, 0xb2,
    0x0, 0x0, 0x0, 0x0, 0x78, 0xff, 0xef, 0x3,
    0xef, 0xff, 0x74, 0x0, 0x0, 0x0, 0x0, 0x3a,
    0xff, 0xff, 0x26, 0xfe, 0xff, 0x62, 0x0, 0x0,
    0x0, 0x0, 0x2a, 0xff, 0xff, 0x36, 0xee, 0xff,
    0x74, 0x0, 0x0, 0x0, 0x0, 0x3a, 0xff, 0xff,
    0x27, 0xb9, 0xff, 0xb4, 0x0, 0x0, 0x0, 0x0,
    0x79, 0xff, 0xf0, 0x5, 0x50, 0xff, 0xff, 0x61,
    0x1, 0x0, 0x39, 0xee, 0xff, 0x92, 0x0, 0x0,
    0x9a, 0xff, 0xff, 0xed, 0xe6, 0xff, 0xff, 0xce,
    0xf, 0x0, 0x0, 0x0, 0x5c, 0xc6, 0xf7, 0xfb,
    0xd6, 0x7f, 0xb, 0x0, 0x0,

    /* U+00F4 "ô" */
    0x0, 0x0, 0x0, 0x84, 0xff, 0xff, 0xc6, 0x6,
    0x0, 0x0, 0x0, 0x0, 0x0, 0x62, 0xff, 0xcc,
    0xa5, 0xff, 0xab, 0x3, 0x0, 0x0, 0x0, 0x4f,
    0xf5, 0x98, 0x9, 0x0, 0x69, 0xee, 0x99, 0x0,
    0x0, 0x0, 0x0, 0x0, 0x0, 0x0, 0x0, 0x0,
    0x0, 0x0, 0x0, 0x0, 0x0, 0x1, 0x62, 0xc8,
    0xf5, 0xfa, 0xd5, 0x7b, 0x8, 0x0, 0x0, 0x1,
    0xa2, 0xff, 0xff, 0xf1, 0xea, 0xff, 0xff, 0xc7,
    0xa, 0x0, 0x59, 0xff, 0xff, 0x60, 0x2, 0x0,
    0x3a, 0xee, 0xff, 0x8a, 0x0, 0xbd, 0xff, 0xb2,
    0x0, 0x0, 0x0, 0x0, 0x78, 0xff, 0xef, 0x3,
    0xef, 0xff, 0x74, 0x0, 0x0, 0x0, 0x0, 0x3a,
    0xff, 0xff, 0x26, 0xfe, 0xff, 0x62, 0x0, 0x0,
    0x0, 0x0, 0x2a, 0xff, 0xff, 0x36, 0xee, 0xff,
    0x74, 0x0, 0x0, 0x0, 0x0, 0x3a, 0xff, 0xff,
    0x27, 0xb9, 0xff, 0xb4, 0x0, 0x0, 0x0, 0x0,
    0x79, 0xff, 0xf0, 0x5, 0x50, 0xff, 0xff, 0x61,
    0x1, 0x0, 0x39, 0xee, 0xff, 0x92, 0x0, 0x0,
    0x9a, 0xff, 0xff, 0xed, 0xe6, 0xff, 0xff, 0xce,
    0xf, 0x0, 0x0, 0x0, 0x5c, 0xc6, 0xf7, 0xfb,
    0xd6, 0x7f, 0xb, 0x0, 0x0,

    /* U+00F5 "õ" */
    0x0, 0x9, 0xae, 0xf9, 0xd2, 0x61, 0xb, 0x8f,
    0xd7, 0x0, 0x0, 0x0, 0x79, 0xf9, 0xaf, 0xe6,
    0xff, 0xff, 0xff, 0x79, 0x0, 0x0, 0x0, 0x73,
    0x5f, 0x0, 0x6, 0x61, 0x9d, 0x67, 0x2, 0x0,
    0x0, 0x0, 0x0, 0x0, 0x0, 0x0, 0x0, 0x0,
    0x0, 0x0, 0x0, 0x0, 0x0, 0x1, 0x62, 0xc8,
    0xf5, 0xfa, 0xd5, 0x7b, 0x8, 0x0, 0x0, 0x1,
    0xa2, 0xff, 0xff, 0xf1, 0xea, 0xff, 0xff, 0xc7,
    0xa, 0x0, 0x59, 0xff, 0xff, 0x60, 0x2, 0x0,
    0x3a, 0xee, 0xff, 0x8a, 0x0, 0xbd, 0xff, 0xb2,
    0x0, 0x0, 0x0, 0x0, 0x78, 0xff, 0xef, 0x3,
    0xef, 0xff, 0x74, 0x0, 0x0, 0x0, 0x0, 0x3a,
    0xff, 0xff, 0x26, 0xfe, 0xff, 0x62, 0x0, 0x0,
    0x0, 0x0, 0x2a, 0xff, 0xff, 0x36, 0xee, 0xff,
    0x74, 0x0, 0x0, 0x0, 0x0, 0x3a, 0xff, 0xff,
    0x27, 0xb9, 0xff, 0xb4, 0x0, 0x0, 0x0, 0x0,
    0x79, 0xff, 0xf0, 0x5, 0x50, 0xff, 0xff, 0x61,
    0x1, 0x0, 0x39, 0xee, 0xff, 0x92, 0x0, 0x0,
    0x9a, 0xff, 0xff, 0xed, 0xe6, 0xff, 0xff, 0xce,
    0xf, 0x0, 0x0, 0x0, 0x5c, 0xc6, 0xf7, 0xfb,
    0xd6, 0x7f, 0xb, 0x0, 0x0,

    /* U+00F6 "ö" */
    0x0, 0x0, 0xb5, 0xed, 0x25, 0x8, 0xd8, 0xdc,
    0xc, 0x0, 0x0, 0x0, 0x0, 0xda, 0xff, 0x38,
    0xe, 0xf8, 0xfa, 0x16, 0x0, 0x0, 0x0, 0x0,
    0x19, 0x30, 0x0, 0x0, 0x22, 0x25, 0x0, 0x0,
    0x0, 0x0, 0x0, 0x0, 0x0, 0x0, 0x0, 0x0,
    0x0, 0x0, 0x0, 0x0, 0x0, 0x1, 0x62, 0xc8,
    0xf5, 0xfa, 0xd5, 0x7b, 0x8, 0x0, 0x0, 0x1,
    0xa2, 0xff, 0xff, 0xf1, 0xea, 0xff, 0xff, 0xc7,
    0xa, 0x0, 0x59, 0xff, 0xff, 0x60, 0x2, 0x0,
    0x3a, 0xee, 0xff, 0x8a, 0x0, 0xbd, 0xff, 0xb2,
    0x0, 0x0, 0x0, 0x0, 0x78, 0xff, 0xef, 0x3,
    0xef, 0xff, 0x74, 0x0, 0x0, 0x0, 0x0, 0x3a,
    0xff, 0xff, 0x26, 0xfe, 0xff, 0x62, 0x0, 0x0,
    0x0, 0x0, 0x2a, 0xff, 0xff, 0x36, 0xee, 0xff,
    0x74, 0x0, 0x0, 0x0, 0x0, 0x3a, 0xff, 0xff,
    0x27, 0xb9, 0xff, 0xb4, 0x0, 0x0, 0x0, 0x0,
    0x79, 0xff, 0xf0, 0x5, 0x50, 0xff, 0xff, 0x61,
    0x1, 0x0, 0x39, 0xee, 0xff, 0x92, 0x0, 0x0,
    0x9a, 0xff, 0xff, 0xed, 0xe6, 0xff, 0xff, 0xce,
    0xf, 0x0, 0x0, 0x0, 0x5c, 0xc6, 0xf7, 0xfb,
    0xd6, 0x7f, 0xb, 0x0, 0x0,

    /* U+00F7 "÷" */
    0x0, 0x0, 0x0, 0x0, 0x1a, 0x94, 0x51, 0x0,
    0x0, 0x0, 0x0, 0x0, 0x0, 0x0, 0x0, 0x79,
    0xff, 0xe0, 0x0, 0x0, 0x0, 0x0, 0x0, 0x0,
    0x0, 0x0, 0x41, 0xf3, 0x9e, 0x0, 0x0, 0x0,
    0x0, 0x0, 0x0, 0x0, 0x0, 0x0, 0x0, 0x0,
    0x0, 0x0, 0x0, 0x0, 0xc, 0xbc, 0xbc, 0xbc,
    0xbc, 0xbc, 0xbc, 0xbc, 0xbc, 0xbc, 0x5b, 0x10,
    0xff, 0xff, 0xff, 0xff, 0xff, 0xff, 0xff, 0xff,
    0xff, 0x7c, 0x0, 0x0, 0x0, 0x0, 0x0, 0x0,
    0x0, 0x0, 0x0, 0x0, 0x0, 0x0, 0x0, 0x0,
    0x0, 0x1a, 0x94, 0x51, 0x0, 0x0, 0x0, 0x0,
    0x0, 0x0, 0x0, 0x0, 0x79, 0xff, 0xe0, 0x0,
    0x0, 0x0, 0x0, 0x0, 0x0, 0x0, 0x0, 0x41,
    0xf3, 0x9e, 0x0, 0x0, 0x0, 0x0,

    /* U+00F8 "ø" */
    0x0, 0x0, 0x0, 0x0, 0x0, 0x0, 0x0, 0x0,
    0x21, 0x0, 0x0, 0x0, 0x2, 0x65, 0xca, 0xf6,
    0xfa, 0xd2, 0x90, 0xfc, 0x5f, 0x0, 0x1, 0xa7,
    0xff, 0xff, 0xf1, 0xea, 0xff, 0xff, 0xfc, 0x19,
    0x0, 0x5e, 0xff, 0xff, 0x60, 0x2, 0x0, 0xba,
    0xff, 0xff, 0x84, 0x0, 0xc0, 0xff, 0xb2, 0x0,
    0x0, 0x5a, 0xff, 0xe6, 0xff, 0xec, 0x3, 0xf1,
    0xff, 0x74, 0x0, 0x22, 0xf2, 0xd3, 0x45, 0xff,
    0xff, 0x26, 0xfe, 0xff, 0x62, 0x4, 0xc7, 0xf7,
    0x2c, 0x2a, 0xff, 0xff, 0x36, 0xee, 0xff, 0x73,
    0x83, 0xff, 0x6b, 0x0, 0x3a, 0xff, 0xff, 0x26,
    0xb8, 0xff, 0xd7, 0xfd, 0xb1, 0x1, 0x0, 0x79,
    0xff, 0xf0, 0x4, 0x4e, 0xff, 0xff, 0xf1, 0x14,
    0x0, 0x39, 0xee, 0xff, 0x90, 0x0, 0x0, 0xd0,
    0xff, 0xff, 0xed, 0xe6, 0xff, 0xff, 0xd0, 0xd,
    0x0, 0x2f, 0xff, 0xb2, 0xc5, 0xf6, 0xfa, 0xd5,
    0x81, 0xb, 0x0, 0x0, 0x0, 0x3d, 0x8, 0x0,
    0x0, 0x0, 0x0, 0x0, 0x0, 0x0, 0x0,

    /* U+00F9 "ù" */
    0x0, 0x0, 0x7c, 0xff, 0xf9, 0x2f, 0x0, 0x0,
    0x0, 0x0, 0x0, 0x0, 0x0, 0x0, 0x60, 0xf8,
    0xdf, 0x15, 0x0, 0x0, 0x0, 0x0, 0x0, 0x0,
    0x0, 0x0, 0x33, 0xc5, 0x9d, 0x0, 0x0, 0x0,
    0x0, 0x0, 0x0, 0x0, 0x0, 0x0, 0x0, 0x0,
    0x0, 0x0, 0x0, 0x0, 0x74, 0xff, 0xdc, 0x0,
    0x0, 0x0, 0x0, 0x3c, 0xff, 0xff, 0x10, 0x74,
    0xff, 0xdc, 0x0, 0x0, 0x0, 0x0, 0x3c, 0xff,
    0xff, 0x10, 0x74, 0xff, 0xdc, 0x0, 0x0, 0x0,
    0x0, 0x3c, 0xff, 0xff, 0x10, 0x74, 0xff, 0xdc,
    0x0, 0x0, 0x0, 0x0, 0x3c, 0xff, 0xff, 0x10,
    0x74, 0xff, 0xdc, 0x0, 0x0, 0x0, 0x0, 0x3c,
    0xff, 0xff, 0x10, 0x74, 0xff, 0xdc, 0x0, 0x0,
    0x0, 0x0, 0x3d, 0xff, 0xff, 0x10, 0x74, 0xff,
    0xdc, 0x0, 0x0, 0x0, 0x0, 0x4b, 0xff, 0xff,
    0x10, 0x6e, 0xff, 0xec, 0x0, 0x0, 0x0, 0x0,
    0x7b, 0xff, 0xff, 0x10, 0x47, 0xff, 0xff, 0x4c,
    0x0, 0x0, 0x1c, 0xe4, 0xff, 0xff, 0x10, 0x5,
    0xd6, 0xff, 0xfb, 0xbb, 0xb9, 0xf4, 0xd5, 0xff,
    0xff, 0x10, 0x0, 0x1a, 0xa3, 0xeb, 0xfc, 0xe4,
    0x95, 0x12, 0xd8, 0xff, 0x10,

    /* U+00FA "ú" */
    0x0, 0x0, 0x0, 0x0, 0x0, 0x52, 0xff, 0xfb,
    0x5c, 0x0, 0x0, 0x0, 0x0, 0x0, 0x0, 0x2b,
    0xf3, 0xee, 0x43, 0x0, 0x0, 0x0, 0x0, 0x0,
    0x0, 0x7, 0xb5, 0xb9, 0x20, 0x0, 0x0, 0x0,
    0x0, 0x0, 0x0, 0x0, 0x0, 0x0, 0x0, 0x0,
    0x0, 0x0, 0x0, 0x0, 0x74, 0xff, 0xdc, 0x0,
    0x0, 0x0, 0x0, 0x3c, 0xff, 0xff, 0x10, 0x74,
    0xff, 0xdc, 0x0, 0x0, 0x0, 0x0, 0x3c, 0xff,
    0xff, 0x10, 0x74, 0xff, 0xdc, 0x0, 0x0, 0x0,
    0x0, 0x3c, 0xff, 0xff, 0x10, 0x74, 0xff, 0xdc,
    0x0, 0x0, 0x0, 0x0, 0x3c, 0xff, 0xff, 0x10,
    0x74, 0xff, 0xdc, 0x0, 0x0, 0x0, 0x0, 0x3c,
    0xff, 0xff, 0x10, 0x74, 0xff, 0xdc, 0x0, 0x0,
    0x0, 0x0, 0x3d, 0xff, 0xff, 0x10, 0x74, 0xff,
    0xdc, 0x0, 0x0, 0x0, 0x0, 0x4b, 0xff, 0xff,
    0x10, 0x6e, 0xff, 0xec, 0x0, 0x0, 0x0, 0x0,
    0x7b, 0xff, 0xff, 0x10, 0x47, 0xff, 0xff, 0x4c,
    0x0, 0x0, 0x1c, 0xe4, 0xff, 0xff, 0x10, 0x5,
    0xd6, 0xff, 0xfb, 0xbb, 0xb9, 0xf4, 0xd5, 0xff,
    0xff, 0x10, 0x0, 0x1a, 0xa3, 0xeb, 0xfc, 0xe4,
    0x95, 0x12, 0xd8, 0xff, 0x10,

    /* U+00FB "û" */
    0x0, 0x0, 0x0, 0x4d, 0xff, 0xff, 0xee, 0x22,
    0x0, 0x0, 0x0, 0x0, 0x0, 0x42, 0xf7, 0xde,
    0x74, 0xf7, 0xdf, 0x1e, 0x0, 0x0, 0x0, 0x25,
    0xca, 0x9f, 0x11, 0x0, 0x2a, 0xb9, 0xb5, 0xb,
    0x0, 0x0, 0x0, 0x0, 0x0, 0x0, 0x0, 0x0,
    0x0, 0x0, 0x0, 0x0, 0x74, 0xff, 0xdc, 0x0,
    0x0, 0x0, 0x0, 0x3c, 0xff, 0xff, 0x10, 0x74,
    0xff, 0xdc, 0x0, 0x0, 0x0, 0x0, 0x3c, 0xff,
    0xff, 0x10, 0x74, 0xff, 0xdc, 0x0, 0x0, 0x0,
    0x0, 0x3c, 0xff, 0xff, 0x10, 0x74, 0xff, 0xdc,
    0x0, 0x0, 0x0, 0x0, 0x3c, 0xff, 0xff, 0x10,
    0x74, 0xff, 0xdc, 0x0, 0x0, 0x0, 0x0, 0x3c,
    0xff, 0xff, 0x10, 0x74, 0xff, 0xdc, 0x0, 0x0,
    0x0, 0x0, 0x3d, 0xff, 0xff, 0x10, 0x74, 0xff,
    0xdc, 0x0, 0x0, 0x0, 0x0, 0x4b, 0xff, 0xff,
    0x10, 0x6e, 0xff, 0xec, 0x0, 0x0, 0x0, 0x0,
    0x7b, 0xff, 0xff, 0x10, 0x47, 0xff, 0xff, 0x4c,
    0x0, 0x0, 0x1c, 0xe4, 0xff, 0xff, 0x10, 0x5,
    0xd6, 0xff, 0xfb, 0xbb, 0xb9, 0xf4, 0xd5, 0xff,
    0xff, 0x10, 0x0, 0x1a, 0xa3, 0xeb, 0xfc, 0xe4,
    0x95, 0x12, 0xd8, 0xff, 0x10,

    /* U+00FC "ü" */
    0x0, 0x0, 0x7a, 0xf8, 0x58, 0x0, 0xa1, 0xf1,
    0x36, 0x0, 0x0, 0x0, 0x0, 0x9d, 0xff, 0x78,
    0x0, 0xc6, 0xff, 0x50, 0x0, 0x0, 0x0, 0x0,
    0xa, 0x3c, 0x3, 0x0, 0x12, 0x35, 0x0, 0x0,
    0x0, 0x0, 0x0, 0x0, 0x0, 0x0, 0x0, 0x0,
    0x0, 0x0, 0x0, 0x0, 0x74, 0xff, 0xdc, 0x0,
    0x0, 0x0, 0x0, 0x3c, 0xff, 0xff, 0x10, 0x74,
    0xff, 0xdc, 0x0, 0x0, 0x0, 0x0, 0x3c, 0xff,
    0xff, 0x10, 0x74, 0xff, 0xdc, 0x0, 0x0, 0x0,
    0x0, 0x3c, 0xff, 0xff, 0x10, 0x74, 0xff, 0xdc,
    0x0, 0x0, 0x0, 0x0, 0x3c, 0xff, 0xff, 0x10,
    0x74, 0xff, 0xdc, 0x0, 0x0, 0x0, 0x0, 0x3c,
    0xff, 0xff, 0x10, 0x74, 0xff, 0xdc, 0x0, 0x0,
    0x0, 0x0, 0x3d, 0xff, 0xff, 0x10, 0x74, 0xff,
    0xdc, 0x0, 0x0, 0x0, 0x0, 0x4b, 0xff, 0xff,
    0x10, 0x6e, 0xff, 0xec, 0x0, 0x0, 0x0, 0x0,
    0x7b, 0xff, 0xff, 0x10, 0x47, 0xff, 0xff, 0x4c,
    0x0, 0x0, 0x1c, 0xe4, 0xff, 0xff, 0x10, 0x5,
    0xd6, 0xff, 0xfb, 0xbb, 0xb9, 0xf4, 0xd5, 0xff,
    0xff, 0x10, 0x0, 0x1a, 0xa3, 0xeb, 0xfc, 0xe4,
    0x95, 0x12, 0xd8, 0xff, 0x10,

    /* U+00FD "ý" */
    0x0, 0x0, 0x0, 0x0, 0x0, 0x56, 0xff, 0xfb,
    0x58, 0x0, 0x0, 0x0, 0x0, 0x0, 0x0, 0x2e,
    0xf4, 0xeb, 0x40, 0x0, 0x0, 0x0, 0x0, 0x0,
    0x0, 0x8, 0xb7, 0xb6, 0x1e, 0x0, 0x0, 0x0,
    0x0, 0x0, 0x0, 0x0, 0x0, 0x0, 0x0, 0x0,
    0x0, 0x0, 0x0, 0x0, 0xcb, 0xff, 0xb1, 0x0,
    0x0, 0x0, 0x0, 0x4, 0xeb, 0xff, 0x84, 0x67,
    0xff, 0xf9, 0x11, 0x0, 0x0, 0x0, 0x44, 0xff,
    0xff, 0x27, 0xe, 0xf5, 0xff, 0x63, 0x0, 0x0,
    0x0, 0x99, 0xff, 0xc8, 0x0, 0x0, 0x9f, 0xff,
    0xbd, 0x0, 0x0, 0x4, 0xeb, 0xff, 0x6a, 0x0,
    0x0, 0x3c, 0xff, 0xfd, 0x19, 0x0, 0x44, 0xff,
    0xf9, 0x13, 0x0, 0x0, 0x0, 0xd8, 0xff, 0x6e,
    0x0, 0x99, 0xff, 0xac, 0x0, 0x0, 0x0, 0x0,
    0x74, 0xff, 0xc7, 0x4, 0xeb, 0xff, 0x50, 0x0,
    0x0, 0x0, 0x0, 0x15, 0xfb, 0xff, 0x56, 0xff,
    0xeb, 0x5, 0x0, 0x0, 0x0, 0x0, 0x0, 0xad,
    0xff, 0xd1, 0xff, 0x92, 0x0, 0x0, 0x0, 0x0,
    0x0, 0x0, 0x49, 0xff, 0xff, 0xff, 0x34, 0x0,
    0x0, 0x0, 0x0, 0x0, 0x0, 0x3, 0xe3, 0xff,
    0xd5, 0x0, 0x0, 0x0, 0x0, 0x0, 0x0, 0x0,
    0x0, 0xd4, 0xff, 0x78, 0x0, 0x0, 0x0, 0x0,
    0x0, 0x0, 0x0, 0x39, 0xff, 0xfd, 0x1b, 0x0,
    0x0, 0x0, 0x0, 0x0, 0x0, 0x1a, 0xd2, 0xff,
    0xa8, 0x0, 0x0, 0x0, 0x0, 0x0, 0x89, 0xe5,
    0xfc, 0xff, 0xe9, 0x1d, 0x0, 0x0, 0x0, 0x0,
    0x0, 0x80, 0xfc, 0xf2, 0xaf, 0x23, 0x0, 0x0,
    0x0, 0x0, 0x0, 0x0,

    /* U+00FE "þ" */
    0x5c, 0xff, 0xf4, 0x0, 0x0, 0x0, 0x0, 0x0,
    0x0, 0x0, 0x0, 0x5c, 0xff, 0xf4, 0x0, 0x0,
    0x0, 0x0, 0x0, 0x0, 0x0, 0x0, 0x5c, 0xff,
    0xf4, 0x0, 0x0, 0x0, 0x0, 0x0, 0x0, 0x0,
    0x0, 0x5c, 0xff, 0xf4, 0x0, 0x0, 0x0, 0x0,
    0x0, 0x0, 0x0, 0x0, 0x5c, 0xff, 0xf0, 0x19,
    0xa7, 0xee, 0xfb, 0xcc, 0x4f, 0x0, 0x0, 0x5c,
    0xff, 0xea, 0xd9, 0xfc, 0xe5, 0xfa, 0xff, 0xff,
    0x59, 0x0, 0x5c, 0xff, 0xff, 0xbe, 0x13, 0x0,
    0x13, 0xc1, 0xff, 0xe9, 0x6, 0x5c, 0xff, 0xff,
    0x32, 0x0, 0x0, 0x0, 0x31, 0xff, 0xff, 0x3f,
    0x5c, 0xff, 0xfd, 0x3, 0x0, 0x0, 0x0, 0x2,
    0xf8, 0xff, 0x67, 0x5c, 0xff, 0xf5, 0x0, 0x0,
    0x0, 0x0, 0x0, 0xea, 0xff, 0x72, 0x5c, 0xff,
    0xff, 0x7, 0x0, 0x0, 0x0, 0x2, 0xf8, 0xff,
    0x65, 0x5c, 0xff, 0xff, 0x40, 0x0, 0x0, 0x0,
    0x37, 0xff, 0xff, 0x3b, 0x5c, 0xff, 0xff, 0xc7,
    0x19, 0x0, 0x15, 0xc7, 0xff, 0xe3, 0x4, 0x5c,
    0xff, 0xec, 0xea, 0xfd, 0xe5, 0xfa, 0xff, 0xfe,
    0x52, 0x0, 0x5c, 0xff, 0xe9, 0x25, 0xb0, 0xf2,
    0xf9, 0xca, 0x4c, 0x0, 0x0, 0x5c, 0xff, 0xf4,
    0x0, 0x0, 0x0, 0x0, 0x0, 0x0, 0x0, 0x0,
    0x5c, 0xff, 0xf4, 0x0, 0x0, 0x0, 0x0, 0x0,
    0x0, 0x0, 0x0, 0x5c, 0xff, 0xf4, 0x0, 0x0,
    0x0, 0x0, 0x0, 0x0, 0x0, 0x0, 0x5c, 0xff,
    0xf4, 0x0, 0x0, 0x0, 0x0, 0x0, 0x0, 0x0,
    0x0, 0x5c, 0xff, 0xf4, 0x0, 0x0, 0x0, 0x0,
    0x0, 0x0, 0x0, 0x0,

    /* U+00FF "ÿ" */
    0x0, 0x0, 0x7b, 0xf7, 0x54, 0x0, 0xa1, 0xf0,
    0x36, 0x0, 0x0, 0x0, 0x0, 0x9e, 0xff, 0x74,
    0x0, 0xc7, 0xff, 0x50, 0x0, 0x0, 0x0, 0x0,
    0xa, 0x3a, 0x3, 0x0, 0x13, 0x33, 0x0, 0x0,
    0x0, 0x0, 0x0, 0x0, 0x0, 0x0, 0x0, 0x0,
    0x0, 0x0, 0x0, 0x0, 0xcb, 0xff, 0xb1, 0x0,
    0x0, 0x0, 0x0, 0x4, 0xeb, 0xff, 0x84, 0x67,
    0xff, 0xf9, 0x11, 0x0, 0x0, 0x0, 0x44, 0xff,
    0xff, 0x27, 0xe, 0xf5, 0xff, 0x63, 0x0, 0x0,
    0x0, 0x99, 0xff, 0xc8, 0x0, 0x0, 0x9f, 0xff,
    0xbd, 0x0, 0x0, 0x4, 0xeb, 0xff, 0x6a, 0x0,
    0x0, 0x3c, 0xff, 0xfd, 0x19, 0x0, 0x44, 0xff,
    0xf9, 0x13, 0x0, 0x0, 0x0, 0xd8, 0xff, 0x6e,
    0x0, 0x99, 0xff, 0xac, 0x0, 0x0, 0x0, 0x0,
    0x74, 0xff, 0xc7, 0x4, 0xeb, 0xff, 0x50, 0x0,
    0x0, 0x0, 0x0, 0x15, 0xfb, 0xff, 0x56, 0xff,
    0xeb, 0x5, 0x0, 0x0, 0x0, 0x0, 0x0, 0xad,
    0xff, 0xd1, 0xff, 0x92, 0x0, 0x0, 0x0, 0x0,
    0x0, 0x0, 0x49, 0xff, 0xff, 0xff, 0x34, 0x0,
    0x0, 0x0, 0x0, 0x0, 0x0, 0x3, 0xe3, 0xff,
    0xd5, 0x0, 0x0, 0x0, 0x0, 0x0, 0x0, 0x0,
    0x0, 0xd4, 0xff, 0x78, 0x0, 0x0, 0x0, 0x0,
    0x0, 0x0, 0x0, 0x39, 0xff, 0xfd, 0x1b, 0x0,
    0x0, 0x0, 0x0, 0x0, 0x0, 0x1a, 0xd2, 0xff,
    0xa8, 0x0, 0x0, 0x0, 0x0, 0x0, 0x89, 0xe5,
    0xfc, 0xff, 0xe9, 0x1d, 0x0, 0x0, 0x0, 0x0,
    0x0, 0x80, 0xfc, 0xf2, 0xaf, 0x23, 0x0, 0x0,
    0x0, 0x0, 0x0, 0x0
};

/*---------------------
 *  GLYPH DESCRIPTION
 *--------------------*/

static const lv_font_fmt_txt_glyph_dsc_t glyph_dsc[] = {
    {.bitmap_index = 0, .adv_w = 0, .box_w = 0, .box_h = 0, .ofs_x = 0, .ofs_y = 0} /* id = 0 reserved */,
    {.bitmap_index = 0, .adv_w = 83, .box_w = 0, .box_h = 0, .ofs_x = 0, .ofs_y = 0},
    {.bitmap_index = 0, .adv_w = 88, .box_w = 4, .box_h = 14, .ofs_x = 1, .ofs_y = 0},
    {.bitmap_index = 56, .adv_w = 139, .box_w = 7, .box_h = 6, .ofs_x = 1, .ofs_y = 8},
    {.bitmap_index = 98, .adv_w = 207, .box_w = 13, .box_h = 14, .ofs_x = 0, .ofs_y = 0},
    {.bitmap_index = 280, .adv_w = 183, .box_w = 10, .box_h = 17, .ofs_x = 1, .ofs_y = -2},
    {.bitmap_index = 450, .adv_w = 276, .box_w = 17, .box_h = 14, .ofs_x = 0, .ofs_y = 0},
    {.bitmap_index = 688, .adv_w = 237, .box_w = 15, .box_h = 14, .ofs_x = 0, .ofs_y = 0},
    {.bitmap_index = 898, .adv_w = 78, .box_w = 3, .box_h = 6, .ofs_x = 1, .ofs_y = 8},
    {.bitmap_index = 916, .adv_w = 101, .box_w = 6, .box_h = 18, .ofs_x = 0, .ofs_y = -4},
    {.bitmap_index = 1024, .adv_w = 101, .box_w = 6, .box_h = 18, .ofs_x = 0, .ofs_y = -4},
    {.bitmap_index = 1132, .adv_w = 175, .box_w = 11, .box_h = 10, .ofs_x = 0, .ofs_y = 5},
    {.bitmap_index = 1242, .adv_w = 183, .box_w = 11, .box_h = 10, .ofs_x = 0, .ofs_y = 2},
    {.bitmap_index = 1352, .adv_w = 87, .box_w = 5, .box_h = 5, .ofs_x = 0, .ofs_y = -3},
    {.bitmap_index = 1377, .adv_w = 103, .box_w = 6, .box_h = 2, .ofs_x = 0, .ofs_y = 4},
    {.bitmap_index = 1389, .adv_w = 88, .box_w = 4, .box_h = 3, .ofs_x = 1, .ofs_y = 0},
    {.bitmap_index = 1401, .adv_w = 125, .box_w = 8, .box_h = 14, .ofs_x = 0, .ofs_y = 0},
    {.bitmap_index = 1513, .adv_w = 183, .box_w = 11, .box_h = 14, .ofs_x = 0, .ofs_y = 0},
    {.bitmap_index = 1667, .adv_w = 183, .box_w = 7, .box_h = 14, .ofs_x = 1, .ofs_y = 0},
    {.bitmap_index = 1765, .adv_w = 183, .box_w = 11, .box_h = 14, .ofs_x = 0, .ofs_y = 0},
    {.bitmap_index = 1919, .adv_w = 183, .box_w = 11, .box_h = 14, .ofs_x = 0, .ofs_y = 0},
    {.bitmap_index = 2073, .adv_w = 183, .box_w = 12, .box_h = 14, .ofs_x = 0, .ofs_y = 0},
    {.bitmap_index = 2241, .adv_w = 183, .box_w = 10, .box_h = 14, .ofs_x = 1, .ofs_y = 0},
    {.bitmap_index = 2381, .adv_w = 183, .box_w = 11, .box_h = 14, .ofs_x = 0, .ofs_y = 0},
    {.bitmap_index = 2535, .adv_w = 183, .box_w = 11, .box_h = 14, .ofs_x = 0, .ofs_y = 0},
    {.bitmap_index = 2689, .adv_w = 183, .box_w = 11, .box_h = 14, .ofs_x = 0, .ofs_y = 0},
    {.bitmap_index = 2843, .adv_w = 183, .box_w = 11, .box_h = 14, .ofs_x = 0, .ofs_y = 0},
    {.bitmap_index = 2997, .adv_w = 88, .box_w = 4, .box_h = 11, .ofs_x = 1, .ofs_y = 0},
    {.bitmap_index = 3041, .adv_w = 88, .box_w = 5, .box_h = 14, .ofs_x = 0, .ofs_y = -3},
    {.bitmap_index = 3111, .adv_w = 183, .box_w = 11, .box_h = 11, .ofs_x = 0, .ofs_y = 2},
    {.bitmap_index = 3232, .adv_w = 183, .box_w = 10, .box_h = 6, .ofs_x = 1, .ofs_y = 4},
    {.bitmap_index = 3292, .adv_w = 183, .box_w = 11, .box_h = 11, .ofs_x = 0, .ofs_y = 2},
    {.bitmap_index = 3413, .adv_w = 145, .box_w = 9, .box_h = 14, .ofs_x = 0, .ofs_y = 0},
    {.bitmap_index = 3539, .adv_w = 287, .box_w = 16, .box_h = 15, .ofs_x = 1, .ofs_y = -1},
    {.bitmap_index = 3779, .adv_w = 212, .box_w = 14, .box_h = 14, .ofs_x = 0, .ofs_y = 0},
    {.bitmap_index = 3975, .adv_w = 211, .box_w = 12, .box_h = 14, .ofs_x = 1, .ofs_y = 0},
    {.bitmap_index = 4143, .adv_w = 203, .box_w = 12, .box_h = 14, .ofs_x = 1, .ofs_y = 0},
    {.bitmap_index = 4311, .adv_w = 235, .box_w = 13, .box_h = 14, .ofs_x = 1, .ofs_y = 0},
    {.bitmap_index = 4493, .adv_w = 179, .box_w = 9, .box_h = 14, .ofs_x = 1, .ofs_y = 0},
    {.bitmap_index = 4619, .adv_w = 170, .box_w = 9, .box_h = 14, .ofs_x = 1, .ofs_y = 0},
    {.bitmap_index = 4745, .adv_w = 232, .box_w = 12, .box_h = 14, .ofs_x = 1, .ofs_y = 0},
    {.bitmap_index = 4913, .adv_w = 240, .box_w = 13, .box_h = 14, .ofs_x = 1, .ofs_y = 0},
    {.bitmap_index = 5095, .adv_w = 98, .box_w = 4, .box_h = 14, .ofs_x = 1, .ofs_y = 0},
    {.bitmap_index = 5151, .adv_w = 96, .box_w = 7, .box_h = 18, .ofs_x = -2, .ofs_y = -4},
    {.bitmap_index = 5277, .adv_w = 204, .box_w = 12, .box_h = 14, .ofs_x = 1, .ofs_y = 0},
    {.bitmap_index = 5445, .adv_w = 174, .box_w = 10, .box_h = 14, .ofs_x = 1, .ofs_y = 0},
    {.bitmap_index = 5585, .adv_w = 295, .box_w = 16, .box_h = 14, .ofs_x = 1, .ofs_y = 0},
    {.bitmap_index = 5809, .adv_w = 251, .box_w = 13, .box_h = 14, .ofs_x = 1, .ofs_y = 0},
    {.bitmap_index = 5991, .adv_w = 252, .box_w = 14, .box_h = 14, .ofs_x = 1, .ofs_y = 0},
    {.bitmap_index = 6187, .adv_w = 197, .box_w = 11, .box_h = 14, .ofs_x = 1, .ofs_y = 0},
    {.bitmap_index = 6341, .adv_w = 252, .box_w = 14, .box_h = 17, .ofs_x = 1, .ofs_y = -3},
    {.bitmap_index = 6579, .adv_w = 204, .box_w = 12, .box_h = 14, .ofs_x = 1, .ofs_y = 0},
    {.bitmap_index = 6747, .adv_w = 176, .box_w = 11, .box_h = 14, .ofs_x = 0, .ofs_y = 0},
    {.bitmap_index = 6901, .adv_w = 181, .box_w = 11, .box_h = 14, .ofs_x = 0, .ofs_y = 0},
    {.bitmap_index = 7055, .adv_w = 238, .box_w = 13, .box_h = 14, .ofs_x = 1, .ofs_y = 0},
    {.bitmap_index = 7237, .adv_w = 199, .box_w = 13, .box_h = 14, .ofs_x = 0, .ofs_y = 0},
    {.bitmap_index = 7419, .adv_w = 303, .box_w = 19, .box_h = 14, .ofs_x = 0, .ofs_y = 0},
    {.bitmap_index = 7685, .adv_w = 199, .box_w = 13, .box_h = 14, .ofs_x = 0, .ofs_y = 0},
    {.bitmap_index = 7867, .adv_w = 189, .box_w = 12, .box_h = 14, .ofs_x = 0, .ofs_y = 0},
    {.bitmap_index = 8035, .adv_w = 184, .box_w = 11, .box_h = 14, .ofs_x = 0, .ofs_y = 0},
    {.bitmap_index = 8189, .adv_w = 105, .box_w = 6, .box_h = 18, .ofs_x = 1, .ofs_y = -4},
    {.bitmap_index = 8297, .adv_w = 125, .box_w = 8, .box_h = 14, .ofs_x = 0, .ofs_y = 0},
    {.bitmap_index = 8409, .adv_w = 105, .box_w = 6, .box_h = 18, .ofs_x = 0, .ofs_y = -4},
    {.bitmap_index = 8517, .adv_w = 183, .box_w = 11, .box_h = 9, .ofs_x = 0, .ofs_y = 5},
    {.bitmap_index = 8616, .adv_w = 136, .box_w = 10, .box_h = 3, .ofs_x = -1, .ofs_y = -4},
    {.bitmap_index = 8646, .adv_w = 102, .box_w = 6, .box_h = 3, .ofs_x = 0, .ofs_y = 12},
    {.bitmap_index = 8664, .adv_w = 186, .box_w = 11, .box_h = 11, .ofs_x = 0, .ofs_y = 0},
    {.bitmap_index = 8785, .adv_w = 199, .box_w = 11, .box_h = 15, .ofs_x = 1, .ofs_y = 0},
    {.bitmap_index = 8950, .adv_w = 159, .box_w = 9, .box_h = 11, .ofs_x = 1, .ofs_y = 0},
    {.bitmap_index = 9049, .adv_w = 199, .box_w = 10, .box_h = 15, .ofs_x = 1, .ofs_y = 0},
    {.bitmap_index = 9199, .adv_w = 184, .box_w = 10, .box_h = 11, .ofs_x = 1, .ofs_y = 0},
    {.bitmap_index = 9309, .adv_w = 116, .box_w = 9, .box_h = 15, .ofs_x = 0, .ofs_y = 0},
    {.bitmap_index = 9444, .adv_w = 177, .box_w = 11, .box_h = 16, .ofs_x = 0, .ofs_y = -5},
    {.bitmap_index = 9620, .adv_w = 203, .box_w = 11, .box_h = 15, .ofs_x = 1, .ofs_y = 0},
    {.bitmap_index = 9785, .adv_w = 89, .box_w = 4, .box_h = 15, .ofs_x = 1, .ofs_y = 0},
    {.bitmap_index = 9845, .adv_w = 89, .box_w = 7, .box_h = 20, .ofs_x = -2, .ofs_y = -5},
    {.bitmap_index = 9985, .adv_w = 183, .box_w = 11, .box_h = 15, .ofs_x = 1, .ofs_y = 0},
    {.bitmap_index = 10150, .adv_w = 89, .box_w = 3, .box_h = 15, .ofs_x = 1, .ofs_y = 0},
    {.bitmap_index = 10195, .adv_w = 305, .box_w = 17, .box_h = 11, .ofs_x = 1, .ofs_y = 0},
    {.bitmap_index = 10382, .adv_w = 203, .box_w = 11, .box_h = 11, .ofs_x = 1, .ofs_y = 0},
    {.bitmap_index = 10503, .adv_w = 195, .box_w = 11, .box_h = 11, .ofs_x = 1, .ofs_y = 0},
    {.bitmap_index = 10624, .adv_w = 199, .box_w = 11, .box_h = 16, .ofs_x = 1, .ofs_y = -5},
    {.bitmap_index = 10800, .adv_w = 199, .box_w = 10, .box_h = 16, .ofs_x = 1, .ofs_y = -5},
    {.bitmap_index = 10960, .adv_w = 138, .box_w = 8, .box_h = 11, .ofs_x = 1, .ofs_y = 0},
    {.bitmap_index = 11048, .adv_w = 156, .box_w = 9, .box_h = 11, .ofs_x = 0, .ofs_y = 0},
    {.bitmap_index = 11147, .adv_w = 127, .box_w = 8, .box_h = 14, .ofs_x = 0, .ofs_y = 0},
    {.bitmap_index = 11259, .adv_w = 203, .box_w = 11, .box_h = 11, .ofs_x = 1, .ofs_y = 0},
    {.bitmap_index = 11380, .adv_w = 171, .box_w = 11, .box_h = 11, .ofs_x = 0, .ofs_y = 0},
    {.bitmap_index = 11501, .adv_w = 261, .box_w = 17, .box_h = 11, .ofs_x = 0, .ofs_y = 0},
    {.bitmap_index = 11688, .adv_w = 176, .box_w = 11, .box_h = 11, .ofs_x = 0, .ofs_y = 0},
    {.bitmap_index = 11809, .adv_w = 171, .box_w = 11, .box_h = 16, .ofs_x = 0, .ofs_y = -5},
    {.bitmap_index = 11985, .adv_w = 153, .box_w = 9, .box_h = 11, .ofs_x = 0, .ofs_y = 0},
    {.bitmap_index = 12084, .adv_w = 123, .box_w = 7, .box_h = 18, .ofs_x = 0, .ofs_y = -4},
    {.bitmap_index = 12210, .adv_w = 176, .box_w = 3, .box_h = 20, .ofs_x = 4, .ofs_y = -5},
    {.bitmap_index = 12270, .adv_w = 123, .box_w = 8, .box_h = 18, .ofs_x = 0, .ofs_y = -4},
    {.bitmap_index = 12414, .adv_w = 183, .box_w = 11, .box_h = 3, .ofs_x = 0, .ofs_y = 6},
    {.bitmap_index = 12447, .adv_w = 83, .box_w = 0, .box_h = 0, .ofs_x = 0, .ofs_y = 0},
    {.bitmap_index = 12447, .adv_w = 88, .box_w = 4, .box_h = 15, .ofs_x = 1, .ofs_y = -4},
    {.bitmap_index = 12507, .adv_w = 183, .box_w = 9, .box_h = 14, .ofs_x = 1, .ofs_y = 0},
    {.bitmap_index = 12633, .adv_w = 183, .box_w = 11, .box_h = 14, .ofs_x = 0, .ofs_y = 0},
    {.bitmap_index = 12787, .adv_w = 183, .box_w = 10, .box_h = 10, .ofs_x = 1, .ofs_y = 2},
    {.bitmap_index = 12887, .adv_w = 183, .box_w = 12, .box_h = 14, .ofs_x = 0, .ofs_y = 0},
    {.bitmap_index = 13055, .adv_w = 176, .box_w = 3, .box_h = 20, .ofs_x = 4, .ofs_y = -5},
    {.bitmap_index = 13115, .adv_w = 160, .box_w = 8, .box_h = 15, .ofs_x = 1, .ofs_y = 0},
    {.bitmap_index = 13235, .adv_w = 190, .box_w = 7, .box_h = 3, .ofs_x = 2, .ofs_y = 13},
    {.bitmap_index = 13256, .adv_w = 266, .box_w = 16, .box_h = 16, .ofs_x = 0, .ofs_y = -1},
    {.bitmap_index = 13512, .adv_w = 118, .box_w = 7, .box_h = 9, .ofs_x = 0, .ofs_y = 7},
    {.bitmap_index = 13575, .adv_w = 178, .box_w = 11, .box_h = 9, .ofs_x = 0, .ofs_y = 1},
    {.bitmap_index = 13674, .adv_w = 183, .box_w = 11, .box_h = 6, .ofs_x = 0, .ofs_y = 2},
    {.bitmap_index = 13740, .adv_w = 103, .box_w = 6, .box_h = 2, .ofs_x = 0, .ofs_y = 4},
    {.bitmap_index = 13752, .adv_w = 266, .box_w = 16, .box_h = 16, .ofs_x = 0, .ofs_y = -1},
    {.bitmap_index = 14008, .adv_w = 160, .box_w = 12, .box_h = 2, .ofs_x = -1, .ofs_y = 15},
    {.bitmap_index = 14032, .adv_w = 137, .box_w = 8, .box_h = 8, .ofs_x = 0, .ofs_y = 7},
    {.bitmap_index = 14096, .adv_w = 183, .box_w = 11, .box_h = 12, .ofs_x = 0, .ofs_y = 0},
    {.bitmap_index = 14228, .adv_w = 116, .box_w = 7, .box_h = 9, .ofs_x = 0, .ofs_y = 8},
    {.bitmap_index = 14291, .adv_w = 116, .box_w = 7, .box_h = 9, .ofs_x = 0, .ofs_y = 8},
    {.bitmap_index = 14354, .adv_w = 102, .box_w = 6, .box_h = 3, .ofs_x = 0, .ofs_y = 12},
    {.bitmap_index = 14372, .adv_w = 205, .box_w = 11, .box_h = 16, .ofs_x = 1, .ofs_y = -5},
    {.bitmap_index = 14548, .adv_w = 210, .box_w = 11, .box_h = 18, .ofs_x = 1, .ofs_y = -3},
    {.bitmap_index = 14746, .adv_w = 88, .box_w = 4, .box_h = 3, .ofs_x = 1, .ofs_y = 6},
    {.bitmap_index = 14758, .adv_w = 68, .box_w = 6, .box_h = 6, .ofs_x = -1, .ofs_y = -6},
    {.bitmap_index = 14794, .adv_w = 116, .box_w = 6, .box_h = 9, .ofs_x = 0, .ofs_y = 8},
    {.bitmap_index = 14848, .adv_w = 122, .box_w = 8, .box_h = 9, .ofs_x = 0, .ofs_y = 7},
    {.bitmap_index = 14920, .adv_w = 178, .box_w = 11, .box_h = 9, .ofs_x = 0, .ofs_y = 1},
    {.bitmap_index = 15019, .adv_w = 251, .box_w = 16, .box_h = 14, .ofs_x = 0, .ofs_y = 0},
    {.bitmap_index = 15243, .adv_w = 263, .box_w = 16, .box_h = 14, .ofs_x = 0, .ofs_y = 0},
    {.bitmap_index = 15467, .adv_w = 260, .box_w = 17, .box_h = 14, .ofs_x = 0, .ofs_y = 0},
    {.bitmap_index = 15705, .adv_w = 145, .box_w = 9, .box_h = 15, .ofs_x = 0, .ofs_y = -4},
    {.bitmap_index = 15840, .adv_w = 212, .box_w = 14, .box_h = 19, .ofs_x = 0, .ofs_y = 0},
    {.bitmap_index = 16106, .adv_w = 212, .box_w = 14, .box_h = 19, .ofs_x = 0, .ofs_y = 0},
    {.bitmap_index = 16372, .adv_w = 212, .box_w = 14, .box_h = 19, .ofs_x = 0, .ofs_y = 0},
    {.bitmap_index = 16638, .adv_w = 212, .box_w = 14, .box_h = 19, .ofs_x = 0, .ofs_y = 0},
    {.bitmap_index = 16904, .adv_w = 212, .box_w = 14, .box_h = 19, .ofs_x = 0, .ofs_y = 0},
    {.bitmap_index = 17170, .adv_w = 212, .box_w = 14, .box_h = 18, .ofs_x = 0, .ofs_y = 0},
    {.bitmap_index = 17422, .adv_w = 291, .box_w = 19, .box_h = 14, .ofs_x = -1, .ofs_y = 0},
    {.bitmap_index = 17688, .adv_w = 203, .box_w = 12, .box_h = 19, .ofs_x = 1, .ofs_y = -5},
    {.bitmap_index = 17916, .adv_w = 179, .box_w = 9, .box_h = 19, .ofs_x = 1, .ofs_y = 0},
    {.bitmap_index = 18087, .adv_w = 179, .box_w = 9, .box_h = 19, .ofs_x = 1, .ofs_y = 0},
    {.bitmap_index = 18258, .adv_w = 179, .box_w = 9, .box_h = 19, .ofs_x = 1, .ofs_y = 0},
    {.bitmap_index = 18429, .adv_w = 179, .box_w = 9, .box_h = 19, .ofs_x = 1, .ofs_y = 0},
    {.bitmap_index = 18600, .adv_w = 98, .box_w = 6, .box_h = 19, .ofs_x = -1, .ofs_y = 0},
    {.bitmap_index = 18714, .adv_w = 98, .box_w = 6, .box_h = 19, .ofs_x = 1, .ofs_y = 0},
    {.bitmap_index = 18828, .adv_w = 98, .box_w = 8, .box_h = 19, .ofs_x = -1, .ofs_y = 0},
    {.bitmap_index = 18980, .adv_w = 98, .box_w = 7, .box_h = 19, .ofs_x = 0, .ofs_y = 0},
    {.bitmap_index = 19113, .adv_w = 235, .box_w = 14, .box_h = 14, .ofs_x = 0, .ofs_y = 0},
    {.bitmap_index = 19309, .adv_w = 251, .box_w = 13, .box_h = 19, .ofs_x = 1, .ofs_y = 0},
    {.bitmap_index = 19556, .adv_w = 252, .box_w = 14, .box_h = 19, .ofs_x = 1, .ofs_y = 0},
    {.bitmap_index = 19822, .adv_w = 252, .box_w = 14, .box_h = 19, .ofs_x = 1, .ofs_y = 0},
    {.bitmap_index = 20088, .adv_w = 252, .box_w = 14, .box_h = 19, .ofs_x = 1, .ofs_y = 0},
    {.bitmap_index = 20354, .adv_w = 252, .box_w = 14, .box_h = 19, .ofs_x = 1, .ofs_y = 0},
    {.bitmap_index = 20620, .adv_w = 252, .box_w = 14, .box_h = 19, .ofs_x = 1, .ofs_y = 0},
    {.bitmap_index = 20886, .adv_w = 183, .box_w = 10, .box_h = 10, .ofs_x = 1, .ofs_y = 2},
    {.bitmap_index = 20986, .adv_w = 252, .box_w = 14, .box_h = 16, .ofs_x = 1, .ofs_y = -1},
    {.bitmap_index = 21210, .adv_w = 238, .box_w = 13, .box_h = 19, .ofs_x = 1, .ofs_y = 0},
    {.bitmap_index = 21457, .adv_w = 238, .box_w = 13, .box_h = 19, .ofs_x = 1, .ofs_y = 0},
    {.bitmap_index = 21704, .adv_w = 238, .box_w = 13, .box_h = 19, .ofs_x = 1, .ofs_y = 0},
    {.bitmap_index = 21951, .adv_w = 238, .box_w = 13, .box_h = 19, .ofs_x = 1, .ofs_y = 0},
    {.bitmap_index = 22198, .adv_w = 189, .box_w = 12, .box_h = 19, .ofs_x = 0, .ofs_y = 0},
    {.bitmap_index = 22426, .adv_w = 197, .box_w = 11, .box_h = 14, .ofs_x = 1, .ofs_y = 0},
    {.bitmap_index = 22580, .adv_w = 213, .box_w = 12, .box_h = 15, .ofs_x = 1, .ofs_y = 0},
    {.bitmap_index = 22760, .adv_w = 186, .box_w = 11, .box_h = 15, .ofs_x = 0, .ofs_y = 0},
    {.bitmap_index = 22925, .adv_w = 186, .box_w = 11, .box_h = 15, .ofs_x = 0, .ofs_y = 0},
    {.bitmap_index = 23090, .adv_w = 186, .box_w = 11, .box_h = 15, .ofs_x = 0, .ofs_y = 0},
    {.bitmap_index = 23255, .adv_w = 186, .box_w = 11, .box_h = 15, .ofs_x = 0, .ofs_y = 0},
    {.bitmap_index = 23420, .adv_w = 186, .box_w = 11, .box_h = 15, .ofs_x = 0, .ofs_y = 0},
    {.bitmap_index = 23585, .adv_w = 186, .box_w = 11, .box_h = 17, .ofs_x = 0, .ofs_y = 0},
    {.bitmap_index = 23772, .adv_w = 285, .box_w = 17, .box_h = 11, .ofs_x = 0, .ofs_y = 0},
    {.bitmap_index = 23959, .adv_w = 159, .box_w = 9, .box_h = 16, .ofs_x = 1, .ofs_y = -5},
    {.bitmap_index = 24103, .adv_w = 184, .box_w = 10, .box_h = 15, .ofs_x = 1, .ofs_y = 0},
    {.bitmap_index = 24253, .adv_w = 184, .box_w = 10, .box_h = 15, .ofs_x = 1, .ofs_y = 0},
    {.bitmap_index = 24403, .adv_w = 184, .box_w = 10, .box_h = 15, .ofs_x = 1, .ofs_y = 0},
    {.bitmap_index = 24553, .adv_w = 184, .box_w = 10, .box_h = 15, .ofs_x = 1, .ofs_y = 0},
    {.bitmap_index = 24703, .adv_w = 89, .box_w = 6, .box_h = 15, .ofs_x = -1, .ofs_y = 0},
    {.bitmap_index = 24793, .adv_w = 89, .box_w = 6, .box_h = 15, .ofs_x = 1, .ofs_y = 0},
    {.bitmap_index = 24883, .adv_w = 89, .box_w = 8, .box_h = 15, .ofs_x = -1, .ofs_y = 0},
    {.bitmap_index = 25003, .adv_w = 89, .box_w = 7, .box_h = 15, .ofs_x = -1, .ofs_y = 0},
    {.bitmap_index = 25108, .adv_w = 195, .box_w = 11, .box_h = 16, .ofs_x = 1, .ofs_y = 0},
    {.bitmap_index = 25284, .adv_w = 203, .box_w = 11, .box_h = 15, .ofs_x = 1, .ofs_y = 0},
    {.bitmap_index = 25449, .adv_w = 195, .box_w = 11, .box_h = 15, .ofs_x = 1, .ofs_y = 0},
    {.bitmap_index = 25614, .adv_w = 195, .box_w = 11, .box_h = 15, .ofs_x = 1, .ofs_y = 0},
    {.bitmap_index = 25779, .adv_w = 195, .box_w = 11, .box_h = 15, .ofs_x = 1, .ofs_y = 0},
    {.bitmap_index = 25944, .adv_w = 195, .box_w = 11, .box_h = 15, .ofs_x = 1, .ofs_y = 0},
    {.bitmap_index = 26109, .adv_w = 195, .box_w = 11, .box_h = 15, .ofs_x = 1, .ofs_y = 0},
    {.bitmap_index = 26274, .adv_w = 183, .box_w = 11, .box_h = 10, .ofs_x = 0, .ofs_y = 2},
    {.bitmap_index = 26384, .adv_w = 195, .box_w = 11, .box_h = 13, .ofs_x = 1, .ofs_y = -1},
    {.bitmap_index = 26527, .adv_w = 203, .box_w = 11, .box_h = 15, .ofs_x = 1, .ofs_y = 0},
    {.bitmap_index = 26692, .adv_w = 203, .box_w = 11, .box_h = 15, .ofs_x = 1, .ofs_y = 0},
    {.bitmap_index = 26857, .adv_w = 203, .box_w = 11, .box_h = 15, .ofs_x = 1, .ofs_y = 0},
    {.bitmap_index = 27022, .adv_w = 203, .box_w = 11, .box_h = 15, .ofs_x = 1, .ofs_y = 0},
    {.bitmap_index = 27187, .adv_w = 171, .box_w = 11, .box_h = 20, .ofs_x = 0, .ofs_y = -5},
    {.bitmap_index = 27407, .adv_w = 199, .box_w = 11, .box_h = 20, .ofs_x = 1, .ofs_y = -5},
    {.bitmap_index = 27627, .adv_w = 171, .box_w = 11, .box_h = 20, .ofs_x = 0, .ofs_y = -5}
};

/*---------------------
 *  CHARACTER MAPPING
 *--------------------*/

/*Collect the unicode lists and glyph_id offsets*/
static const lv_font_fmt_txt_cmap_t cmaps[] =
{
    {
        .range_start = 32, .range_length = 95, .glyph_id_start = 1,
        .unicode_list = NULL, .glyph_id_ofs_list = NULL, .list_length = 0, .type = LV_FONT_FMT_TXT_CMAP_FORMAT0_TINY
    },
    {
        .range_start = 160, .range_length = 96, .glyph_id_start = 96,
        .unicode_list = NULL, .glyph_id_ofs_list = NULL, .list_length = 0, .type = LV_FONT_FMT_TXT_CMAP_FORMAT0_TINY
    }
};

/*--------------------
 *  ALL CUSTOM DATA
 *--------------------*/

#if LVGL_VERSION_MAJOR == 8
/*Store all the custom data of the font*/
static  lv_font_fmt_txt_glyph_cache_t cache;
#endif

#if LVGL_VERSION_MAJOR >= 8
static const lv_font_fmt_txt_dsc_t font_dsc = {
#else
static lv_font_fmt_txt_dsc_t font_dsc = {
#endif
    .glyph_bitmap = glyph_bitmap,
    .glyph_dsc = glyph_dsc,
    .cmaps = cmaps,
    .kern_dsc = NULL,
    .kern_scale = 0,
    .cmap_num = 2,
    .bpp = 8,
    .kern_classes = 0,
    .bitmap_format = 0,
#if LVGL_VERSION_MAJOR == 8
    .cache = &cache
#endif
};

/*-----------------
 *  PUBLIC FONT
 *----------------*/

/*Initialize a public general font descriptor*/
#if LVGL_VERSION_MAJOR >= 8
const lv_font_t ui_font_open_sans_semibold_20 = {
#else
lv_font_t ui_font_open_sans_semibold_20 = {
#endif
    .get_glyph_dsc = lv_font_get_glyph_dsc_fmt_txt,    /*Function pointer to get glyph's data*/
    .get_glyph_bitmap = lv_font_get_bitmap_fmt_txt,    /*Function pointer to get glyph's bitmap*/
    .line_height = 25,          /*The maximum line height required by the font*/
    .base_line = 6,             /*Baseline measured from the bottom of the line*/
#if !(LVGL_VERSION_MAJOR == 6 && LVGL_VERSION_MINOR == 0)
    .subpx = LV_FONT_SUBPX_NONE,
#endif
#if LV_VERSION_CHECK(7, 4, 0) || LVGL_VERSION_MAJOR >= 8
    .underline_position = -1,
    .underline_thickness = 0,
#endif
    .dsc = &font_dsc,          /*The custom font data. Will be accessed by `get_glyph_bitmap/dsc` */
#if LV_VERSION_CHECK(8, 2, 0) || LVGL_VERSION_MAJOR >= 9
    .fallback = NULL,
#endif
    .user_data = NULL,
};

#endif /*#if UI_FONT_OPEN_SANS_SEMIBOLD_20*/