/*******************************************************************************
 * Size: 16 px
 * Bpp: 8
 * Opts: --bpp 8 --size 16 --no-compress --font ../../../../Fonts/Open_Sans/static/OpenSans-SemiBold.ttf --range 32-255 --format lvgl
 ******************************************************************************/

#ifdef __has_include
    #if __has_include("lvgl.h")
        #ifndef LV_LVGL_H_INCLUDE_SIMPLE
            #define LV_LVGL_H_INCLUDE_SIMPLE
        #endif
    #endif
#endif

#ifdef LV_LVGL_H_INCLUDE_SIMPLE
    #include "lvgl.h"
#else
    #include "lvgl/lvgl.h"
#endif

#ifndef UI_FONT_OPEN_SANS_SEMIBOLD_16
#define UI_FONT_OPEN_SANS_SEMIBOLD_16 1
#endif

#if UI_FONT_OPEN_SANS_SEMIBOLD_16

/*-----------------
 *    BITMAPS
 *----------------*/

/*Store the image of the glyphs*/
static LV_ATTRIBUTE_LARGE_CONST const uint8_t glyph_bitmap[] = {
    /* U+0020 " " */

    /* U+0021 "!" */
    0xd6, 0xff, 0x42, 0xcb, 0xff, 0x36, 0xbf, 0xff,
    0x2a, 0xb3, 0xff, 0x1f, 0xa7, 0xff, 0x13, 0x9b,
    0xff, 0x7, 0x8f, 0xfb, 0x0, 0x83, 0xef, 0x0,
    0xe, 0x19, 0x0, 0x30, 0x53, 0x2, 0xe7, 0xff,
    0x4b, 0xb2, 0xee, 0x2a,

    /* U+0022 "\"" */
    0xea, 0xce, 0x0, 0xd2, 0xe2, 0xd8, 0xbb, 0x0,
    0xc2, 0xd2, 0xc5, 0xa9, 0x0, 0xae, 0xbe, 0xb2,
    0x96, 0x0, 0x9e, 0xae, 0x24, 0x1e, 0x0, 0x20,
    0x23,

    /* U+0023 "#" */
    0x0, 0x0, 0x0, 0x30, 0xff, 0x34, 0x0, 0xd2,
    0x88, 0x0, 0x0, 0x0, 0x0, 0x5a, 0xff, 0xc,
    0x3, 0xf8, 0x5f, 0x0, 0x0, 0x0, 0x0, 0x82,
    0xe2, 0x0, 0x24, 0xff, 0x36, 0x0, 0x1, 0x14,
    0x14, 0xb0, 0xbf, 0x14, 0x5a, 0xff, 0x22, 0x13,
    0x8, 0xff, 0xff, 0xff, 0xff, 0xff, 0xff, 0xff,
    0xff, 0xf4, 0x2, 0x44, 0x50, 0xff, 0x7e, 0x44,
    0xce, 0xbc, 0x44, 0x41, 0xa, 0x10, 0x54, 0xff,
    0x26, 0x13, 0xf2, 0x74, 0x10, 0x7, 0x9c, 0xff,
    0xff, 0xff, 0xff, 0xff, 0xff, 0xff, 0xff, 0x68,
    0x27, 0x40, 0xca, 0xbe, 0x40, 0x8b, 0xfb, 0x42,
    0x40, 0x1a, 0x0, 0x0, 0xdc, 0x83, 0x0, 0x8b,
    0xd7, 0x0, 0x0, 0x0, 0x0, 0x8, 0xfe, 0x58,
    0x0, 0xb7, 0xac, 0x0, 0x0, 0x0, 0x0, 0x30,
    0xff, 0x2d, 0x0, 0xe2, 0x81, 0x0, 0x0, 0x0,

    /* U+0024 "$" */
    0x0, 0x0, 0x0, 0x0, 0xf4, 0x10, 0x0, 0x0,
    0x0, 0x0, 0x3, 0x5f, 0xa1, 0xfc, 0xab, 0x88,
    0x44, 0x1, 0x0, 0xa7, 0xff, 0xf0, 0xfe, 0xe0,
    0xfe, 0xdb, 0x1, 0x1a, 0xff, 0xcd, 0x7, 0xf4,
    0x10, 0x13, 0x30, 0x0, 0x18, 0xff, 0xd4, 0xb,
    0xf4, 0x10, 0x0, 0x0, 0x0, 0x0, 0xa4, 0xff,
    0xea, 0xfd, 0x36, 0x0, 0x0, 0x0, 0x0, 0x3,
    0x6b, 0xde, 0xff, 0xff, 0xc5, 0x34, 0x0, 0x0,
    0x0, 0x0, 0x1, 0xf5, 0xa8, 0xfc, 0xf4, 0x1c,
    0x0, 0x0, 0x0, 0x0, 0xf4, 0x10, 0x89, 0xff,
    0x57, 0x1a, 0x7f, 0x35, 0xb, 0xf4, 0x34, 0xc5,
    0xff, 0x35, 0x23, 0xff, 0xff, 0xff, 0xff, 0xff,
    0xff, 0x8a, 0x0, 0x0, 0x28, 0x66, 0x82, 0xfa,
    0x74, 0x27, 0x0, 0x0, 0x0, 0x0, 0x0, 0x0,
    0xf4, 0x10, 0x0, 0x0, 0x0, 0x0, 0x0, 0x0,
    0x0, 0x58, 0x6, 0x0, 0x0, 0x0,

    /* U+0025 "%" */
    0x0, 0x55, 0xe6, 0xf5, 0x92, 0x2, 0x0, 0x0,
    0xa, 0xe7, 0x8f, 0x0, 0x0, 0x0, 0xc, 0xf2,
    0xb5, 0x79, 0xff, 0x57, 0x0, 0x0, 0x77, 0xf4,
    0x16, 0x0, 0x0, 0x0, 0x42, 0xff, 0x46, 0x0,
    0xe8, 0xa0, 0x0, 0x10, 0xee, 0x82, 0x0, 0x0,
    0x0, 0x0, 0x55, 0xff, 0x31, 0x0, 0xd3, 0xb4,
    0x0, 0x86, 0xed, 0xe, 0x0, 0x0, 0x0, 0x0,
    0x47, 0xff, 0x3d, 0x0, 0xde, 0xa8, 0x19, 0xf5,
    0x75, 0x0, 0x9, 0x1, 0x0, 0x0, 0x14, 0xfb,
    0x8c, 0x39, 0xff, 0x70, 0x94, 0xe5, 0x20, 0xca,
    0xfc, 0xe3, 0x3b, 0x0, 0x0, 0x79, 0xff, 0xff,
    0xd0, 0x2f, 0xfa, 0x66, 0x93, 0xe7, 0xe, 0xaa,
    0xd9, 0x0, 0x0, 0x0, 0x1f, 0x32, 0x3, 0xa3,
    0xdb, 0x4, 0xd2, 0xb1, 0x0, 0x65, 0xff, 0x1c,
    0x0, 0x0, 0x0, 0x0, 0x2c, 0xfe, 0x58, 0x0,
    0xe2, 0xa5, 0x0, 0x59, 0xff, 0x2d, 0x0, 0x0,
    0x0, 0x0, 0xb1, 0xd0, 0x2, 0x0, 0xcd, 0xb8,
    0x0, 0x6c, 0xff, 0x1a, 0x0, 0x0, 0x0, 0x3a,
    0xff, 0x4b, 0x0, 0x0, 0x88, 0xf3, 0x3e, 0xc6,
    0xd4, 0x0, 0x0, 0x0, 0x0, 0xc0, 0xc3, 0x0,
    0x0, 0x0, 0xd, 0xb4, 0xfa, 0xd6, 0x35, 0x0,

    /* U+0026 "&" */
    0x0, 0x0, 0x2e, 0xbe, 0xf8, 0xf2, 0xa7, 0x12,
    0x0, 0x0, 0x0, 0x0, 0x0, 0x7, 0xe5, 0xf6,
    0x8f, 0xac, 0xff, 0xa6, 0x0, 0x0, 0x0, 0x0,
    0x0, 0x2e, 0xff, 0x95, 0x0, 0x1, 0xe7, 0xe0,
    0x0, 0x0, 0x0, 0x0, 0x0, 0x17, 0xff, 0xb7,
    0x0, 0x22, 0xfa, 0xbd, 0x0, 0x0, 0x0, 0x0,
    0x0, 0x0, 0xab, 0xff, 0x86, 0xe4, 0xf4, 0x36,
    0x0, 0x0, 0x0, 0x0, 0x0, 0x0, 0x3a, 0xff,
    0xff, 0xe2, 0x31, 0x0, 0x0, 0x5, 0x8, 0x2,
    0x0, 0x4c, 0xf7, 0xf8, 0xe7, 0xf9, 0x4b, 0x0,
    0x0, 0xd3, 0xfe, 0x15, 0xb, 0xef, 0xfa, 0x39,
    0x22, 0xe2, 0xf9, 0x4b, 0x2d, 0xff, 0xba, 0x0,
    0x36, 0xff, 0xbc, 0x0, 0x0, 0x23, 0xe4, 0xf9,
    0xd3, 0xff, 0x40, 0x0, 0x28, 0xff, 0xdb, 0x5,
    0x0, 0x0, 0x2b, 0xfb, 0xff, 0xb0, 0x0, 0x0,
    0x0, 0xc1, 0xff, 0xc8, 0x7b, 0x8b, 0xdf, 0xff,
    0xf8, 0xfa, 0x4e, 0x0, 0x0, 0xf, 0x93, 0xe4,
    0xfd, 0xf1, 0xbb, 0x50, 0x2b, 0xe9, 0xfa, 0x50,

    /* U+0027 "'" */
    0xea, 0xce, 0xd8, 0xbb, 0xc5, 0xa9, 0xb2, 0x96,
    0x24, 0x1e,

    /* U+0028 "(" */
    0x0, 0x0, 0x5d, 0xff, 0x44, 0x0, 0x10, 0xee,
    0xb0, 0x0, 0x0, 0x79, 0xff, 0x3d, 0x0, 0x0,
    0xd3, 0xe2, 0x1, 0x0, 0x15, 0xff, 0xa3, 0x0,
    0x0, 0x40, 0xff, 0x76, 0x0, 0x0, 0x56, 0xff,
    0x5f, 0x0, 0x0, 0x5a, 0xff, 0x5c, 0x0, 0x0,
    0x4b, 0xff, 0x6d, 0x0, 0x0, 0x26, 0xff, 0x92,
    0x0, 0x0, 0x1, 0xea, 0xcc, 0x0, 0x0, 0x0,
    0x97, 0xff, 0x21, 0x0, 0x0, 0x2a, 0xfd, 0x8c,
    0x0, 0x0, 0x0, 0x8f, 0xf6, 0x22, 0x0, 0x0,
    0x6, 0x40, 0x20,

    /* U+0029 ")" */
    0x34, 0xfc, 0x72, 0x0, 0x0, 0x0, 0x9c, 0xf7,
    0x1e, 0x0, 0x0, 0x28, 0xff, 0x8e, 0x0, 0x0,
    0x0, 0xce, 0xe8, 0x2, 0x0, 0x0, 0x8e, 0xff,
    0x2a, 0x0, 0x0, 0x63, 0xff, 0x52, 0x0, 0x0,
    0x4d, 0xff, 0x68, 0x0, 0x0, 0x48, 0xff, 0x6c,
    0x0, 0x0, 0x59, 0xff, 0x5c, 0x0, 0x0, 0x7f,
    0xff, 0x39, 0x0, 0x0, 0xb9, 0xf8, 0xa, 0x0,
    0x13, 0xf9, 0xaf, 0x0, 0x0, 0x78, 0xff, 0x3e,
    0x0, 0x17, 0xee, 0xa4, 0x0, 0x0, 0x1b, 0x40,
    0xb, 0x0, 0x0,

    /* U+002A "*" */
    0x0, 0x0, 0x0, 0x73, 0xff, 0x2f, 0x0, 0x0,
    0x0, 0x0, 0x0, 0x0, 0x59, 0xff, 0x15, 0x0,
    0x0, 0x0, 0x2a, 0x9f, 0x54, 0x4c, 0xf9, 0x1c,
    0x66, 0xab, 0x1, 0x4e, 0xf6, 0xff, 0xfe, 0xff,
    0xff, 0xff, 0xf4, 0x16, 0x0, 0x0, 0x18, 0xe3,
    0xfa, 0xb4, 0xa, 0x0, 0x0, 0x0, 0x0, 0x9a,
    0xf5, 0x60, 0xff, 0x5a, 0x0, 0x0, 0x0, 0x2b,
    0xfa, 0x95, 0x1, 0xcf, 0xe0, 0x7, 0x0, 0x0,
    0x0, 0x22, 0x1c, 0x0, 0x2c, 0x11, 0x0, 0x0,

    /* U+002B "+" */
    0x0, 0x0, 0x0, 0x1d, 0xe4, 0x3d, 0x0, 0x0,
    0x0, 0x0, 0x0, 0x0, 0x20, 0xff, 0x44, 0x0,
    0x0, 0x0, 0x7, 0x1c, 0x1c, 0x39, 0xff, 0x59,
    0x1c, 0x1c, 0xb, 0x40, 0xff, 0xff, 0xff, 0xff,
    0xff, 0xff, 0xff, 0x64, 0x13, 0x4c, 0x4c, 0x63,
    0xff, 0x7c, 0x4c, 0x4c, 0x1e, 0x0, 0x0, 0x0,
    0x20, 0xff, 0x44, 0x0, 0x0, 0x0, 0x0, 0x0,
    0x0, 0x20, 0xff, 0x44, 0x0, 0x0, 0x0, 0x0,
    0x0, 0x0, 0x20, 0xff, 0x44, 0x0, 0x0, 0x0,

    /* U+002C "," */
    0x0, 0x3, 0x4, 0x1, 0x0, 0xb4, 0xff, 0x2e,
    0x0, 0xe2, 0xe2, 0x1, 0x16, 0xff, 0x88, 0x0,
    0x4f, 0xfe, 0x24, 0x0,

    /* U+002D "-" */
    0x41, 0x94, 0x94, 0x94, 0x58, 0x70, 0xff, 0xff,
    0xff, 0x98,

    /* U+002E "." */
    0x30, 0x53, 0x2, 0xe7, 0xff, 0x4b, 0xb2, 0xee,
    0x2a,

    /* U+002F "/" */
    0x0, 0x0, 0x0, 0x0, 0xc5, 0xed, 0x5, 0x0,
    0x0, 0x0, 0x22, 0xff, 0x97, 0x0, 0x0, 0x0,
    0x0, 0x7b, 0xff, 0x3d, 0x0, 0x0, 0x0, 0x0,
    0xd7, 0xe0, 0x1, 0x0, 0x0, 0x0, 0x32, 0xff,
    0x86, 0x0, 0x0, 0x0, 0x0, 0x8d, 0xff, 0x2b,
    0x0, 0x0, 0x0, 0x2, 0xe6, 0xd1, 0x0, 0x0,
    0x0, 0x0, 0x43, 0xff, 0x75, 0x0, 0x0, 0x0,
    0x0, 0x9e, 0xfe, 0x1c, 0x0, 0x0, 0x0, 0x8,
    0xf1, 0xbf, 0x0, 0x0, 0x0, 0x0, 0x53, 0xff,
    0x65, 0x0, 0x0, 0x0, 0x0, 0xae, 0xf9, 0x10,
    0x0, 0x0, 0x0, 0x0,

    /* U+0030 "0" */
    0x0, 0x0, 0x65, 0xdc, 0xfc, 0xe0, 0x71, 0x0,
    0x0, 0x0, 0x57, 0xff, 0xe3, 0x97, 0xd7, 0xff,
    0x6f, 0x0, 0x0, 0xd2, 0xfb, 0x21, 0x0, 0xe,
    0xeb, 0xeb, 0x4, 0x15, 0xff, 0xc3, 0x0, 0x0,
    0x0, 0x9f, 0xff, 0x35, 0x39, 0xff, 0x9d, 0x0,
    0x0, 0x0, 0x79, 0xff, 0x5f, 0x49, 0xff, 0x8e,
    0x0, 0x0, 0x0, 0x6a, 0xff, 0x70, 0x48, 0xff,
    0x8e, 0x0, 0x0, 0x0, 0x6a, 0xff, 0x70, 0x37,
    0xff, 0x9d, 0x0, 0x0, 0x0, 0x79, 0xff, 0x61,
    0x11, 0xfe, 0xc3, 0x0, 0x0, 0x0, 0x9e, 0xff,
    0x3e, 0x0, 0xc7, 0xfb, 0x21, 0x0, 0xd, 0xe9,
    0xf2, 0x9, 0x0, 0x48, 0xff, 0xe3, 0x97, 0xd5,
    0xff, 0x7e, 0x0, 0x0, 0x0, 0x58, 0xd7, 0xfc,
    0xe4, 0x7c, 0x2, 0x0,

    /* U+0031 "1" */
    0x0, 0x0, 0x27, 0xdb, 0xff, 0x20, 0x0, 0x49,
    0xf0, 0xff, 0xff, 0x20, 0x6a, 0xfd, 0xcd, 0xc1,
    0xff, 0x20, 0x46, 0xb0, 0xc, 0xb6, 0xff, 0x20,
    0x0, 0x0, 0x0, 0xb8, 0xff, 0x20, 0x0, 0x0,
    0x0, 0xb8, 0xff, 0x20, 0x0, 0x0, 0x0, 0xb8,
    0xff, 0x20, 0x0, 0x0, 0x0, 0xb8, 0xff, 0x20,
    0x0, 0x0, 0x0, 0xb8, 0xff, 0x20, 0x0, 0x0,
    0x0, 0xb8, 0xff, 0x20, 0x0, 0x0, 0x0, 0xb8,
    0xff, 0x20, 0x0, 0x0, 0x0, 0xb8, 0xff, 0x20,

    /* U+0032 "2" */
    0x0, 0x1b, 0x98, 0xe4, 0xfc, 0xe5, 0x88, 0x7,
    0x0, 0xd, 0xe9, 0xff, 0xc2, 0x9d, 0xdf, 0xff,
    0x98, 0x0, 0x0, 0x62, 0x3e, 0x0, 0x0, 0x11,
    0xf2, 0xf8, 0x4, 0x0, 0x0, 0x0, 0x0, 0x0,
    0x0, 0xd5, 0xff, 0xb, 0x0, 0x0, 0x0, 0x0,
    0x0, 0x12, 0xf8, 0xdc, 0x0, 0x0, 0x0, 0x0,
    0x0, 0x0, 0x9c, 0xff, 0x69, 0x0, 0x0, 0x0,
    0x0, 0x0, 0x6f, 0xff, 0xb3, 0x2, 0x0, 0x0,
    0x0, 0x0, 0x5b, 0xfe, 0xc5, 0xa, 0x0, 0x0,
    0x0, 0x0, 0x4f, 0xfc, 0xc7, 0xe, 0x0, 0x0,
    0x0, 0x0, 0x47, 0xf9, 0xc9, 0xf, 0x0, 0x0,
    0x0, 0x0, 0x2a, 0xf6, 0xff, 0xbf, 0xb0, 0xb0,
    0xb0, 0xb0, 0x50, 0x48, 0xff, 0xff, 0xff, 0xff,
    0xff, 0xff, 0xff, 0x74,

    /* U+0033 "3" */
    0x0, 0x4f, 0xba, 0xf1, 0xfc, 0xe3, 0x8f, 0xb,
    0x0, 0x16, 0xf2, 0xeb, 0xa3, 0x92, 0xd5, 0xff,
    0xa9, 0x0, 0x0, 0x35, 0xa, 0x0, 0x0, 0xb,
    0xef, 0xfa, 0x1, 0x0, 0x0, 0x0, 0x0, 0x0,
    0x0, 0xe2, 0xed, 0x0, 0x0, 0x0, 0x0, 0x1,
    0x1a, 0x8a, 0xff, 0x6f, 0x0, 0x0, 0x0, 0x94,
    0xff, 0xff, 0xf1, 0x63, 0x0, 0x0, 0x0, 0x0,
    0x4a, 0x81, 0x95, 0xde, 0xfe, 0x8a, 0x0, 0x0,
    0x0, 0x0, 0x0, 0x0, 0x7, 0xcf, 0xff, 0x32,
    0x0, 0x0, 0x0, 0x0, 0x0, 0x0, 0x99, 0xff,
    0x57, 0x14, 0x8, 0x0, 0x0, 0x0, 0xa, 0xdc,
    0xff, 0x32, 0x54, 0xf0, 0xaf, 0x8e, 0x96, 0xdf,
    0xff, 0xb2, 0x0, 0x24, 0xac, 0xe5, 0xfc, 0xf8,
    0xd4, 0x7c, 0x7, 0x0,

    /* U+0034 "4" */
    0x0, 0x0, 0x0, 0x0, 0x2, 0xc7, 0xff, 0x54,
    0x0, 0x0, 0x0, 0x0, 0x0, 0x6e, 0xff, 0xff,
    0x54, 0x0, 0x0, 0x0, 0x0, 0x1f, 0xf3, 0xd4,
    0xff, 0x54, 0x0, 0x0, 0x0, 0x0, 0xb8, 0xdb,
    0x7a, 0xff, 0x54, 0x0, 0x0, 0x0, 0x5a, 0xff,
    0x43, 0x7b, 0xff, 0x54, 0x0, 0x0, 0x14, 0xeb,
    0x9e, 0x0, 0x7c, 0xff, 0x54, 0x0, 0x0, 0xa2,
    0xe8, 0x11, 0x0, 0x7c, 0xff, 0x54, 0x0, 0x47,
    0xff, 0x56, 0x0, 0x0, 0x7c, 0xff, 0x54, 0x0,
    0xae, 0xff, 0xff, 0xff, 0xff, 0xff, 0xff, 0xff,
    0xe0, 0x60, 0x8c, 0x8c, 0x8c, 0x8c, 0xc4, 0xff,
    0xb2, 0x7b, 0x0, 0x0, 0x0, 0x0, 0x0, 0x7c,
    0xff, 0x54, 0x0, 0x0, 0x0, 0x0, 0x0, 0x0,
    0x7c, 0xff, 0x54, 0x0,

    /* U+0035 "5" */
    0x0, 0x72, 0xff, 0xff, 0xff, 0xff, 0xff, 0x88,
    0x0, 0x0, 0x84, 0xff, 0xba, 0xa8, 0xa8, 0xa8,
    0x59, 0x0, 0x0, 0x96, 0xff, 0x25, 0x0, 0x0,
    0x0, 0x0, 0x0, 0x0, 0xaa, 0xff, 0x10, 0x0,
    0x0, 0x0, 0x0, 0x0, 0x0, 0xbc, 0xfe, 0x7a,
    0x8e, 0x78, 0x29, 0x0, 0x0, 0x0, 0xc4, 0xff,
    0xff, 0xff, 0xff, 0xfd, 0x68, 0x0, 0x0, 0x11,
    0x27, 0x5, 0xe, 0x63, 0xfb, 0xf9, 0x15, 0x0,
    0x0, 0x0, 0x0, 0x0, 0x0, 0xaa, 0xff, 0x4c,
    0x0, 0x0, 0x0, 0x0, 0x0, 0x0, 0x98, 0xff,
    0x49, 0x8, 0x19, 0x0, 0x0, 0x0, 0x12, 0xe3,
    0xfc, 0x18, 0x18, 0xfb, 0xc0, 0x97, 0xa1, 0xe9,
    0xff, 0x8c, 0x0, 0x9, 0x9c, 0xe1, 0xfb, 0xf8,
    0xce, 0x66, 0x1, 0x0,

    /* U+0036 "6" */
    0x0, 0x0, 0x3, 0x6d, 0xcc, 0xf6, 0xfd, 0x9f,
    0x0, 0x0, 0x2, 0xb1, 0xff, 0xda, 0x92, 0x86,
    0x6b, 0x0, 0x0, 0x65, 0xff, 0xa7, 0x4, 0x0,
    0x0, 0x0, 0x0, 0x0, 0xcd, 0xf6, 0x10, 0x0,
    0x0, 0x0, 0x0, 0x0, 0xf, 0xfe, 0xb7, 0x0,
    0xf, 0x1e, 0x3, 0x0, 0x0, 0x31, 0xff, 0x97,
    0xa7, 0xfe, 0xff, 0xe9, 0x53, 0x0, 0x40, 0xff,
    0xf5, 0xb2, 0x5c, 0x75, 0xf1, 0xfa, 0x22, 0x3d,
    0xff, 0xc2, 0x1, 0x0, 0x0, 0x71, 0xff, 0x6e,
    0x1d, 0xff, 0xa6, 0x0, 0x0, 0x0, 0x52, 0xff,
    0x7c, 0x0, 0xd1, 0xf1, 0x1a, 0x0, 0x0, 0x96,
    0xff, 0x54, 0x0, 0x47, 0xfd, 0xe6, 0x96, 0xb3,
    0xff, 0xd9, 0x8, 0x0, 0x0, 0x47, 0xca, 0xfc,
    0xf0, 0xa7, 0x1b, 0x0,

    /* U+0037 "7" */
    0x6c, 0xff, 0xff, 0xff, 0xff, 0xff, 0xff, 0xff,
    0x7c, 0x47, 0xa8, 0xa8, 0xa8, 0xa8, 0xa8, 0xd9,
    0xff, 0x62, 0x0, 0x0, 0x0, 0x0, 0x0, 0x1,
    0xd8, 0xf0, 0xb, 0x0, 0x0, 0x0, 0x0, 0x0,
    0x49, 0xff, 0x8f, 0x0, 0x0, 0x0, 0x0, 0x0,
    0x0, 0xb8, 0xff, 0x25, 0x0, 0x0, 0x0, 0x0,
    0x0, 0x28, 0xff, 0xb9, 0x0, 0x0, 0x0, 0x0,
    0x0, 0x0, 0x96, 0xff, 0x4d, 0x0, 0x0, 0x0,
    0x0, 0x0, 0x11, 0xf5, 0xdf, 0x3, 0x0, 0x0,
    0x0, 0x0, 0x0, 0x73, 0xff, 0x78, 0x0, 0x0,
    0x0, 0x0, 0x0, 0x3, 0xdf, 0xf8, 0x14, 0x0,
    0x0, 0x0, 0x0, 0x0, 0x51, 0xff, 0xa1, 0x0,
    0x0, 0x0, 0x0, 0x0, 0x0, 0xc2, 0xff, 0x34,
    0x0, 0x0, 0x0, 0x0,

    /* U+0038 "8" */
    0x0, 0x7, 0x85, 0xe0, 0xfd, 0xe8, 0x99, 0x12,
    0x0, 0x0, 0x9a, 0xff, 0xbd, 0x78, 0xac, 0xff,
    0xbf, 0x0, 0x0, 0xec, 0xe7, 0x3, 0x0, 0x0,
    0xc6, 0xff, 0x10, 0x0, 0xdd, 0xef, 0x8, 0x0,
    0x1, 0xd1, 0xf6, 0x7, 0x0, 0x63, 0xff, 0xbe,
    0x3d, 0xa3, 0xff, 0x75, 0x0, 0x0, 0x0, 0x71,
    0xff, 0xff, 0xff, 0x6c, 0x0, 0x0, 0x0, 0x3e,
    0xea, 0xee, 0xa4, 0xf6, 0xf1, 0x4d, 0x0, 0xe,
    0xec, 0xe3, 0x1c, 0x0, 0x23, 0xda, 0xf8, 0x24,
    0x48, 0xff, 0x7d, 0x0, 0x0, 0x0, 0x5c, 0xff,
    0x6c, 0x3f, 0xff, 0x9d, 0x0, 0x0, 0x0, 0x78,
    0xff, 0x5f, 0x5, 0xd8, 0xff, 0xa4, 0x74, 0x97,
    0xfa, 0xe3, 0xf, 0x0, 0x19, 0x9f, 0xe8, 0xfe,
    0xec, 0xa6, 0x1f, 0x0,

    /* U+0039 "9" */
    0x0, 0x8, 0x8a, 0xe6, 0xfc, 0xd9, 0x66, 0x0,
    0x0, 0x0, 0xaa, 0xff, 0xca, 0x92, 0xd9, 0xff,
    0x70, 0x0, 0x23, 0xff, 0xc8, 0x3, 0x0, 0xb,
    0xdb, 0xf2, 0xb, 0x4f, 0xff, 0x83, 0x0, 0x0,
    0x0, 0x7f, 0xff, 0x48, 0x46, 0xff, 0x94, 0x0,
    0x0, 0x0, 0x88, 0xff, 0x68, 0xf, 0xf4, 0xf4,
    0x57, 0x29, 0x6a, 0xf6, 0xff, 0x6c, 0x0, 0x59,
    0xf7, 0xff, 0xff, 0xe9, 0x8d, 0xff, 0x5e, 0x0,
    0x0, 0x14, 0x4c, 0x45, 0xb, 0x85, 0xff, 0x3b,
    0x0, 0x0, 0x0, 0x0, 0x0, 0x1, 0xd0, 0xf3,
    0x8, 0x0, 0x0, 0x0, 0x0, 0x0, 0x76, 0xff,
    0x91, 0x0, 0x0, 0x58, 0x88, 0x8c, 0xc7, 0xff,
    0xd1, 0xe, 0x0, 0x0, 0x7b, 0xfa, 0xfa, 0xd7,
    0x82, 0xc, 0x0, 0x0,

    /* U+003A ":" */
    0xb7, 0xee, 0x2a, 0xe7, 0xff, 0x4b, 0x30, 0x55,
    0x2, 0x0, 0x0, 0x0, 0x0, 0x0, 0x0, 0x0,
    0x0, 0x0, 0x30, 0x53, 0x2, 0xe7, 0xff, 0x4b,
    0xb2, 0xee, 0x2a,

    /* U+003B ";" */
    0x0, 0xb9, 0xee, 0x26, 0x0, 0xeb, 0xff, 0x47,
    0x0, 0x32, 0x55, 0x2, 0x0, 0x0, 0x0, 0x0,
    0x0, 0x0, 0x0, 0x0, 0x0, 0x0, 0x0, 0x0,
    0x0, 0x0, 0x0, 0x0, 0x0, 0xc3, 0xff, 0x1e,
    0x1, 0xf1, 0xd3, 0x0, 0x27, 0xff, 0x76, 0x0,
    0x60, 0xfb, 0x18, 0x0, 0x2, 0x3, 0x0, 0x0,

    /* U+003C "<" */
    0x0, 0x0, 0x0, 0x0, 0x0, 0x0, 0x0, 0x0,
    0x1, 0x0, 0x0, 0x0, 0x0, 0x0, 0x0, 0x1e,
    0x98, 0x5e, 0x0, 0x0, 0x0, 0x0, 0x1b, 0x95,
    0xf9, 0xe5, 0x3b, 0x0, 0x0, 0x19, 0x90, 0xf8,
    0xdd, 0x66, 0x8, 0x0, 0xf, 0x8e, 0xf7, 0xd4,
    0x5b, 0x4, 0x0, 0x0, 0x0, 0x36, 0xfd, 0xf2,
    0x68, 0xb, 0x0, 0x0, 0x0, 0x0, 0x0, 0x22,
    0x92, 0xf4, 0xef, 0x8d, 0x21, 0x0, 0x0, 0x0,
    0x0, 0x0, 0x11, 0x78, 0xe5, 0xfd, 0xb2, 0x27,
    0x0, 0x0, 0x0, 0x0, 0x0, 0x6, 0x5e, 0xd1,
    0x64, 0x0, 0x0, 0x0, 0x0, 0x0, 0x0, 0x0,
    0x1, 0xd,

    /* U+003D "=" */
    0x6, 0x1c, 0x1c, 0x1c, 0x1c, 0x1c, 0x1c, 0x1c,
    0xa, 0x34, 0xff, 0xff, 0xff, 0xff, 0xff, 0xff,
    0xff, 0x58, 0xf, 0x4c, 0x4c, 0x4c, 0x4c, 0x4c,
    0x4c, 0x4c, 0x1a, 0x6, 0x1c, 0x1c, 0x1c, 0x1c,
    0x1c, 0x1c, 0x1c, 0xa, 0x34, 0xff, 0xff, 0xff,
    0xff, 0xff, 0xff, 0xff, 0x58, 0xf, 0x4c, 0x4c,
    0x4c, 0x4c, 0x4c, 0x4c, 0x4c, 0x1a,

    /* U+003E ">" */
    0x1, 0x0, 0x0, 0x0, 0x0, 0x0, 0x0, 0x0,
    0x0, 0x3e, 0xaa, 0x2a, 0x0, 0x0, 0x0, 0x0,
    0x0, 0x0, 0x24, 0xda, 0xfe, 0xa7, 0x27, 0x0,
    0x0, 0x0, 0x0, 0x0, 0x3, 0x55, 0xd0, 0xfd,
    0xa4, 0x25, 0x0, 0x0, 0x0, 0x0, 0x0, 0x1,
    0x49, 0xc4, 0xfc, 0xa0, 0x1b, 0x0, 0x0, 0x0,
    0x0, 0x5, 0x58, 0xe5, 0xff, 0x57, 0x0, 0x0,
    0x16, 0x7e, 0xe5, 0xfa, 0xa2, 0x2f, 0x0, 0x17,
    0xa2, 0xf9, 0xef, 0x88, 0x1b, 0x0, 0x0, 0x0,
    0x40, 0xdf, 0x6e, 0xd, 0x0, 0x0, 0x0, 0x0,
    0x0, 0xa, 0x3, 0x0, 0x0, 0x0, 0x0, 0x0,
    0x0, 0x0,

    /* U+003F "?" */
    0x42, 0xac, 0xe8, 0xfc, 0xe4, 0x87, 0x5, 0x91,
    0xf0, 0xac, 0x95, 0xd3, 0xff, 0x81, 0x11, 0xa,
    0x0, 0x0, 0xa, 0xf4, 0xd2, 0x0, 0x0, 0x0,
    0x0, 0xa, 0xf6, 0xc8, 0x0, 0x0, 0x0, 0x8,
    0xad, 0xff, 0x60, 0x0, 0x0, 0xd, 0xc4, 0xfe,
    0x74, 0x0, 0x0, 0x0, 0x8f, 0xff, 0x54, 0x0,
    0x0, 0x0, 0x0, 0xc8, 0xcf, 0x0, 0x0, 0x0,
    0x0, 0x0, 0x30, 0x2e, 0x0, 0x0, 0x0, 0x0,
    0x0, 0x3c, 0x49, 0x0, 0x0, 0x0, 0x0, 0xe,
    0xfd, 0xff, 0x27, 0x0, 0x0, 0x0, 0x5, 0xd3,
    0xe1, 0x11, 0x0, 0x0,

    /* U+0040 "@" */
    0x0, 0x0, 0x0, 0x0, 0x4b, 0xb0, 0xe7, 0xfc,
    0xf1, 0xbd, 0x5a, 0x1, 0x0, 0x0, 0x0, 0x0,
    0x9, 0xac, 0xfb, 0xa5, 0x5c, 0x44, 0x54, 0x9d,
    0xfb, 0xb0, 0x6, 0x0, 0x0, 0x0, 0xae, 0xe6,
    0x30, 0x0, 0x0, 0x0, 0x0, 0x0, 0x38, 0xf3,
    0x8f, 0x0, 0x0, 0x4f, 0xfe, 0x3a, 0x0, 0x62,
    0xd9, 0xfc, 0xef, 0xc3, 0x14, 0x6f, 0xfa, 0x17,
    0x0, 0xba, 0xb6, 0x0, 0x5f, 0xff, 0x89, 0x39,
    0x8e, 0xff, 0x18, 0x10, 0xfe, 0x5a, 0x4, 0xf8,
    0x6c, 0x0, 0xd8, 0xb9, 0x0, 0x0, 0x69, 0xff,
    0xc, 0x0, 0xe7, 0x7a, 0x1c, 0xff, 0x4b, 0x9,
    0xff, 0x77, 0x0, 0x0, 0x77, 0xff, 0x2, 0x0,
    0xe7, 0x78, 0x1f, 0xff, 0x4a, 0x6, 0xfe, 0x78,
    0x0, 0x0, 0x9e, 0xf6, 0x0, 0xe, 0xfe, 0x51,
    0x8, 0xfd, 0x68, 0x0, 0xc4, 0xd1, 0x15, 0x2c,
    0xef, 0xff, 0x26, 0x7e, 0xee, 0xc, 0x0, 0xc5,
    0xb6, 0x0, 0x2f, 0xe6, 0xff, 0xfb, 0x6b, 0xad,
    0xff, 0xf5, 0x4c, 0x0, 0x0, 0x54, 0xff, 0x52,
    0x0, 0x5, 0x2a, 0x13, 0x0, 0x1, 0x28, 0xf,
    0x0, 0x0, 0x0, 0x0, 0x95, 0xfc, 0x91, 0x33,
    0xe, 0xe, 0x2c, 0x63, 0x58, 0x0, 0x0, 0x0,
    0x0, 0x0, 0x0, 0x5e, 0xd3, 0xff, 0xff, 0xff,
    0xff, 0xe3, 0x5b, 0x0, 0x0, 0x0, 0x0, 0x0,
    0x0, 0x0, 0x0, 0x15, 0x32, 0x32, 0x18, 0x0,
    0x0, 0x0, 0x0, 0x0,

    /* U+0041 "A" */
    0x0, 0x0, 0x0, 0x4, 0xea, 0xff, 0x81, 0x0,
    0x0, 0x0, 0x0, 0x0, 0x0, 0x0, 0x49, 0xff,
    0xf8, 0xdb, 0x0, 0x0, 0x0, 0x0, 0x0, 0x0,
    0x0, 0xa3, 0xfd, 0x8c, 0xff, 0x37, 0x0, 0x0,
    0x0, 0x0, 0x0, 0xa, 0xf4, 0xc7, 0x2e, 0xff,
    0x92, 0x0, 0x0, 0x0, 0x0, 0x0, 0x57, 0xff,
    0x75, 0x0, 0xd9, 0xe8, 0x3, 0x0, 0x0, 0x0,
    0x0, 0xb2, 0xff, 0x21, 0x0, 0x84, 0xff, 0x46,
    0x0, 0x0, 0x0, 0x13, 0xfb, 0xcb, 0x0, 0x0,
    0x2f, 0xff, 0xa1, 0x0, 0x0, 0x0, 0x69, 0xff,
    0xff, 0xff, 0xff, 0xff, 0xff, 0xf2, 0x9, 0x0,
    0x0, 0xc3, 0xff, 0xac, 0xa8, 0xa8, 0xa8, 0xd1,
    0xff, 0x56, 0x0, 0x1f, 0xff, 0xd1, 0x0, 0x0,
    0x0, 0x0, 0x40, 0xff, 0xb1, 0x0, 0x79, 0xff,
    0x7c, 0x0, 0x0, 0x0, 0x0, 0x3, 0xe9, 0xf9,
    0x12, 0xd3, 0xff, 0x27, 0x0, 0x0, 0x0, 0x0,
    0x0, 0x97, 0xff, 0x66,

    /* U+0042 "B" */
    0x80, 0xff, 0xff, 0xff, 0xfb, 0xe1, 0xa4, 0x29,
    0x0, 0x80, 0xff, 0xbf, 0x98, 0x9f, 0xd6, 0xff,
    0xed, 0x11, 0x80, 0xff, 0x60, 0x0, 0x0, 0x2,
    0xc1, 0xff, 0x52, 0x80, 0xff, 0x60, 0x0, 0x0,
    0x0, 0x9a, 0xff, 0x4d, 0x80, 0xff, 0x60, 0x0,
    0x5, 0x3a, 0xea, 0xec, 0xf, 0x80, 0xff, 0xff,
    0xff, 0xff, 0xff, 0xd9, 0x2d, 0x0, 0x80, 0xff,
    0xb8, 0x8c, 0x8f, 0xb9, 0xff, 0xd5, 0x1a, 0x80,
    0xff, 0x60, 0x0, 0x0, 0x0, 0x85, 0xff, 0x8b,
    0x80, 0xff, 0x60, 0x0, 0x0, 0x0, 0x4a, 0xff,
    0xad, 0x80, 0xff, 0x60, 0x0, 0x0, 0x0, 0x94,
    0xff, 0x92, 0x80, 0xff, 0xc2, 0x9c, 0x9f, 0xc7,
    0xff, 0xf6, 0x28, 0x80, 0xff, 0xff, 0xff, 0xff,
    0xef, 0xb1, 0x31, 0x0,

    /* U+0043 "C" */
    0x0, 0x0, 0x0, 0x45, 0xb8, 0xf0, 0xfc, 0xe6,
    0xad, 0x38, 0x0, 0x0, 0x77, 0xff, 0xfd, 0xbe,
    0xa4, 0xc9, 0xfe, 0x4c, 0x0, 0x36, 0xfe, 0xee,
    0x35, 0x0, 0x0, 0x0, 0x22, 0x2, 0x0, 0xa8,
    0xff, 0x6c, 0x0, 0x0, 0x0, 0x0, 0x0, 0x0,
    0x0, 0xe9, 0xff, 0x13, 0x0, 0x0, 0x0, 0x0,
    0x0, 0x0, 0x6, 0xff, 0xef, 0x0, 0x0, 0x0,
    0x0, 0x0, 0x0, 0x0, 0x7, 0xff, 0xed, 0x0,
    0x0, 0x0, 0x0, 0x0, 0x0, 0x0, 0x0, 0xee,
    0xff, 0xe, 0x0, 0x0, 0x0, 0x0, 0x0, 0x0,
    0x0, 0xb3, 0xff, 0x5d, 0x0, 0x0, 0x0, 0x0,
    0x0, 0x0, 0x0, 0x4f, 0xff, 0xe5, 0x27, 0x0,
    0x0, 0x0, 0x4, 0x6, 0x0, 0x0, 0x9d, 0xff,
    0xfa, 0xb9, 0xa4, 0xba, 0xf0, 0x30, 0x0, 0x0,
    0x1, 0x63, 0xc9, 0xf5, 0xfd, 0xe8, 0xb2, 0x18,

    /* U+0044 "D" */
    0x80, 0xff, 0xff, 0xff, 0xfa, 0xdb, 0x92, 0x1e,
    0x0, 0x0, 0x80, 0xff, 0xbf, 0x98, 0xa0, 0xd5,
    0xff, 0xf1, 0x3d, 0x0, 0x80, 0xff, 0x60, 0x0,
    0x0, 0x0, 0x61, 0xfe, 0xe9, 0xf, 0x80, 0xff,
    0x60, 0x0, 0x0, 0x0, 0x0, 0xa3, 0xff, 0x6b,
    0x80, 0xff, 0x60, 0x0, 0x0, 0x0, 0x0, 0x50,
    0xff, 0xaa, 0x80, 0xff, 0x60, 0x0, 0x0, 0x0,
    0x0, 0x31, 0xff, 0xc3, 0x80, 0xff, 0x60, 0x0,
    0x0, 0x0, 0x0, 0x33, 0xff, 0xc1, 0x80, 0xff,
    0x60, 0x0, 0x0, 0x0, 0x0, 0x57, 0xff, 0xa3,
    0x80, 0xff, 0x60, 0x0, 0x0, 0x0, 0x0, 0xb2,
    0xff, 0x60, 0x80, 0xff, 0x60, 0x0, 0x0, 0x3,
    0x78, 0xff, 0xe1, 0x9, 0x80, 0xff, 0xc2, 0x9c,
    0xaa, 0xe3, 0xff, 0xe9, 0x32, 0x0, 0x80, 0xff,
    0xff, 0xff, 0xf5, 0xce, 0x83, 0x14, 0x0, 0x0,

    /* U+0045 "E" */
    0x80, 0xff, 0xff, 0xff, 0xff, 0xff, 0xf8, 0x80,
    0xff, 0xc4, 0xa0, 0xa0, 0xa0, 0x9b, 0x80, 0xff,
    0x60, 0x0, 0x0, 0x0, 0x0, 0x80, 0xff, 0x60,
    0x0, 0x0, 0x0, 0x0, 0x80, 0xff, 0x60, 0x0,
    0x0, 0x0, 0x0, 0x80, 0xff, 0xff, 0xff, 0xff,
    0xff, 0xb0, 0x80, 0xff, 0xc2, 0x9c, 0x9c, 0x9c,
    0x6b, 0x80, 0xff, 0x60, 0x0, 0x0, 0x0, 0x0,
    0x80, 0xff, 0x60, 0x0, 0x0, 0x0, 0x0, 0x80,
    0xff, 0x60, 0x0, 0x0, 0x0, 0x0, 0x80, 0xff,
    0xc4, 0xa0, 0xa0, 0xa0, 0x9b, 0x80, 0xff, 0xff,
    0xff, 0xff, 0xff, 0xf8,

    /* U+0046 "F" */
    0x80, 0xff, 0xff, 0xff, 0xff, 0xff, 0xf4, 0x80,
    0xff, 0xc3, 0xa0, 0xa0, 0xa0, 0x99, 0x80, 0xff,
    0x5c, 0x0, 0x0, 0x0, 0x0, 0x80, 0xff, 0x5c,
    0x0, 0x0, 0x0, 0x0, 0x80, 0xff, 0x5c, 0x0,
    0x0, 0x0, 0x0, 0x80, 0xff, 0xc0, 0x9c, 0x9c,
    0x9c, 0x66, 0x80, 0xff, 0xff, 0xff, 0xff, 0xff,
    0xa8, 0x80, 0xff, 0x5c, 0x0, 0x0, 0x0, 0x0,
    0x80, 0xff, 0x5c, 0x0, 0x0, 0x0, 0x0, 0x80,
    0xff, 0x5c, 0x0, 0x0, 0x0, 0x0, 0x80, 0xff,
    0x5c, 0x0, 0x0, 0x0, 0x0, 0x80, 0xff, 0x5c,
    0x0, 0x0, 0x0, 0x0,

    /* U+0047 "G" */
    0x0, 0x0, 0x0, 0x2b, 0x9c, 0xe0, 0xfb, 0xf7,
    0xd7, 0x95, 0x16, 0x0, 0x0, 0x5d, 0xfa, 0xff,
    0xd4, 0xa3, 0xa8, 0xda, 0xec, 0x9, 0x0, 0x2c,
    0xfb, 0xfa, 0x58, 0x0, 0x0, 0x0, 0x0, 0x17,
    0x0, 0x0, 0xa3, 0xff, 0x7d, 0x0, 0x0, 0x0,
    0x0, 0x0, 0x0, 0x0, 0x0, 0xe7, 0xff, 0x16,
    0x0, 0x0, 0x0, 0x0, 0x0, 0x0, 0x0, 0x6,
    0xff, 0xeb, 0x0, 0x0, 0x0, 0x8f, 0xa0, 0xa0,
    0xa0, 0x3c, 0x7, 0xff, 0xe9, 0x0, 0x0, 0x0,
    0xe4, 0xff, 0xff, 0xff, 0x60, 0x0, 0xec, 0xfe,
    0xd, 0x0, 0x0, 0x0, 0x0, 0x78, 0xff, 0x60,
    0x0, 0xb0, 0xff, 0x60, 0x0, 0x0, 0x0, 0x0,
    0x78, 0xff, 0x60, 0x0, 0x48, 0xff, 0xeb, 0x30,
    0x0, 0x0, 0x0, 0x78, 0xff, 0x60, 0x0, 0x0,
    0x8e, 0xff, 0xfc, 0xbe, 0xa0, 0xad, 0xe6, 0xff,
    0x60, 0x0, 0x0, 0x0, 0x53, 0xbd, 0xf1, 0xfd,
    0xf3, 0xd5, 0x9e, 0x28,

    /* U+0048 "H" */
    0x80, 0xff, 0x60, 0x0, 0x0, 0x0, 0x0, 0x5c,
    0xff, 0x84, 0x80, 0xff, 0x60, 0x0, 0x0, 0x0,
    0x0, 0x5c, 0xff, 0x84, 0x80, 0xff, 0x60, 0x0,
    0x0, 0x0, 0x0, 0x5c, 0xff, 0x84, 0x80, 0xff,
    0x60, 0x0, 0x0, 0x0, 0x0, 0x5c, 0xff, 0x84,
    0x80, 0xff, 0x60, 0x0, 0x0, 0x0, 0x0, 0x5c,
    0xff, 0x84, 0x80, 0xff, 0xff, 0xff, 0xff, 0xff,
    0xff, 0xff, 0xff, 0x84, 0x80, 0xff, 0xc4, 0xa0,
    0xa0, 0xa0, 0xa0, 0xc3, 0xff, 0x84, 0x80, 0xff,
    0x60, 0x0, 0x0, 0x0, 0x0, 0x5c, 0xff, 0x84,
    0x80, 0xff, 0x60, 0x0, 0x0, 0x0, 0x0, 0x5c,
    0xff, 0x84, 0x80, 0xff, 0x60, 0x0, 0x0, 0x0,
    0x0, 0x5c, 0xff, 0x84, 0x80, 0xff, 0x60, 0x0,
    0x0, 0x0, 0x0, 0x5c, 0xff, 0x84, 0x80, 0xff,
    0x60, 0x0, 0x0, 0x0, 0x0, 0x5c, 0xff, 0x84,

    /* U+0049 "I" */
    0x80, 0xff, 0x60, 0x80, 0xff, 0x60, 0x80, 0xff,
    0x60, 0x80, 0xff, 0x60, 0x80, 0xff, 0x60, 0x80,
    0xff, 0x60, 0x80, 0xff, 0x60, 0x80, 0xff, 0x60,
    0x80, 0xff, 0x60, 0x80, 0xff, 0x60, 0x80, 0xff,
    0x60, 0x80, 0xff, 0x60,

    /* U+004A "J" */
    0x0, 0x0, 0x0, 0x88, 0xff, 0x58, 0x0, 0x0,
    0x0, 0x88, 0xff, 0x58, 0x0, 0x0, 0x0, 0x88,
    0xff, 0x58, 0x0, 0x0, 0x0, 0x88, 0xff, 0x58,
    0x0, 0x0, 0x0, 0x88, 0xff, 0x58, 0x0, 0x0,
    0x0, 0x88, 0xff, 0x58, 0x0, 0x0, 0x0, 0x88,
    0xff, 0x58, 0x0, 0x0, 0x0, 0x88, 0xff, 0x58,
    0x0, 0x0, 0x0, 0x88, 0xff, 0x58, 0x0, 0x0,
    0x0, 0x88, 0xff, 0x58, 0x0, 0x0, 0x0, 0x88,
    0xff, 0x58, 0x0, 0x0, 0x0, 0x8b, 0xff, 0x55,
    0x0, 0x0, 0x0, 0xba, 0xff, 0x38, 0x2e, 0xad,
    0xc3, 0xff, 0xd9, 0x3, 0x33, 0xf6, 0xf8, 0xba,
    0x24, 0x0,

    /* U+004B "K" */
    0x80, 0xff, 0x60, 0x0, 0x0, 0x0, 0x69, 0xff,
    0xb2, 0x2, 0x80, 0xff, 0x60, 0x0, 0x0, 0x3d,
    0xfa, 0xd6, 0xd, 0x0, 0x80, 0xff, 0x60, 0x0,
    0x1d, 0xe9, 0xef, 0x24, 0x0, 0x0, 0x80, 0xff,
    0x60, 0x9, 0xcd, 0xfd, 0x47, 0x0, 0x0, 0x0,
    0x80, 0xff, 0x60, 0xa3, 0xff, 0x74, 0x0, 0x0,
    0x0, 0x0, 0x80, 0xff, 0xc9, 0xff, 0xf7, 0x16,
    0x0, 0x0, 0x0, 0x0, 0x80, 0xff, 0xff, 0xd2,
    0xff, 0xa7, 0x0, 0x0, 0x0, 0x0, 0x80, 0xff,
    0x89, 0x8, 0xd9, 0xff, 0x4f, 0x0, 0x0, 0x0,
    0x80, 0xff, 0x60, 0x0, 0x3d, 0xfe, 0xe5, 0xe,
    0x0, 0x0, 0x80, 0xff, 0x60, 0x0, 0x0, 0x92,
    0xff, 0x99, 0x0, 0x0, 0x80, 0xff, 0x60, 0x0,
    0x0, 0xb, 0xe0, 0xff, 0x40, 0x0, 0x80, 0xff,
    0x60, 0x0, 0x0, 0x0, 0x45, 0xff, 0xdc, 0xa,

    /* U+004C "L" */
    0x80, 0xff, 0x60, 0x0, 0x0, 0x0, 0x0, 0x0,
    0x80, 0xff, 0x60, 0x0, 0x0, 0x0, 0x0, 0x0,
    0x80, 0xff, 0x60, 0x0, 0x0, 0x0, 0x0, 0x0,
    0x80, 0xff, 0x60, 0x0, 0x0, 0x0, 0x0, 0x0,
    0x80, 0xff, 0x60, 0x0, 0x0, 0x0, 0x0, 0x0,
    0x80, 0xff, 0x60, 0x0, 0x0, 0x0, 0x0, 0x0,
    0x80, 0xff, 0x60, 0x0, 0x0, 0x0, 0x0, 0x0,
    0x80, 0xff, 0x60, 0x0, 0x0, 0x0, 0x0, 0x0,
    0x80, 0xff, 0x60, 0x0, 0x0, 0x0, 0x0, 0x0,
    0x80, 0xff, 0x60, 0x0, 0x0, 0x0, 0x0, 0x0,
    0x80, 0xff, 0xc4, 0xa0, 0xa0, 0xa0, 0xa0, 0x26,
    0x80, 0xff, 0xff, 0xff, 0xff, 0xff, 0xff, 0x3c,

    /* U+004D "M" */
    0x80, 0xff, 0xff, 0x4e, 0x0, 0x0, 0x0, 0x0,
    0x0, 0x8c, 0xff, 0xff, 0x40, 0x80, 0xff, 0xff,
    0xa3, 0x0, 0x0, 0x0, 0x0, 0x1, 0xe3, 0xff,
    0xff, 0x40, 0x80, 0xff, 0xe1, 0xf0, 0x7, 0x0,
    0x0, 0x0, 0x3c, 0xff, 0xc9, 0xff, 0x40, 0x80,
    0xff, 0x95, 0xff, 0x4b, 0x0, 0x0, 0x0, 0x94,
    0xf4, 0x89, 0xff, 0x40, 0x80, 0xff, 0x4a, 0xfe,
    0xa0, 0x0, 0x0, 0x3, 0xe7, 0xa6, 0x89, 0xff,
    0x40, 0x80, 0xff, 0x34, 0xc4, 0xee, 0x5, 0x0,
    0x42, 0xff, 0x4e, 0x8c, 0xff, 0x40, 0x80, 0xff,
    0x34, 0x6d, 0xff, 0x48, 0x0, 0x9a, 0xf1, 0x7,
    0x8c, 0xff, 0x40, 0x80, 0xff, 0x34, 0x19, 0xfd,
    0x9d, 0x5, 0xed, 0xa0, 0x0, 0x8c, 0xff, 0x40,
    0x80, 0xff, 0x34, 0x0, 0xc0, 0xed, 0x4e, 0xff,
    0x48, 0x0, 0x8c, 0xff, 0x40, 0x80, 0xff, 0x34,
    0x0, 0x69, 0xff, 0xdd, 0xed, 0x5, 0x0, 0x8c,
    0xff, 0x40, 0x80, 0xff, 0x34, 0x0, 0x16, 0xfc,
    0xff, 0x9a, 0x0, 0x0, 0x8c, 0xff, 0x40, 0x80,
    0xff, 0x34, 0x0, 0x0, 0xbc, 0xff, 0x44, 0x0,
    0x0, 0x8c, 0xff, 0x40,

    /* U+004E "N" */
    0x80, 0xff, 0xf7, 0x20, 0x0, 0x0, 0x0, 0x0,
    0xac, 0xff, 0x8, 0x80, 0xff, 0xff, 0xad, 0x0,
    0x0, 0x0, 0x0, 0xac, 0xff, 0x8, 0x80, 0xff,
    0xdf, 0xff, 0x43, 0x0, 0x0, 0x0, 0xac, 0xff,
    0x8, 0x80, 0xff, 0x5c, 0xff, 0xd4, 0x4, 0x0,
    0x0, 0xac, 0xff, 0x8, 0x80, 0xff, 0x2a, 0xa5,
    0xff, 0x6e, 0x0, 0x0, 0xac, 0xff, 0x8, 0x80,
    0xff, 0x32, 0x1c, 0xf4, 0xf0, 0x15, 0x0, 0xac,
    0xff, 0x8, 0x80, 0xff, 0x34, 0x0, 0x7a, 0xff,
    0x9c, 0x0, 0xab, 0xff, 0x8, 0x80, 0xff, 0x34,
    0x0, 0x7, 0xde, 0xfe, 0x33, 0xa5, 0xff, 0x8,
    0x80, 0xff, 0x34, 0x0, 0x0, 0x50, 0xff, 0xc7,
    0x9c, 0xff, 0x8, 0x80, 0xff, 0x34, 0x0, 0x0,
    0x0, 0xb9, 0xff, 0xe5, 0xff, 0x8, 0x80, 0xff,
    0x34, 0x0, 0x0, 0x0, 0x28, 0xfb, 0xff, 0xff,
    0x8, 0x80, 0xff, 0x34, 0x0, 0x0, 0x0, 0x0,
    0x8f, 0xff, 0xff, 0x8,

    /* U+004F "O" */
    0x0, 0x0, 0x0, 0x59, 0xc1, 0xf1, 0xfc, 0xe5,
    0xa0, 0x24, 0x0, 0x0, 0x0, 0x0, 0x93, 0xff,
    0xf8, 0xb9, 0xa4, 0xcf, 0xff, 0xf3, 0x36, 0x0,
    0x0, 0x48, 0xff, 0xe4, 0x25, 0x0, 0x0, 0x0,
    0x67, 0xff, 0xdc, 0x4, 0x0, 0xb1, 0xff, 0x5d,
    0x0, 0x0, 0x0, 0x0, 0x0, 0xc4, 0xff, 0x48,
    0x0, 0xed, 0xff, 0x10, 0x0, 0x0, 0x0, 0x0,
    0x0, 0x79, 0xff, 0x84, 0x7, 0xff, 0xf1, 0x0,
    0x0, 0x0, 0x0, 0x0, 0x0, 0x5a, 0xff, 0x9e,
    0x7, 0xff, 0xf1, 0x0, 0x0, 0x0, 0x0, 0x0,
    0x0, 0x59, 0xff, 0x9f, 0x0, 0xed, 0xff, 0x10,
    0x0, 0x0, 0x0, 0x0, 0x0, 0x78, 0xff, 0x85,
    0x0, 0xb0, 0xff, 0x5e, 0x0, 0x0, 0x0, 0x0,
    0x0, 0xc5, 0xff, 0x48, 0x0, 0x45, 0xff, 0xe5,
    0x25, 0x0, 0x0, 0x0, 0x6d, 0xff, 0xda, 0x4,
    0x0, 0x0, 0x8f, 0xff, 0xf8, 0xb8, 0xa4, 0xd1,
    0xff, 0xf0, 0x35, 0x0, 0x0, 0x0, 0x0, 0x56,
    0xc1, 0xf3, 0xfe, 0xe5, 0x9e, 0x22, 0x0, 0x0,

    /* U+0050 "P" */
    0x80, 0xff, 0xff, 0xff, 0xf7, 0xce, 0x69, 0x1,
    0x0, 0x80, 0xff, 0xbf, 0x99, 0xad, 0xf6, 0xff,
    0x76, 0x0, 0x80, 0xff, 0x60, 0x0, 0x0, 0x30,
    0xfe, 0xe9, 0x0, 0x80, 0xff, 0x60, 0x0, 0x0,
    0x0, 0xe0, 0xff, 0xc, 0x80, 0xff, 0x60, 0x0,
    0x0, 0x5, 0xf0, 0xf8, 0x3, 0x80, 0xff, 0x60,
    0x1, 0x20, 0x9e, 0xff, 0xaf, 0x0, 0x80, 0xff,
    0xff, 0xff, 0xff, 0xff, 0xd7, 0x1c, 0x0, 0x80,
    0xff, 0xbf, 0x97, 0x8a, 0x54, 0x6, 0x0, 0x0,
    0x80, 0xff, 0x60, 0x0, 0x0, 0x0, 0x0, 0x0,
    0x0, 0x80, 0xff, 0x60, 0x0, 0x0, 0x0, 0x0,
    0x0, 0x0, 0x80, 0xff, 0x60, 0x0, 0x0, 0x0,
    0x0, 0x0, 0x0, 0x80, 0xff, 0x60, 0x0, 0x0,
    0x0, 0x0, 0x0, 0x0,

    /* U+0051 "Q" */
    0x0, 0x0, 0x0, 0x59, 0xc1, 0xf1, 0xfc, 0xe5,
    0xa0, 0x24, 0x0, 0x0, 0x0, 0x0, 0x93, 0xff,
    0xf8, 0xb9, 0xa4, 0xcf, 0xff, 0xf3, 0x36, 0x0,
    0x0, 0x48, 0xff, 0xe4, 0x25, 0x0, 0x0, 0x0,
    0x67, 0xff, 0xdc, 0x4, 0x0, 0xb1, 0xff, 0x5d,
    0x0, 0x0, 0x0, 0x0, 0x0, 0xc4, 0xff, 0x48,
    0x0, 0xed, 0xff, 0x10, 0x0, 0x0, 0x0, 0x0,
    0x0, 0x79, 0xff, 0x84, 0x7, 0xff, 0xf1, 0x0,
    0x0, 0x0, 0x0, 0x0, 0x0, 0x5a, 0xff, 0x9e,
    0x7, 0xff, 0xf1, 0x0, 0x0, 0x0, 0x0, 0x0,
    0x0, 0x59, 0xff, 0x9f, 0x0, 0xed, 0xff, 0x10,
    0x0, 0x0, 0x0, 0x0, 0x0, 0x78, 0xff, 0x85,
    0x0, 0xb0, 0xff, 0x5e, 0x0, 0x0, 0x0, 0x0,
    0x0, 0xc5, 0xff, 0x48, 0x0, 0x45, 0xff, 0xe5,
    0x25, 0x0, 0x0, 0x0, 0x6d, 0xff, 0xda, 0x4,
    0x0, 0x0, 0x8f, 0xff, 0xf8, 0xb8, 0xa4, 0xd1,
    0xff, 0xf1, 0x35, 0x0, 0x0, 0x0, 0x0, 0x56,
    0xc1, 0xf3, 0xff, 0xff, 0xd7, 0x21, 0x0, 0x0,
    0x0, 0x0, 0x0, 0x0, 0x0, 0x0, 0x17, 0xe0,
    0xff, 0x5f, 0x0, 0x0, 0x0, 0x0, 0x0, 0x0,
    0x0, 0x0, 0x0, 0x2b, 0xf0, 0xfc, 0x52, 0x0,
    0x0, 0x0, 0x0, 0x0, 0x0, 0x0, 0x0, 0x0,
    0x3c, 0x80, 0x79, 0x8,

    /* U+0052 "R" */
    0x80, 0xff, 0xff, 0xff, 0xf5, 0xcd, 0x6a, 0x1,
    0x0, 0x0, 0x80, 0xff, 0xc2, 0x9d, 0xb4, 0xf7,
    0xff, 0x7d, 0x0, 0x0, 0x80, 0xff, 0x60, 0x0,
    0x0, 0x2f, 0xfe, 0xea, 0x0, 0x0, 0x80, 0xff,
    0x60, 0x0, 0x0, 0x0, 0xe0, 0xff, 0xc, 0x0,
    0x80, 0xff, 0x60, 0x0, 0x0, 0x4, 0xf0, 0xf8,
    0x4, 0x0, 0x80, 0xff, 0x60, 0x1, 0x18, 0x93,
    0xff, 0x9e, 0x0, 0x0, 0x80, 0xff, 0xff, 0xff,
    0xff, 0xff, 0xb2, 0xc, 0x0, 0x0, 0x80, 0xff,
    0xbd, 0x94, 0xda, 0xf9, 0x25, 0x0, 0x0, 0x0,
    0x80, 0xff, 0x60, 0x0, 0x38, 0xfe, 0xc3, 0x2,
    0x0, 0x0, 0x80, 0xff, 0x60, 0x0, 0x0, 0x97,
    0xff, 0x70, 0x0, 0x0, 0x80, 0xff, 0x60, 0x0,
    0x0, 0x10, 0xe8, 0xf5, 0x24, 0x0, 0x80, 0xff,
    0x60, 0x0, 0x0, 0x0, 0x58, 0xff, 0xc1, 0x2,

    /* U+0053 "S" */
    0x0, 0x6, 0x81, 0xde, 0xfc, 0xf1, 0xc5, 0x6a,
    0x0, 0x0, 0x9b, 0xff, 0xe0, 0xa5, 0xb7, 0xf0,
    0xa4, 0x0, 0x7, 0xfa, 0xe9, 0xa, 0x0, 0x0,
    0x7, 0x15, 0x0, 0xc, 0xff, 0xdb, 0x0, 0x0,
    0x0, 0x0, 0x0, 0x0, 0x0, 0xc8, 0xff, 0x9c,
    0x14, 0x0, 0x0, 0x0, 0x0, 0x0, 0x28, 0xe1,
    0xff, 0xf7, 0x99, 0x1c, 0x0, 0x0, 0x0, 0x0,
    0xd, 0x7b, 0xe8, 0xff, 0xf2, 0x43, 0x0, 0x0,
    0x0, 0x0, 0x0, 0x8, 0x80, 0xff, 0xe2, 0x1,
    0x0, 0x0, 0x0, 0x0, 0x0, 0x0, 0xce, 0xff,
    0x13, 0x15, 0x25, 0x0, 0x0, 0x0, 0xe, 0xe8,
    0xf7, 0x5, 0x38, 0xff, 0xd5, 0xa7, 0xa4, 0xe5,
    0xff, 0x89, 0x0, 0x18, 0xa6, 0xe1, 0xfc, 0xf9,
    0xd1, 0x6d, 0x2, 0x0,

    /* U+0054 "T" */
    0xc4, 0xff, 0xff, 0xff, 0xff, 0xff, 0xff, 0xff,
    0xcc, 0x7e, 0xa4, 0xa4, 0xcb, 0xff, 0xcf, 0xa4,
    0xa4, 0x83, 0x0, 0x0, 0x0, 0x6c, 0xff, 0x78,
    0x0, 0x0, 0x0, 0x0, 0x0, 0x0, 0x6c, 0xff,
    0x78, 0x0, 0x0, 0x0, 0x0, 0x0, 0x0, 0x6c,
    0xff, 0x78, 0x0, 0x0, 0x0, 0x0, 0x0, 0x0,
    0x6c, 0xff, 0x78, 0x0, 0x0, 0x0, 0x0, 0x0,
    0x0, 0x6c, 0xff, 0x78, 0x0, 0x0, 0x0, 0x0,
    0x0, 0x0, 0x6c, 0xff, 0x78, 0x0, 0x0, 0x0,
    0x0, 0x0, 0x0, 0x6c, 0xff, 0x78, 0x0, 0x0,
    0x0, 0x0, 0x0, 0x0, 0x6c, 0xff, 0x78, 0x0,
    0x0, 0x0, 0x0, 0x0, 0x0, 0x6c, 0xff, 0x78,
    0x0, 0x0, 0x0, 0x0, 0x0, 0x0, 0x6c, 0xff,
    0x78, 0x0, 0x0, 0x0,

    /* U+0055 "U" */
    0x98, 0xff, 0x48, 0x0, 0x0, 0x0, 0x0, 0x64,
    0xff, 0x78, 0x98, 0xff, 0x48, 0x0, 0x0, 0x0,
    0x0, 0x64, 0xff, 0x78, 0x98, 0xff, 0x48, 0x0,
    0x0, 0x0, 0x0, 0x64, 0xff, 0x78, 0x98, 0xff,
    0x48, 0x0, 0x0, 0x0, 0x0, 0x64, 0xff, 0x78,
    0x98, 0xff, 0x48, 0x0, 0x0, 0x0, 0x0, 0x64,
    0xff, 0x78, 0x98, 0xff, 0x48, 0x0, 0x0, 0x0,
    0x0, 0x64, 0xff, 0x78, 0x98, 0xff, 0x48, 0x0,
    0x0, 0x0, 0x0, 0x64, 0xff, 0x78, 0x97, 0xff,
    0x4a, 0x0, 0x0, 0x0, 0x0, 0x65, 0xff, 0x77,
    0x87, 0xff, 0x67, 0x0, 0x0, 0x0, 0x0, 0x83,
    0xff, 0x64, 0x42, 0xff, 0xd0, 0xd, 0x0, 0x0,
    0x17, 0xe2, 0xfe, 0x22, 0x0, 0xb1, 0xff, 0xe9,
    0xab, 0xac, 0xef, 0xff, 0x88, 0x0, 0x0, 0x6,
    0x7d, 0xd8, 0xfb, 0xf7, 0xcc, 0x61, 0x0, 0x0,

    /* U+0056 "V" */
    0xd5, 0xfe, 0x18, 0x0, 0x0, 0x0, 0x0, 0x1e,
    0xff, 0xcd, 0x80, 0xff, 0x67, 0x0, 0x0, 0x0,
    0x0, 0x6e, 0xff, 0x78, 0x2b, 0xff, 0xba, 0x0,
    0x0, 0x0, 0x0, 0xc2, 0xff, 0x23, 0x0, 0xd5,
    0xfa, 0x10, 0x0, 0x0, 0x15, 0xfd, 0xcf, 0x0,
    0x0, 0x80, 0xff, 0x5d, 0x0, 0x0, 0x66, 0xff,
    0x79, 0x0, 0x0, 0x2b, 0xff, 0xae, 0x0, 0x0,
    0xb6, 0xff, 0x24, 0x0, 0x0, 0x0, 0xd5, 0xf7,
    0xb, 0xf, 0xfa, 0xcf, 0x0, 0x0, 0x0, 0x0,
    0x80, 0xff, 0x52, 0x5a, 0xff, 0x7b, 0x0, 0x0,
    0x0, 0x0, 0x2b, 0xff, 0x9d, 0xa3, 0xff, 0x26,
    0x0, 0x0, 0x0, 0x0, 0x0, 0xd5, 0xdd, 0xe3,
    0xd1, 0x0, 0x0, 0x0, 0x0, 0x0, 0x0, 0x80,
    0xff, 0xff, 0x7c, 0x0, 0x0, 0x0, 0x0, 0x0,
    0x0, 0x2b, 0xff, 0xff, 0x27, 0x0, 0x0, 0x0,

    /* U+0057 "W" */
    0xc0, 0xff, 0x1e, 0x0, 0x0, 0x0, 0x82, 0xff,
    0x96, 0x0, 0x0, 0x0, 0x6, 0xf8, 0xe4, 0x0,
    0x80, 0xff, 0x5a, 0x0, 0x0, 0x0, 0xc5, 0xff,
    0xdc, 0x0, 0x0, 0x0, 0x3b, 0xff, 0xa4, 0x0,
    0x41, 0xff, 0x97, 0x0, 0x0, 0xc, 0xfb, 0xea,
    0xff, 0x1f, 0x0, 0x0, 0x76, 0xff, 0x64, 0x0,
    0xa, 0xfa, 0xd3, 0x0, 0x0, 0x4c, 0xff, 0x8d,
    0xff, 0x64, 0x0, 0x0, 0xb1, 0xff, 0x24, 0x0,
    0x0, 0xc4, 0xfe, 0x11, 0x0, 0x8f, 0xff, 0x20,
    0xf8, 0xa9, 0x0, 0x1, 0xec, 0xe4, 0x0, 0x0,
    0x0, 0x84, 0xff, 0x4c, 0x0, 0xd2, 0xd6, 0x0,
    0xbe, 0xec, 0x2, 0x28, 0xff, 0xa4, 0x0, 0x0,
    0x0, 0x44, 0xff, 0x89, 0x16, 0xff, 0x94, 0x0,
    0x7a, 0xff, 0x32, 0x65, 0xff, 0x67, 0x0, 0x0,
    0x0, 0xa, 0xfa, 0xc1, 0x56, 0xff, 0x50, 0x0,
    0x35, 0xff, 0x74, 0x9f, 0xff, 0x27, 0x0, 0x0,
    0x0, 0x0, 0xc5, 0xf4, 0x8f, 0xfd, 0x10, 0x0,
    0x3, 0xee, 0xab, 0xd2, 0xe7, 0x0, 0x0, 0x0,
    0x0, 0x0, 0x87, 0xff, 0xdb, 0xcb, 0x0, 0x0,
    0x0, 0xae, 0xdf, 0xfb, 0xa7, 0x0, 0x0, 0x0,
    0x0, 0x0, 0x47, 0xff, 0xff, 0x87, 0x0, 0x0,
    0x0, 0x6a, 0xff, 0xff, 0x67, 0x0, 0x0, 0x0,
    0x0, 0x0, 0xc, 0xfb, 0xff, 0x45, 0x0, 0x0,
    0x0, 0x25, 0xff, 0xff, 0x27, 0x0, 0x0, 0x0,

    /* U+0058 "X" */
    0x69, 0xff, 0xa7, 0x0, 0x0, 0x0, 0x0, 0xa3,
    0xff, 0x59, 0x2, 0xca, 0xff, 0x3d, 0x0, 0x0,
    0x39, 0xff, 0xbe, 0x0, 0x0, 0x33, 0xfd, 0xcf,
    0x3, 0x2, 0xca, 0xfa, 0x28, 0x0, 0x0, 0x0,
    0x93, 0xff, 0x68, 0x61, 0xff, 0x87, 0x0, 0x0,
    0x0, 0x0, 0xf, 0xe7, 0xec, 0xe8, 0xe1, 0xa,
    0x0, 0x0, 0x0, 0x0, 0x0, 0x60, 0xff, 0xff,
    0x55, 0x0, 0x0, 0x0, 0x0, 0x0, 0x0, 0x9d,
    0xff, 0xff, 0x88, 0x0, 0x0, 0x0, 0x0, 0x0,
    0x3a, 0xff, 0xaf, 0xd1, 0xfa, 0x2b, 0x0, 0x0,
    0x0, 0x4, 0xd1, 0xf6, 0x20, 0x40, 0xff, 0xc4,
    0x1, 0x0, 0x0, 0x70, 0xff, 0x80, 0x0, 0x0,
    0xaa, 0xff, 0x63, 0x0, 0x1b, 0xf3, 0xe0, 0x9,
    0x0, 0x0, 0x1e, 0xf6, 0xec, 0x14, 0xaa, 0xff,
    0x53, 0x0, 0x0, 0x0, 0x0, 0x7e, 0xff, 0xa0,

    /* U+0059 "Y" */
    0xbe, 0xff, 0x4d, 0x0, 0x0, 0x0, 0x1, 0xcd,
    0xff, 0x37, 0x3b, 0xff, 0xcd, 0x1, 0x0, 0x0,
    0x50, 0xff, 0xb1, 0x0, 0x0, 0xb8, 0xff, 0x50,
    0x0, 0x2, 0xd0, 0xfe, 0x30, 0x0, 0x0, 0x33,
    0xff, 0xcf, 0x1, 0x56, 0xff, 0xa9, 0x0, 0x0,
    0x0, 0x0, 0xb0, 0xff, 0x52, 0xd6, 0xfd, 0x27,
    0x0, 0x0, 0x0, 0x0, 0x2d, 0xfe, 0xf1, 0xff,
    0xa0, 0x0, 0x0, 0x0, 0x0, 0x0, 0x0, 0xa7,
    0xff, 0xfa, 0x21, 0x0, 0x0, 0x0, 0x0, 0x0,
    0x0, 0x3b, 0xff, 0xb4, 0x0, 0x0, 0x0, 0x0,
    0x0, 0x0, 0x0, 0x30, 0xff, 0xac, 0x0, 0x0,
    0x0, 0x0, 0x0, 0x0, 0x0, 0x30, 0xff, 0xac,
    0x0, 0x0, 0x0, 0x0, 0x0, 0x0, 0x0, 0x30,
    0xff, 0xac, 0x0, 0x0, 0x0, 0x0, 0x0, 0x0,
    0x0, 0x30, 0xff, 0xac, 0x0, 0x0, 0x0, 0x0,

    /* U+005A "Z" */
    0x50, 0xff, 0xff, 0xff, 0xff, 0xff, 0xff, 0xff,
    0x90, 0x33, 0xa4, 0xa4, 0xa4, 0xa4, 0xa4, 0xee,
    0xff, 0x69, 0x0, 0x0, 0x0, 0x0, 0x0, 0x3e,
    0xff, 0xcb, 0x3, 0x0, 0x0, 0x0, 0x0, 0x8,
    0xd9, 0xfb, 0x2e, 0x0, 0x0, 0x0, 0x0, 0x0,
    0x87, 0xff, 0x84, 0x0, 0x0, 0x0, 0x0, 0x0,
    0x30, 0xfb, 0xd9, 0x7, 0x0, 0x0, 0x0, 0x0,
    0x3, 0xcc, 0xff, 0x3e, 0x0, 0x0, 0x0, 0x0,
    0x0, 0x74, 0xff, 0x98, 0x0, 0x0, 0x0, 0x0,
    0x0, 0x23, 0xf6, 0xe5, 0xf, 0x0, 0x0, 0x0,
    0x0, 0x1, 0xbc, 0xff, 0x50, 0x0, 0x0, 0x0,
    0x0, 0x0, 0x59, 0xff, 0xf3, 0xa0, 0xa0, 0xa0,
    0xa0, 0xa0, 0x73, 0x80, 0xff, 0xff, 0xff, 0xff,
    0xff, 0xff, 0xff, 0xb8,

    /* U+005B "[" */
    0xc8, 0xff, 0xff, 0xe0, 0xc8, 0xea, 0x64, 0x58,
    0xc8, 0xdc, 0x0, 0x0, 0xc8, 0xdc, 0x0, 0x0,
    0xc8, 0xdc, 0x0, 0x0, 0xc8, 0xdc, 0x0, 0x0,
    0xc8, 0xdc, 0x0, 0x0, 0xc8, 0xdc, 0x0, 0x0,
    0xc8, 0xdc, 0x0, 0x0, 0xc8, 0xdc, 0x0, 0x0,
    0xc8, 0xdc, 0x0, 0x0, 0xc8, 0xdc, 0x0, 0x0,
    0xc8, 0xdf, 0x18, 0x15, 0xc8, 0xff, 0xff, 0xe0,
    0x38, 0x48, 0x48, 0x3f,

    /* U+005C "\\" */
    0xae, 0xf9, 0x10, 0x0, 0x0, 0x0, 0x0, 0x55,
    0xff, 0x65, 0x0, 0x0, 0x0, 0x0, 0x8, 0xf2,
    0xbf, 0x0, 0x0, 0x0, 0x0, 0x0, 0x9f, 0xfe,
    0x1c, 0x0, 0x0, 0x0, 0x0, 0x45, 0xff, 0x75,
    0x0, 0x0, 0x0, 0x0, 0x3, 0xe7, 0xd1, 0x0,
    0x0, 0x0, 0x0, 0x0, 0x8f, 0xff, 0x2b, 0x0,
    0x0, 0x0, 0x0, 0x35, 0xff, 0x86, 0x0, 0x0,
    0x0, 0x0, 0x0, 0xda, 0xe0, 0x1, 0x0, 0x0,
    0x0, 0x0, 0x7f, 0xff, 0x3d, 0x0, 0x0, 0x0,
    0x0, 0x25, 0xff, 0x97, 0x0, 0x0, 0x0, 0x0,
    0x0, 0xc9, 0xed, 0x5,

    /* U+005D "]" */
    0x98, 0xff, 0xff, 0xff, 0x10, 0x3b, 0x64, 0xc1,
    0xff, 0x10, 0x0, 0x0, 0x98, 0xff, 0x10, 0x0,
    0x0, 0x98, 0xff, 0x10, 0x0, 0x0, 0x98, 0xff,
    0x10, 0x0, 0x0, 0x98, 0xff, 0x10, 0x0, 0x0,
    0x98, 0xff, 0x10, 0x0, 0x0, 0x98, 0xff, 0x10,
    0x0, 0x0, 0x98, 0xff, 0x10, 0x0, 0x0, 0x98,
    0xff, 0x10, 0x0, 0x0, 0x98, 0xff, 0x10, 0x0,
    0x0, 0x98, 0xff, 0x10, 0xe, 0x18, 0xa2, 0xff,
    0x10, 0x98, 0xff, 0xff, 0xff, 0x10, 0x2b, 0x48,
    0x48, 0x48, 0x5,

    /* U+005E "^" */
    0x0, 0x0, 0x0, 0x19, 0x7b, 0x3, 0x0, 0x0,
    0x0, 0x0, 0x0, 0x0, 0x88, 0xff, 0x5d, 0x0,
    0x0, 0x0, 0x0, 0x0, 0xd, 0xf0, 0xda, 0xdc,
    0x4, 0x0, 0x0, 0x0, 0x0, 0x73, 0xed, 0x22,
    0xf7, 0x60, 0x0, 0x0, 0x0, 0x5, 0xe1, 0x86,
    0x0, 0x91, 0xde, 0x5, 0x0, 0x0, 0x5c, 0xfb,
    0x1b, 0x0, 0x1c, 0xfa, 0x64, 0x0, 0x1, 0xd0,
    0xa7, 0x0, 0x0, 0x0, 0x98, 0xdf, 0x6, 0x45,
    0xff, 0x37, 0x0, 0x0, 0x0, 0x21, 0xfb, 0x67,

    /* U+005F "_" */
    0x8, 0xf0, 0xf0, 0xf0, 0xf0, 0xf0, 0xf0, 0xc7,
    0x1, 0x1c, 0x1c, 0x1c, 0x1c, 0x1c, 0x1c, 0x17,

    /* U+0060 "`" */
    0x20, 0x80, 0x74, 0x1, 0x0, 0x0, 0x82, 0xff,
    0x74, 0x0, 0x0, 0x0, 0x67, 0xf5, 0x3d,

    /* U+0061 "a" */
    0x0, 0x20, 0x9b, 0xdf, 0xfc, 0xee, 0xa9, 0x17,
    0x0, 0x0, 0x21, 0xf3, 0xa1, 0x75, 0xb6, 0xff,
    0xb4, 0x0, 0x0, 0x0, 0xc, 0x0, 0x0, 0x4,
    0xea, 0xfa, 0x1, 0x0, 0x0, 0x0, 0x0, 0x0,
    0x0, 0xc9, 0xff, 0x8, 0x0, 0x34, 0xb1, 0xe8,
    0xfb, 0xfc, 0xff, 0xff, 0x8, 0x16, 0xf4, 0xf7,
    0x6d, 0x34, 0x2c, 0xd5, 0xff, 0x8, 0x47, 0xff,
    0xa6, 0x0, 0x0, 0x5, 0xe9, 0xff, 0x8, 0x21,
    0xfd, 0xe7, 0x58, 0x53, 0xbb, 0xf2, 0xff, 0x8,
    0x0, 0x61, 0xe2, 0xfc, 0xe0, 0x72, 0x6c, 0xff,
    0x8,

    /* U+0062 "b" */
    0xb0, 0xff, 0x28, 0x0, 0x0, 0x0, 0x0, 0x0,
    0x0, 0xb0, 0xff, 0x28, 0x0, 0x0, 0x0, 0x0,
    0x0, 0x0, 0xb0, 0xff, 0x28, 0x0, 0x0, 0x0,
    0x0, 0x0, 0x0, 0xb0, 0xff, 0x4b, 0xc3, 0xfc,
    0xe8, 0x7c, 0x1, 0x0, 0xb0, 0xff, 0xeb, 0xa4,
    0x8e, 0xe5, 0xff, 0x75, 0x0, 0xb0, 0xff, 0x7f,
    0x0, 0x0, 0x26, 0xfd, 0xe6, 0x0, 0xb0, 0xff,
    0x36, 0x0, 0x0, 0x0, 0xd1, 0xff, 0x18, 0xb0,
    0xff, 0x29, 0x0, 0x0, 0x0, 0xbf, 0xff, 0x26,
    0xb0, 0xff, 0x3d, 0x0, 0x0, 0x0, 0xd4, 0xff,
    0x17, 0xb0, 0xff, 0x8a, 0x0, 0x0, 0x2e, 0xff,
    0xe1, 0x0, 0xb0, 0xff, 0xf0, 0xab, 0x93, 0xe9,
    0xff, 0x6c, 0x0, 0xb0, 0xd4, 0x34, 0xcb, 0xfb,
    0xe5, 0x78, 0x1, 0x0,

    /* U+0063 "c" */
    0x0, 0x0, 0x4f, 0xc8, 0xf8, 0xf8, 0xcc, 0x34,
    0x0, 0x59, 0xff, 0xf0, 0x9e, 0x9f, 0xdb, 0x18,
    0x0, 0xdd, 0xfd, 0x2d, 0x0, 0x0, 0x0, 0x0,
    0x1b, 0xff, 0xcc, 0x0, 0x0, 0x0, 0x0, 0x0,
    0x2e, 0xff, 0xb6, 0x0, 0x0, 0x0, 0x0, 0x0,
    0x1f, 0xff, 0xcc, 0x0, 0x0, 0x0, 0x0, 0x0,
    0x1, 0xe7, 0xfd, 0x2d, 0x0, 0x0, 0x1, 0x7,
    0x0, 0x6a, 0xff, 0xef, 0x9d, 0x9d, 0xd9, 0x3c,
    0x0, 0x0, 0x64, 0xd4, 0xfb, 0xf7, 0xc0, 0x1e,

    /* U+0064 "d" */
    0x0, 0x0, 0x0, 0x0, 0x0, 0x0, 0x30, 0xff,
    0xa8, 0x0, 0x0, 0x0, 0x0, 0x0, 0x0, 0x30,
    0xff, 0xa8, 0x0, 0x0, 0x0, 0x0, 0x0, 0x0,
    0x30, 0xff, 0xa8, 0x0, 0x2, 0x7f, 0xe8, 0xfa,
    0xc2, 0x50, 0xff, 0xa8, 0x0, 0x79, 0xff, 0xea,
    0x96, 0xac, 0xec, 0xff, 0xa8, 0x2, 0xeb, 0xfd,
    0x29, 0x0, 0x0, 0x7e, 0xff, 0xa8, 0x1f, 0xff,
    0xca, 0x0, 0x0, 0x0, 0x2d, 0xff, 0xa8, 0x2e,
    0xff, 0xb3, 0x0, 0x0, 0x0, 0x19, 0xff, 0xa8,
    0x21, 0xff, 0xc5, 0x0, 0x0, 0x0, 0x28, 0xff,
    0xa8, 0x2, 0xee, 0xfa, 0x22, 0x0, 0x0, 0x74,
    0xff, 0xa8, 0x0, 0x80, 0xff, 0xe4, 0x8e, 0xa2,
    0xe3, 0xff, 0xa8, 0x0, 0x3, 0x84, 0xeb, 0xf9,
    0xbf, 0x24, 0xe7, 0xa8,

    /* U+0065 "e" */
    0x0, 0x0, 0x52, 0xcf, 0xfb, 0xed, 0x9c, 0xf,
    0x0, 0x0, 0x53, 0xff, 0xda, 0x74, 0x95, 0xff,
    0xbd, 0x0, 0x0, 0xd9, 0xfc, 0x1f, 0x0, 0x0,
    0xa1, 0xff, 0x38, 0x1b, 0xff, 0xd1, 0x14, 0x14,
    0x14, 0x6d, 0xff, 0x6b, 0x2e, 0xff, 0xff, 0xff,
    0xff, 0xff, 0xff, 0xff, 0x78, 0x1d, 0xff, 0xcd,
    0x44, 0x44, 0x44, 0x44, 0x44, 0x20, 0x0, 0xdd,
    0xf3, 0x1a, 0x0, 0x0, 0x0, 0x0, 0x0, 0x0,
    0x50, 0xfe, 0xe6, 0x8c, 0x7c, 0x96, 0xd5, 0x8,
    0x0, 0x0, 0x44, 0xbf, 0xf5, 0xfd, 0xe4, 0x9d,
    0x3,

    /* U+0066 "f" */
    0x0, 0x0, 0x6d, 0xdf, 0xfc, 0xec, 0x4f, 0x0,
    0x26, 0xff, 0xed, 0x8a, 0x94, 0x1c, 0x0, 0x4b,
    0xff, 0x8e, 0x0, 0x0, 0x0, 0x70, 0xeb, 0xff,
    0xff, 0xff, 0xa4, 0x0, 0x4e, 0x98, 0xff, 0xbb,
    0x6c, 0x45, 0x0, 0x0, 0x4c, 0xff, 0x88, 0x0,
    0x0, 0x0, 0x0, 0x4c, 0xff, 0x88, 0x0, 0x0,
    0x0, 0x0, 0x4c, 0xff, 0x88, 0x0, 0x0, 0x0,
    0x0, 0x4c, 0xff, 0x88, 0x0, 0x0, 0x0, 0x0,
    0x4c, 0xff, 0x88, 0x0, 0x0, 0x0, 0x0, 0x4c,
    0xff, 0x88, 0x0, 0x0, 0x0, 0x0, 0x4c, 0xff,
    0x88, 0x0, 0x0, 0x0,

    /* U+0067 "g" */
    0x0, 0x1a, 0xa9, 0xf0, 0xff, 0xff, 0xff, 0xff,
    0x9c, 0x0, 0xc9, 0xfb, 0x6a, 0x48, 0xcb, 0xff,
    0x94, 0x2b, 0x20, 0xff, 0xb5, 0x0, 0x0, 0x48,
    0xff, 0x87, 0x0, 0x28, 0xff, 0xa9, 0x0, 0x0,
    0x3d, 0xff, 0x93, 0x0, 0x3, 0xe2, 0xf0, 0x32,
    0x10, 0xa6, 0xff, 0x4c, 0x0, 0x0, 0x37, 0xf1,
    0xff, 0xff, 0xf6, 0x7b, 0x0, 0x0, 0x0, 0x83,
    0xec, 0x39, 0x2e, 0x9, 0x0, 0x0, 0x0, 0x0,
    0xb1, 0xf9, 0xa6, 0x98, 0x97, 0x80, 0x27, 0x0,
    0x4, 0x81, 0xff, 0xff, 0xff, 0xff, 0xff, 0xf7,
    0x2c, 0x8d, 0xfc, 0x4b, 0x4, 0x0, 0xa, 0x7a,
    0xff, 0x7a, 0xd1, 0xe0, 0x0, 0x0, 0x0, 0x0,
    0x50, 0xff, 0x6f, 0x9b, 0xff, 0x9c, 0x57, 0x57,
    0x88, 0xf1, 0xe5, 0x16, 0xa, 0x8e, 0xe1, 0xfd,
    0xfa, 0xda, 0x92, 0x1a, 0x0,

    /* U+0068 "h" */
    0xb0, 0xff, 0x28, 0x0, 0x0, 0x0, 0x0, 0x0,
    0xb0, 0xff, 0x28, 0x0, 0x0, 0x0, 0x0, 0x0,
    0xb0, 0xff, 0x28, 0x0, 0x0, 0x0, 0x0, 0x0,
    0xb0, 0xff, 0x4b, 0xbe, 0xf9, 0xf0, 0x9f, 0xd,
    0xb0, 0xff, 0xeb, 0xad, 0x8a, 0xd9, 0xff, 0x95,
    0xb0, 0xff, 0x90, 0x0, 0x0, 0x1d, 0xff, 0xde,
    0xb0, 0xff, 0x3f, 0x0, 0x0, 0x0, 0xef, 0xec,
    0xb0, 0xff, 0x29, 0x0, 0x0, 0x0, 0xec, 0xec,
    0xb0, 0xff, 0x28, 0x0, 0x0, 0x0, 0xec, 0xec,
    0xb0, 0xff, 0x28, 0x0, 0x0, 0x0, 0xec, 0xec,
    0xb0, 0xff, 0x28, 0x0, 0x0, 0x0, 0xec, 0xec,
    0xb0, 0xff, 0x28, 0x0, 0x0, 0x0, 0xec, 0xec,

    /* U+0069 "i" */
    0x99, 0xee, 0x25, 0xa7, 0xf7, 0x2a, 0x1, 0x7,
    0x0, 0xb0, 0xff, 0x28, 0xb0, 0xff, 0x28, 0xb0,
    0xff, 0x28, 0xb0, 0xff, 0x28, 0xb0, 0xff, 0x28,
    0xb0, 0xff, 0x28, 0xb0, 0xff, 0x28, 0xb0, 0xff,
    0x28, 0xb0, 0xff, 0x28,

    /* U+006A "j" */
    0x0, 0x0, 0x99, 0xee, 0x25, 0x0, 0x0, 0xa7,
    0xf7, 0x2a, 0x0, 0x0, 0x1, 0x7, 0x0, 0x0,
    0x0, 0xb0, 0xff, 0x28, 0x0, 0x0, 0xb0, 0xff,
    0x28, 0x0, 0x0, 0xb0, 0xff, 0x28, 0x0, 0x0,
    0xb0, 0xff, 0x28, 0x0, 0x0, 0xb0, 0xff, 0x28,
    0x0, 0x0, 0xb0, 0xff, 0x28, 0x0, 0x0, 0xb0,
    0xff, 0x28, 0x0, 0x0, 0xb0, 0xff, 0x28, 0x0,
    0x0, 0xb0, 0xff, 0x28, 0x0, 0x0, 0xb0, 0xff,
    0x28, 0x0, 0x0, 0xbe, 0xff, 0x22, 0x91, 0x9d,
    0xfe, 0xe8, 0x3, 0xdd, 0xfd, 0xd6, 0x3f, 0x0,

    /* U+006B "k" */
    0xb0, 0xff, 0x28, 0x0, 0x0, 0x0, 0x0, 0x0,
    0x0, 0xb0, 0xff, 0x28, 0x0, 0x0, 0x0, 0x0,
    0x0, 0x0, 0xb0, 0xff, 0x28, 0x0, 0x0, 0x0,
    0x0, 0x0, 0x0, 0xb0, 0xff, 0x28, 0x0, 0x2,
    0xac, 0xff, 0x6e, 0x0, 0xb0, 0xff, 0x28, 0x0,
    0x92, 0xff, 0x8a, 0x0, 0x0, 0xb0, 0xff, 0x27,
    0x75, 0xff, 0xa4, 0x1, 0x0, 0x0, 0xb0, 0xff,
    0x6e, 0xff, 0xbf, 0x6, 0x0, 0x0, 0x0, 0xb0,
    0xff, 0xf5, 0xff, 0xd6, 0x9, 0x0, 0x0, 0x0,
    0xb0, 0xff, 0xa8, 0x85, 0xff, 0x97, 0x0, 0x0,
    0x0, 0xb0, 0xff, 0x28, 0x4, 0xc8, 0xff, 0x50,
    0x0, 0x0, 0xb0, 0xff, 0x28, 0x0, 0x25, 0xf4,
    0xed, 0x1b, 0x0, 0xb0, 0xff, 0x28, 0x0, 0x0,
    0x66, 0xff, 0xbe, 0x2,

    /* U+006C "l" */
    0xb0, 0xff, 0x28, 0xb0, 0xff, 0x28, 0xb0, 0xff,
    0x28, 0xb0, 0xff, 0x28, 0xb0, 0xff, 0x28, 0xb0,
    0xff, 0x28, 0xb0, 0xff, 0x28, 0xb0, 0xff, 0x28,
    0xb0, 0xff, 0x28, 0xb0, 0xff, 0x28, 0xb0, 0xff,
    0x28, 0xb0, 0xff, 0x28,

    /* U+006D "m" */
    0xb0, 0xd6, 0x34, 0xc8, 0xfb, 0xe8, 0x7d, 0xb,
    0x9b, 0xef, 0xf8, 0xbb, 0x1e, 0x0, 0xb0, 0xfd,
    0xe9, 0xa7, 0x95, 0xf4, 0xff, 0xd7, 0xd5, 0x8e,
    0xc9, 0xff, 0xb7, 0x0, 0xb0, 0xff, 0x8a, 0x0,
    0x0, 0x6f, 0xff, 0xe8, 0xc, 0x0, 0xa, 0xf3,
    0xf6, 0x0, 0xb0, 0xff, 0x3d, 0x0, 0x0, 0x43,
    0xff, 0xa5, 0x0, 0x0, 0x0, 0xd3, 0xff, 0x4,
    0xb0, 0xff, 0x29, 0x0, 0x0, 0x40, 0xff, 0x95,
    0x0, 0x0, 0x0, 0xd0, 0xff, 0x4, 0xb0, 0xff,
    0x28, 0x0, 0x0, 0x40, 0xff, 0x94, 0x0, 0x0,
    0x0, 0xd0, 0xff, 0x4, 0xb0, 0xff, 0x28, 0x0,
    0x0, 0x40, 0xff, 0x94, 0x0, 0x0, 0x0, 0xd0,
    0xff, 0x4, 0xb0, 0xff, 0x28, 0x0, 0x0, 0x40,
    0xff, 0x94, 0x0, 0x0, 0x0, 0xd0, 0xff, 0x4,
    0xb0, 0xff, 0x28, 0x0, 0x0, 0x40, 0xff, 0x94,
    0x0, 0x0, 0x0, 0xd0, 0xff, 0x4,

    /* U+006E "n" */
    0xb0, 0xd6, 0x2d, 0xc0, 0xf9, 0xef, 0x9d, 0xc,
    0xb0, 0xfd, 0xe9, 0xb3, 0x8f, 0xdb, 0xff, 0x93,
    0xb0, 0xff, 0x95, 0x0, 0x0, 0x1f, 0xff, 0xdb,
    0xb0, 0xff, 0x41, 0x0, 0x0, 0x0, 0xef, 0xec,
    0xb0, 0xff, 0x2a, 0x0, 0x0, 0x0, 0xec, 0xec,
    0xb0, 0xff, 0x28, 0x0, 0x0, 0x0, 0xec, 0xec,
    0xb0, 0xff, 0x28, 0x0, 0x0, 0x0, 0xec, 0xec,
    0xb0, 0xff, 0x28, 0x0, 0x0, 0x0, 0xec, 0xec,
    0xb0, 0xff, 0x28, 0x0, 0x0, 0x0, 0xec, 0xec,

    /* U+006F "o" */
    0x0, 0x0, 0x4f, 0xcb, 0xf9, 0xf3, 0xb5, 0x2c,
    0x0, 0x0, 0x57, 0xff, 0xea, 0x99, 0xa4, 0xf9,
    0xf1, 0x24, 0x0, 0xdd, 0xfd, 0x28, 0x0, 0x0,
    0x5b, 0xff, 0xa1, 0x1b, 0xff, 0xcc, 0x0, 0x0,
    0x0, 0x7, 0xfc, 0xe3, 0x2e, 0xff, 0xb6, 0x0,
    0x0, 0x0, 0x0, 0xee, 0xf6, 0x1b, 0xff, 0xcc,
    0x0, 0x0, 0x0, 0x8, 0xfc, 0xe3, 0x0, 0xd9,
    0xfc, 0x27, 0x0, 0x0, 0x5c, 0xff, 0xa5, 0x0,
    0x4e, 0xfe, 0xea, 0x93, 0xa0, 0xf8, 0xf4, 0x28,
    0x0, 0x0, 0x4c, 0xc8, 0xf9, 0xf3, 0xb6, 0x30,
    0x0,

    /* U+0070 "p" */
    0xb0, 0xe9, 0x24, 0xbf, 0xfa, 0xea, 0x7f, 0x2,
    0x0, 0xb0, 0xff, 0xe3, 0xa8, 0x91, 0xe6, 0xff,
    0x78, 0x0, 0xb0, 0xff, 0x82, 0x0, 0x0, 0x26,
    0xfd, 0xe8, 0x1, 0xb0, 0xff, 0x38, 0x0, 0x0,
    0x0, 0xce, 0xff, 0x19, 0xb0, 0xff, 0x29, 0x0,
    0x0, 0x0, 0xbc, 0xff, 0x26, 0xb0, 0xff, 0x3c,
    0x0, 0x0, 0x0, 0xd2, 0xff, 0x16, 0xb0, 0xff,
    0x8e, 0x0, 0x0, 0x29, 0xfe, 0xe0, 0x0, 0xb0,
    0xff, 0xf2, 0xac, 0x91, 0xe7, 0xff, 0x6c, 0x0,
    0xb0, 0xff, 0x50, 0xc8, 0xfb, 0xe5, 0x77, 0x1,
    0x0, 0xb0, 0xff, 0x28, 0x0, 0x0, 0x0, 0x0,
    0x0, 0x0, 0xb0, 0xff, 0x28, 0x0, 0x0, 0x0,
    0x0, 0x0, 0x0, 0xb0, 0xff, 0x28, 0x0, 0x0,
    0x0, 0x0, 0x0, 0x0, 0xb0, 0xff, 0x28, 0x0,
    0x0, 0x0, 0x0, 0x0, 0x0,

    /* U+0071 "q" */
    0x0, 0x1, 0x7d, 0xe7, 0xfb, 0xc2, 0x24, 0xf3,
    0xa8, 0x0, 0x75, 0xff, 0xe6, 0x96, 0xae, 0xe7,
    0xff, 0xa8, 0x1, 0xe7, 0xfc, 0x25, 0x0, 0x0,
    0x82, 0xff, 0xa8, 0x1f, 0xff, 0xc9, 0x0, 0x0,
    0x0, 0x32, 0xff, 0xa8, 0x2e, 0xff, 0xb3, 0x0,
    0x0, 0x0, 0x1d, 0xff, 0xa8, 0x21, 0xff, 0xc4,
    0x0, 0x0, 0x0, 0x2a, 0xff, 0xa8, 0x2, 0xee,
    0xf9, 0x1e, 0x0, 0x0, 0x73, 0xff, 0xa8, 0x0,
    0x80, 0xff, 0xdf, 0x89, 0x9f, 0xe8, 0xff, 0xa8,
    0x0, 0x3, 0x85, 0xeb, 0xfa, 0xc1, 0x51, 0xff,
    0xa8, 0x0, 0x0, 0x0, 0x0, 0x0, 0x0, 0x30,
    0xff, 0xa8, 0x0, 0x0, 0x0, 0x0, 0x0, 0x0,
    0x30, 0xff, 0xa8, 0x0, 0x0, 0x0, 0x0, 0x0,
    0x0, 0x30, 0xff, 0xa8, 0x0, 0x0, 0x0, 0x0,
    0x0, 0x0, 0x30, 0xff, 0xa8,

    /* U+0072 "r" */
    0xb0, 0xd2, 0x14, 0xae, 0xf8, 0x8f, 0xb0, 0xf6,
    0xc3, 0xf3, 0xc5, 0x65, 0xb0, 0xff, 0xcb, 0x12,
    0x0, 0x0, 0xb0, 0xff, 0x4a, 0x0, 0x0, 0x0,
    0xb0, 0xff, 0x29, 0x0, 0x0, 0x0, 0xb0, 0xff,
    0x28, 0x0, 0x0, 0x0, 0xb0, 0xff, 0x28, 0x0,
    0x0, 0x0, 0xb0, 0xff, 0x28, 0x0, 0x0, 0x0,
    0xb0, 0xff, 0x28, 0x0, 0x0, 0x0,

    /* U+0073 "s" */
    0x0, 0x40, 0xc4, 0xf5, 0xfa, 0xd9, 0x85, 0x0,
    0x12, 0xf5, 0xeb, 0x80, 0x7b, 0xb0, 0x9b, 0x0,
    0x33, 0xff, 0xad, 0x0, 0x0, 0x0, 0x0, 0x0,
    0x8, 0xe0, 0xff, 0xb9, 0x4c, 0x2, 0x0, 0x0,
    0x0, 0x1b, 0x9f, 0xfa, 0xff, 0xd9, 0x3c, 0x0,
    0x0, 0x0, 0x0, 0x17, 0x8a, 0xfd, 0xed, 0x7,
    0x5, 0x0, 0x0, 0x0, 0x0, 0xba, 0xff, 0x1b,
    0x38, 0xd9, 0x90, 0x70, 0x8b, 0xf9, 0xda, 0x2,
    0x1d, 0xba, 0xf0, 0xfe, 0xef, 0xb0, 0x23, 0x0,

    /* U+0074 "t" */
    0x0, 0x7, 0xf3, 0x58, 0x0, 0x0, 0x0, 0x4c,
    0xff, 0x58, 0x0, 0x0, 0x68, 0xf4, 0xff, 0xff,
    0xff, 0xd0, 0x4a, 0xb6, 0xff, 0x9f, 0x6c, 0x58,
    0x0, 0x80, 0xff, 0x58, 0x0, 0x0, 0x0, 0x80,
    0xff, 0x58, 0x0, 0x0, 0x0, 0x80, 0xff, 0x58,
    0x0, 0x0, 0x0, 0x80, 0xff, 0x58, 0x0, 0x0,
    0x0, 0x7c, 0xff, 0x67, 0x0, 0x0, 0x0, 0x4e,
    0xff, 0xe6, 0x8c, 0x90, 0x0, 0x1, 0x8f, 0xee,
    0xf9, 0xb9,

    /* U+0075 "u" */
    0xc0, 0xff, 0x18, 0x0, 0x0, 0x0, 0xfc, 0xdc,
    0xc0, 0xff, 0x18, 0x0, 0x0, 0x0, 0xfc, 0xdc,
    0xc0, 0xff, 0x18, 0x0, 0x0, 0x0, 0xfc, 0xdc,
    0xc0, 0xff, 0x18, 0x0, 0x0, 0x0, 0xfc, 0xdc,
    0xc0, 0xff, 0x18, 0x0, 0x0, 0x0, 0xfd, 0xdc,
    0xc0, 0xff, 0x19, 0x0, 0x0, 0xe, 0xff, 0xdc,
    0xb2, 0xff, 0x3c, 0x0, 0x0, 0x53, 0xff, 0xdc,
    0x6b, 0xff, 0xd5, 0x66, 0x78, 0xeb, 0xf8, 0xdc,
    0x3, 0x8a, 0xea, 0xfc, 0xd4, 0x57, 0xb3, 0xdc,

    /* U+0076 "v" */
    0xd2, 0xff, 0x20, 0x0, 0x0, 0x0, 0x90, 0xff,
    0x5c, 0x74, 0xff, 0x75, 0x0, 0x0, 0x2, 0xe4,
    0xf4, 0xc, 0x19, 0xfd, 0xcc, 0x0, 0x0, 0x3c,
    0xff, 0xa4, 0x0, 0x0, 0xb8, 0xff, 0x23, 0x0,
    0x93, 0xff, 0x45, 0x0, 0x0, 0x5a, 0xff, 0x78,
    0x2, 0xe6, 0xe5, 0x3, 0x0, 0x0, 0xa, 0xf2,
    0xce, 0x3d, 0xff, 0x8b, 0x0, 0x0, 0x0, 0x0,
    0x9f, 0xff, 0x97, 0xff, 0x2d, 0x0, 0x0, 0x0,
    0x0, 0x40, 0xff, 0xf4, 0xd0, 0x0, 0x0, 0x0,
    0x0, 0x0, 0x2, 0xe2, 0xff, 0x73, 0x0, 0x0,
    0x0,

    /* U+0077 "w" */
    0xb2, 0xff, 0x29, 0x0, 0x0, 0x98, 0xff, 0xb2,
    0x0, 0x0, 0x15, 0xff, 0xbe, 0x6d, 0xff, 0x69,
    0x0, 0x0, 0xe0, 0xf6, 0xf1, 0x4, 0x0, 0x55,
    0xff, 0x78, 0x29, 0xff, 0xa9, 0x0, 0x28, 0xff,
    0x95, 0xff, 0x3a, 0x0, 0x97, 0xff, 0x32, 0x0,
    0xe3, 0xe8, 0x1, 0x6e, 0xff, 0x23, 0xfb, 0x7e,
    0x0, 0xd7, 0xeb, 0x2, 0x0, 0x9e, 0xff, 0x28,
    0xb5, 0xdb, 0x0, 0xc9, 0xc2, 0x19, 0xff, 0xa8,
    0x0, 0x0, 0x58, 0xff, 0x63, 0xf3, 0x96, 0x0,
    0x86, 0xfa, 0x5e, 0xff, 0x62, 0x0, 0x0, 0x16,
    0xff, 0xb6, 0xff, 0x4e, 0x0, 0x44, 0xff, 0xb7,
    0xff, 0x1d, 0x0, 0x0, 0x0, 0xcf, 0xfa, 0xfa,
    0xc, 0x0, 0x8, 0xf8, 0xfa, 0xd7, 0x0, 0x0,
    0x0, 0x0, 0x8b, 0xff, 0xc0, 0x0, 0x0, 0x0,
    0xbe, 0xff, 0x92, 0x0, 0x0,

    /* U+0078 "x" */
    0x54, 0xff, 0xbf, 0x1, 0x0, 0xb, 0xe1, 0xfa,
    0x2e, 0x0, 0xac, 0xff, 0x60, 0x0, 0x8e, 0xff,
    0x7d, 0x0, 0x0, 0x17, 0xec, 0xec, 0x47, 0xfc,
    0xcf, 0x5, 0x0, 0x0, 0x0, 0x5a, 0xff, 0xfc,
    0xfb, 0x30, 0x0, 0x0, 0x0, 0x0, 0x5, 0xeb,
    0xff, 0xc0, 0x0, 0x0, 0x0, 0x0, 0x0, 0x7e,
    0xff, 0xe9, 0xff, 0x50, 0x0, 0x0, 0x0, 0x2e,
    0xfa, 0xd5, 0x20, 0xf1, 0xe8, 0x13, 0x0, 0x4,
    0xcc, 0xfe, 0x3b, 0x0, 0x69, 0xff, 0xa1, 0x0,
    0x78, 0xff, 0x98, 0x0, 0x0, 0x2, 0xc6, 0xff,
    0x4b,

    /* U+0079 "y" */
    0xcc, 0xff, 0x30, 0x0, 0x0, 0x0, 0x93, 0xff,
    0x62, 0x68, 0xff, 0x88, 0x0, 0x0, 0x2, 0xe5,
    0xf7, 0xe, 0x10, 0xf6, 0xdf, 0x1, 0x0, 0x3c,
    0xff, 0xa9, 0x0, 0x0, 0xa4, 0xff, 0x38, 0x0,
    0x91, 0xff, 0x4c, 0x0, 0x0, 0x42, 0xff, 0x90,
    0x2, 0xe5, 0xeb, 0x5, 0x0, 0x0, 0x1, 0xde,
    0xe5, 0x3a, 0xff, 0x93, 0x0, 0x0, 0x0, 0x0,
    0x7e, 0xff, 0xab, 0xff, 0x37, 0x0, 0x0, 0x0,
    0x0, 0x1e, 0xfe, 0xfd, 0xda, 0x0, 0x0, 0x0,
    0x0, 0x0, 0x0, 0xba, 0xff, 0x7e, 0x0, 0x0,
    0x0, 0x0, 0x0, 0x0, 0xb7, 0xff, 0x22, 0x0,
    0x0, 0x0, 0x0, 0x0, 0x2a, 0xfd, 0xc1, 0x0,
    0x0, 0x0, 0x0, 0x61, 0x92, 0xe8, 0xfd, 0x3c,
    0x0, 0x0, 0x0, 0x0, 0x96, 0xfe, 0xd9, 0x51,
    0x0, 0x0, 0x0, 0x0, 0x0,

    /* U+007A "z" */
    0x34, 0xff, 0xff, 0xff, 0xff, 0xff, 0xfc, 0x0,
    0x17, 0x70, 0x70, 0x70, 0x9a, 0xff, 0xcd, 0x0,
    0x0, 0x0, 0x0, 0x5, 0xcd, 0xf9, 0x2d, 0x0,
    0x0, 0x0, 0x0, 0x82, 0xff, 0x77, 0x0, 0x0,
    0x0, 0x0, 0x33, 0xfb, 0xc7, 0x3, 0x0, 0x0,
    0x0, 0x8, 0xd6, 0xf5, 0x25, 0x0, 0x0, 0x0,
    0x0, 0x8d, 0xff, 0x6d, 0x0, 0x0, 0x0, 0x0,
    0x3c, 0xfe, 0xf0, 0x71, 0x70, 0x70, 0x70, 0xc,
    0x78, 0xff, 0xff, 0xff, 0xff, 0xff, 0xff, 0x1c,

    /* U+007B "{" */
    0x0, 0x0, 0xe, 0x9f, 0xeb, 0x93, 0x0, 0x0,
    0x87, 0xff, 0xbf, 0x46, 0x0, 0x0, 0xaf, 0xff,
    0xa, 0x0, 0x0, 0x0, 0xb0, 0xfc, 0x0, 0x0,
    0x0, 0x0, 0xb0, 0xfc, 0x0, 0x0, 0x0, 0x0,
    0xcc, 0xf4, 0x0, 0x0, 0x57, 0xb9, 0xff, 0x88,
    0x0, 0x0, 0xa8, 0xff, 0xc7, 0x2c, 0x0, 0x0,
    0x3, 0x3a, 0xef, 0xdc, 0x0, 0x0, 0x0, 0x0,
    0xb4, 0xfc, 0x0, 0x0, 0x0, 0x0, 0xb0, 0xfc,
    0x0, 0x0, 0x0, 0x0, 0xb0, 0xfd, 0x1, 0x0,
    0x0, 0x0, 0x9f, 0xff, 0x70, 0x16, 0x0, 0x0,
    0x32, 0xec, 0xff, 0x94, 0x0, 0x0, 0x0, 0x9,
    0x3c, 0x2d,

    /* U+007C "|" */
    0x4c, 0xff, 0x1c, 0x4c, 0xff, 0x1c, 0x4c, 0xff,
    0x1c, 0x4c, 0xff, 0x1c, 0x4c, 0xff, 0x1c, 0x4c,
    0xff, 0x1c, 0x4c, 0xff, 0x1c, 0x4c, 0xff, 0x1c,
    0x4c, 0xff, 0x1c, 0x4c, 0xff, 0x1c, 0x4c, 0xff,
    0x1c, 0x4c, 0xff, 0x1c, 0x4c, 0xff, 0x1c, 0x4c,
    0xff, 0x1c, 0x4c, 0xff, 0x1c, 0x4c, 0xff, 0x1c,

    /* U+007D "}" */
    0x67, 0xf1, 0xb3, 0x1e, 0x0, 0x0, 0x30, 0xa8,
    0xff, 0xaf, 0x0, 0x0, 0x0, 0x0, 0xe1, 0xd7,
    0x0, 0x0, 0x0, 0x0, 0xd4, 0xd8, 0x0, 0x0,
    0x0, 0x0, 0xd4, 0xd8, 0x0, 0x0, 0x0, 0x0,
    0xcc, 0xee, 0x6, 0x0, 0x0, 0x0, 0x62, 0xfc,
    0xca, 0x6f, 0x0, 0x0, 0x1a, 0xae, 0xff, 0xd0,
    0x0, 0x0, 0xb3, 0xfd, 0x51, 0x7, 0x0, 0x0,
    0xd4, 0xdc, 0x0, 0x0, 0x0, 0x0, 0xd4, 0xd8,
    0x0, 0x0, 0x0, 0x0, 0xd7, 0xd8, 0x0, 0x0,
    0xe, 0x53, 0xfb, 0xc7, 0x0, 0x0, 0x68, 0xff,
    0xf6, 0x4f, 0x0, 0x0, 0x20, 0x42, 0x10, 0x0,
    0x0, 0x0,

    /* U+007E "~" */
    0x0, 0x0, 0x13, 0xa, 0x0, 0x0, 0x0, 0x0,
    0x2, 0x15, 0xc5, 0xff, 0xfd, 0xb8, 0x53, 0x22,
    0x6c, 0x5b, 0x40, 0xb3, 0x53, 0x75, 0xd8, 0xff,
    0xff, 0xf5, 0x39, 0xb, 0x1, 0x0, 0x0, 0x1,
    0x2f, 0x47, 0x15, 0x0,

    /* U+00A0 " " */

    /* U+00A1 "¡" */
    0xb3, 0xee, 0x2a, 0xe7, 0xff, 0x4a, 0x2e, 0x52,
    0x2, 0xc, 0x15, 0x0, 0x8b, 0xe7, 0x0, 0x97,
    0xf3, 0x0, 0xa3, 0xfe, 0x1, 0xaf, 0xff, 0xb,
    0xbb, 0xff, 0x17, 0xc7, 0xff, 0x22, 0xd2, 0xff,
    0x2e, 0xde, 0xff, 0x3a,

    /* U+00A2 "¢" */
    0x0, 0x0, 0x0, 0x7c, 0xb8, 0x0, 0x0, 0x0,
    0x0, 0x36, 0xb7, 0xde, 0x78, 0x33, 0x0, 0x8a,
    0xff, 0xff, 0xff, 0xff, 0xbe, 0x3e, 0xff, 0xe0,
    0x32, 0x4, 0x2a, 0x30, 0x91, 0xff, 0x65, 0x0,
    0x0, 0x0, 0x0, 0xb2, 0xff, 0x33, 0x0, 0x0,
    0x0, 0x0, 0xb3, 0xff, 0x32, 0x0, 0x0, 0x0,
    0x0, 0x96, 0xff, 0x60, 0x0, 0x0, 0x0, 0x0,
    0x45, 0xff, 0xdf, 0x31, 0x4, 0x21, 0x4c, 0x0,
    0x95, 0xff, 0xff, 0xff, 0xff, 0xbc, 0x0, 0x0,
    0x3a, 0xb9, 0xde, 0x79, 0x27, 0x0, 0x0, 0x0,
    0x7c, 0xb4, 0x0, 0x0,

    /* U+00A3 "£" */
    0x0, 0x0, 0x6, 0x89, 0xe6, 0xfc, 0xe8, 0xa9,
    0x1e, 0x0, 0x0, 0x87, 0xff, 0xd4, 0x90, 0xac,
    0xdf, 0xb, 0x0, 0x0, 0xd7, 0xfc, 0x10, 0x0,
    0x0, 0x1, 0x0, 0x0, 0x0, 0xe4, 0xf0, 0x0,
    0x0, 0x0, 0x0, 0x0, 0x9, 0x18, 0xe7, 0xf2,
    0x18, 0x18, 0x18, 0x1, 0x0, 0x5c, 0xff, 0xff,
    0xff, 0xff, 0xff, 0xff, 0x8, 0x0, 0x1a, 0x48,
    0xec, 0xf5, 0x48, 0x48, 0x48, 0x2, 0x0, 0x0,
    0x0, 0xe4, 0xf0, 0x0, 0x0, 0x0, 0x0, 0x0,
    0x0, 0x0, 0xee, 0xe3, 0x0, 0x0, 0x0, 0x0,
    0x0, 0x0, 0x40, 0xff, 0x91, 0x0, 0x0, 0x0,
    0x0, 0x0, 0x42, 0xf2, 0xfb, 0xa9, 0xa4, 0xa4,
    0xa4, 0xa4, 0x71, 0x68, 0xff, 0xff, 0xff, 0xff,
    0xff, 0xff, 0xff, 0xb0,

    /* U+00A4 "¤" */
    0x0, 0x36, 0x15, 0x0, 0x0, 0x0, 0x9, 0x44,
    0x0, 0x2, 0xd1, 0xd1, 0xc5, 0xfb, 0xd5, 0xc3,
    0xea, 0xd, 0x0, 0x39, 0xff, 0xb5, 0x59, 0x9b,
    0xff, 0x5f, 0x0, 0x0, 0x74, 0xe5, 0x5, 0x0,
    0x0, 0xbf, 0x9e, 0x0, 0x0, 0x82, 0xd6, 0x0,
    0x0, 0x0, 0xab, 0xaa, 0x0, 0x0, 0x3c, 0xff,
    0x76, 0x19, 0x5b, 0xfa, 0x61, 0x0, 0x1, 0xb3,
    0xf1, 0xf9, 0xff, 0xfe, 0xef, 0xc9, 0xa, 0x0,
    0x64, 0x32, 0x13, 0x3c, 0x1a, 0x22, 0x7c, 0x0,

    /* U+00A5 "¥" */
    0x97, 0xff, 0x51, 0x0, 0x0, 0x0, 0x2a, 0xfe,
    0xba, 0x1b, 0xf7, 0xc8, 0x0, 0x0, 0x0, 0xa3,
    0xff, 0x34, 0x0, 0x8f, 0xff, 0x41, 0x0, 0x21,
    0xfc, 0xad, 0x0, 0x0, 0x16, 0xf4, 0xba, 0x0,
    0x98, 0xfd, 0x2a, 0x0, 0x0, 0x0, 0x86, 0xff,
    0x4c, 0xf8, 0xa1, 0x0, 0x0, 0x0, 0x0, 0x12,
    0xf0, 0xf7, 0xfa, 0x21, 0x0, 0x0, 0x0, 0x84,
    0xff, 0xff, 0xff, 0xff, 0xff, 0xa4, 0x0, 0x0,
    0x19, 0x30, 0x71, 0xff, 0x8b, 0x30, 0x1f, 0x0,
    0x0, 0x0, 0x0, 0x50, 0xff, 0x70, 0x0, 0x0,
    0x0, 0x0, 0x84, 0xff, 0xff, 0xff, 0xff, 0xff,
    0xa4, 0x0, 0x0, 0x19, 0x30, 0x71, 0xff, 0x8b,
    0x30, 0x1f, 0x0, 0x0, 0x0, 0x0, 0x50, 0xff,
    0x70, 0x0, 0x0, 0x0,

    /* U+00A6 "¦" */
    0x4c, 0xff, 0x1c, 0x4c, 0xff, 0x1c, 0x4c, 0xff,
    0x1c, 0x4c, 0xff, 0x1c, 0x4c, 0xff, 0x1c, 0x4c,
    0xff, 0x1c, 0x1b, 0x5c, 0xa, 0x0, 0x0, 0x0,
    0x0, 0x0, 0x0, 0x1a, 0x58, 0xa, 0x4c, 0xff,
    0x1c, 0x4c, 0xff, 0x1c, 0x4c, 0xff, 0x1c, 0x4c,
    0xff, 0x1c, 0x4c, 0xff, 0x1c, 0x4c, 0xff, 0x1c,

    /* U+00A7 "§" */
    0x0, 0x29, 0xb7, 0xf3, 0xfb, 0xdc, 0x86, 0x0,
    0x0, 0xd1, 0xde, 0x58, 0x4f, 0x84, 0x7d, 0x0,
    0x0, 0xe5, 0xc8, 0xa, 0x0, 0x0, 0x0, 0x0,
    0x0, 0x51, 0xf9, 0xe9, 0x86, 0x1e, 0x0, 0x0,
    0x0, 0x7d, 0xef, 0x89, 0xd7, 0xf9, 0x63, 0x0,
    0x0, 0xef, 0x80, 0x0, 0x2, 0xa4, 0xf6, 0x6,
    0x0, 0xd5, 0xd7, 0x25, 0x0, 0x7b, 0xf9, 0x5,
    0x0, 0x30, 0xd5, 0xfc, 0xbb, 0xf8, 0x77, 0x0,
    0x0, 0x0, 0x2, 0x46, 0xb4, 0xff, 0x93, 0x0,
    0x0, 0x0, 0x0, 0x0, 0x0, 0xa0, 0xfe, 0x6,
    0x1a, 0xb2, 0x65, 0x44, 0x57, 0xe0, 0xd6, 0x0,
    0xc, 0xac, 0xea, 0xfd, 0xee, 0xad, 0x23, 0x0,

    /* U+00A8 "¨" */
    0x6d, 0xbe, 0x8, 0x5f, 0xc4, 0x11, 0x89, 0xe4,
    0xc, 0x79, 0xec, 0x19,

    /* U+00A9 "©" */
    0x0, 0x0, 0x0, 0x1c, 0x8d, 0xd6, 0xe8, 0xe2,
    0xa8, 0x3c, 0x0, 0x0, 0x0, 0x0, 0x0, 0x49,
    0xe0, 0x71, 0x17, 0x0, 0xb, 0x52, 0xd6, 0x88,
    0x0, 0x0, 0x0, 0x2c, 0xe1, 0x26, 0xa, 0x92,
    0xe5, 0xe2, 0x8f, 0xc, 0xc4, 0x70, 0x0, 0x0,
    0xb2, 0x5b, 0x0, 0xa3, 0xd1, 0x38, 0x38, 0x4f,
    0x0, 0x1f, 0xec, 0x10, 0xd, 0xee, 0x5, 0x16,
    0xfd, 0x39, 0x0, 0x0, 0x0, 0x0, 0x0, 0xae,
    0x5a, 0x31, 0xcb, 0x0, 0x42, 0xfd, 0x3, 0x0,
    0x0, 0x0, 0x0, 0x0, 0x7c, 0x81, 0x31, 0xcb,
    0x0, 0x46, 0xf9, 0x0, 0x0, 0x0, 0x0, 0x0,
    0x0, 0x7c, 0x81, 0xe, 0xf0, 0x6, 0x24, 0xff,
    0x1f, 0x0, 0x0, 0x0, 0x0, 0x0, 0xab, 0x5d,
    0x0, 0xb9, 0x5f, 0x0, 0xc8, 0xa3, 0x8, 0x6,
    0x27, 0x0, 0x1d, 0xef, 0x14, 0x0, 0x32, 0xe5,
    0x28, 0x26, 0xd2, 0xfb, 0xfb, 0x8f, 0xa, 0xc1,
    0x80, 0x0, 0x0, 0x0, 0x55, 0xe8, 0x74, 0x1b,
    0x18, 0x1f, 0x56, 0xd6, 0x9a, 0x2, 0x0, 0x0,
    0x0, 0x0, 0x22, 0x96, 0xdc, 0xf0, 0xe7, 0xb1,
    0x47, 0x0, 0x0, 0x0,

    /* U+00AA "ª" */
    0x16, 0xbc, 0xf4, 0xf1, 0x7d, 0x0, 0x3, 0x81,
    0x13, 0x65, 0xfe, 0x14, 0x0, 0x0, 0x0, 0x1b,
    0xff, 0x28, 0x20, 0xaf, 0xd5, 0xd4, 0xff, 0x28,
    0x83, 0xd9, 0x4, 0x48, 0xff, 0x28, 0x2f, 0xd1,
    0xe2, 0x93, 0xd0, 0x26,

    /* U+00AB "«" */
    0x0, 0x0, 0x15, 0xc0, 0x49, 0x0, 0x6a, 0xa5,
    0x10, 0x0, 0x4, 0xbf, 0xf8, 0x35, 0x3f, 0xfb,
    0xb7, 0x2, 0x0, 0x92, 0xff, 0x62, 0x1e, 0xea,
    0xdc, 0x12, 0x0, 0x3b, 0xff, 0xb8, 0x0, 0xb2,
    0xff, 0x44, 0x0, 0x0, 0x2, 0xb7, 0xfc, 0x40,
    0x36, 0xf8, 0xc2, 0x5, 0x0, 0x0, 0x10, 0xda,
    0xea, 0x1d, 0x60, 0xff, 0x94, 0x0, 0x0, 0x0,
    0x2a, 0xea, 0x60, 0x0, 0x92, 0xd3, 0x13, 0x0,
    0x0, 0x0, 0x7, 0x0, 0x0, 0x4, 0x3, 0x0,

    /* U+00AC "¬" */
    0x8, 0x20, 0x20, 0x20, 0x20, 0x20, 0x20, 0x20,
    0xc, 0x40, 0xff, 0xff, 0xff, 0xff, 0xff, 0xff,
    0xff, 0x60, 0x13, 0x4c, 0x4c, 0x4c, 0x4c, 0x4c,
    0x4f, 0xff, 0x60, 0x0, 0x0, 0x0, 0x0, 0x0,
    0x0, 0x4, 0xff, 0x60, 0x0, 0x0, 0x0, 0x0,
    0x0, 0x0, 0x4, 0xff, 0x60, 0x0, 0x0, 0x0,
    0x0, 0x0, 0x0, 0x1, 0x4c, 0x1d,

    /* U+00AD "­" */
    0x41, 0x94, 0x94, 0x94, 0x58, 0x70, 0xff, 0xff,
    0xff, 0x98,

    /* U+00AE "®" */
    0x0, 0x0, 0x0, 0x1c, 0x8d, 0xd6, 0xe8, 0xe2,
    0xa8, 0x3c, 0x0, 0x0, 0x0, 0x0, 0x0, 0x49,
    0xe0, 0x71, 0x17, 0x0, 0xb, 0x52, 0xd6, 0x88,
    0x0, 0x0, 0x0, 0x2c, 0xe1, 0x26, 0x85, 0xec,
    0xeb, 0xc8, 0x39, 0xc, 0xc4, 0x70, 0x0, 0x0,
    0xb2, 0x5b, 0x0, 0x90, 0xb2, 0x1f, 0x90, 0xda,
    0x0, 0x1f, 0xec, 0x10, 0xd, 0xee, 0x5, 0x0,
    0x90, 0xa8, 0x0, 0x35, 0xff, 0x4, 0x0, 0xae,
    0x5a, 0x31, 0xcb, 0x0, 0x0, 0x90, 0xa8, 0x0,
    0x76, 0xdd, 0x0, 0x0, 0x7c, 0x81, 0x31, 0xcb,
    0x0, 0x0, 0x90, 0xf8, 0xec, 0xf4, 0x37, 0x0,
    0x0, 0x7c, 0x81, 0xe, 0xf0, 0x6, 0x0, 0x90,
    0xb0, 0x2d, 0xf2, 0x44, 0x0, 0x0, 0xab, 0x5d,
    0x0, 0xb9, 0x5f, 0x0, 0x90, 0xa8, 0x0, 0x75,
    0xdb, 0x8, 0x1d, 0xef, 0x14, 0x0, 0x32, 0xe5,
    0x28, 0x61, 0x71, 0x0, 0x4, 0x9e, 0x51, 0xc1,
    0x80, 0x0, 0x0, 0x0, 0x55, 0xe8, 0x74, 0x1b,
    0x0, 0xd, 0x56, 0xd6, 0x9a, 0x2, 0x0, 0x0,
    0x0, 0x0, 0x22, 0x96, 0xdc, 0xf0, 0xe7, 0xb1,
    0x47, 0x0, 0x0, 0x0,

    /* U+00AF "¯" */
    0x1, 0x10, 0x10, 0x10, 0x10, 0x10, 0x10, 0x10,
    0x10, 0x1, 0xc, 0xff, 0xff, 0xff, 0xff, 0xff,
    0xff, 0xff, 0xff, 0xc, 0x3, 0x3c, 0x3c, 0x3c,
    0x3c, 0x3c, 0x3c, 0x3c, 0x3c, 0x3,

    /* U+00B0 "°" */
    0x0, 0x44, 0xd7, 0xfc, 0xc9, 0x2b, 0x0, 0xb,
    0xf1, 0x91, 0x36, 0xac, 0xd6, 0x0, 0x34, 0xff,
    0x13, 0x0, 0x38, 0xff, 0xf, 0x14, 0xfb, 0x6a,
    0xb, 0x8b, 0xe9, 0x2, 0x0, 0x69, 0xf8, 0xff,
    0xf1, 0x4d, 0x0, 0x0, 0x0, 0xf, 0x2c, 0xa,
    0x0, 0x0,

    /* U+00B1 "±" */
    0x0, 0x0, 0x0, 0x20, 0xff, 0x44, 0x0, 0x0,
    0x0, 0x0, 0x0, 0x0, 0x20, 0xff, 0x44, 0x0,
    0x0, 0x0, 0x7, 0x1c, 0x1c, 0x39, 0xff, 0x59,
    0x1c, 0x1c, 0xb, 0x40, 0xff, 0xff, 0xff, 0xff,
    0xff, 0xff, 0xff, 0x64, 0x13, 0x4c, 0x4c, 0x63,
    0xff, 0x7c, 0x4c, 0x4c, 0x1e, 0x0, 0x0, 0x0,
    0x20, 0xff, 0x44, 0x0, 0x0, 0x0, 0x0, 0x0,
    0x0, 0x20, 0xff, 0x44, 0x0, 0x0, 0x0, 0x0,
    0x0, 0x0, 0x1d, 0xe4, 0x3d, 0x0, 0x0, 0x0,
    0x1a, 0x68, 0x68, 0x68, 0x68, 0x68, 0x68, 0x68,
    0x29, 0x40, 0xff, 0xff, 0xff, 0xff, 0xff, 0xff,
    0xff, 0x64,

    /* U+00B2 "²" */
    0x28, 0xb8, 0xf8, 0xec, 0x6e, 0x0, 0x2a, 0x9e,
    0x3c, 0xa3, 0xfc, 0xc, 0x0, 0x0, 0x0, 0x7c,
    0xf6, 0x8, 0x0, 0x0, 0x30, 0xf3, 0x78, 0x0,
    0x0, 0x32, 0xed, 0x89, 0x0, 0x0, 0x32, 0xee,
    0xb7, 0x40, 0x40, 0xd, 0x94, 0xff, 0xff, 0xff,
    0xff, 0x34,

    /* U+00B3 "³" */
    0x36, 0xc2, 0xf9, 0xe9, 0x66, 0x0, 0x26, 0x7c,
    0x27, 0x8e, 0xf9, 0x8, 0x0, 0x0, 0x0, 0x81,
    0xe5, 0x2, 0x0, 0x85, 0xf2, 0xfa, 0x55, 0x0,
    0x0, 0x10, 0x1f, 0x70, 0xfa, 0x22, 0x50, 0x38,
    0x18, 0x6b, 0xff, 0x30, 0x67, 0xe5, 0xfe, 0xe6,
    0x7e, 0x0,

    /* U+00B4 "´" */
    0x0, 0x0, 0x66, 0x80, 0x30, 0x0, 0x55, 0xff,
    0xa0, 0x3, 0x26, 0xf1, 0x82, 0x1, 0x0,

    /* U+00B5 "µ" */
    0xb0, 0xff, 0x28, 0x0, 0x0, 0x0, 0xec, 0xec,
    0xb0, 0xff, 0x28, 0x0, 0x0, 0x0, 0xec, 0xec,
    0xb0, 0xff, 0x28, 0x0, 0x0, 0x0, 0xec, 0xec,
    0xb0, 0xff, 0x28, 0x0, 0x0, 0x0, 0xec, 0xec,
    0xb0, 0xff, 0x28, 0x0, 0x0, 0x0, 0xed, 0xec,
    0xb0, 0xff, 0x29, 0x0, 0x0, 0x3, 0xfb, 0xec,
    0xb0, 0xff, 0x4e, 0x0, 0x0, 0x42, 0xff, 0xec,
    0xb0, 0xff, 0xdf, 0x6a, 0x72, 0xe6, 0xf6, 0xec,
    0xb0, 0xff, 0xb5, 0xf7, 0xeb, 0x75, 0x9e, 0xec,
    0xb0, 0xff, 0x24, 0x0, 0x0, 0x0, 0x0, 0x0,
    0xb0, 0xff, 0x28, 0x0, 0x0, 0x0, 0x0, 0x0,
    0xb0, 0xff, 0x28, 0x0, 0x0, 0x0, 0x0, 0x0,
    0xb0, 0xff, 0x28, 0x0, 0x0, 0x0, 0x0, 0x0,

    /* U+00B6 "¶" */
    0x0, 0x6, 0x8e, 0xe8, 0xff, 0xff, 0xff, 0xff,
    0xec, 0x0, 0x87, 0xff, 0xff, 0xff, 0xff, 0x86,
    0x58, 0xec, 0x0, 0xe7, 0xff, 0xff, 0xff, 0xff,
    0x60, 0x24, 0xec, 0xc, 0xff, 0xff, 0xff, 0xff,
    0xff, 0x60, 0x24, 0xec, 0x10, 0xff, 0xff, 0xff,
    0xff, 0xff, 0x60, 0x24, 0xec, 0x1, 0xf4, 0xff,
    0xff, 0xff, 0xff, 0x60, 0x24, 0xec, 0x0, 0xa7,
    0xff, 0xff, 0xff, 0xff, 0x60, 0x24, 0xec, 0x0,
    0x18, 0xc3, 0xff, 0xff, 0xff, 0x60, 0x24, 0xec,
    0x0, 0x0, 0x0, 0x18, 0x23, 0xb7, 0x60, 0x24,
    0xec, 0x0, 0x0, 0x0, 0x0, 0x0, 0xb4, 0x60,
    0x24, 0xec, 0x0, 0x0, 0x0, 0x0, 0x0, 0xb4,
    0x60, 0x24, 0xec, 0x0, 0x0, 0x0, 0x0, 0x0,
    0xb4, 0x60, 0x24, 0xec, 0x0, 0x0, 0x0, 0x0,
    0x0, 0xb4, 0x60, 0x24, 0xec, 0x0, 0x0, 0x0,
    0x0, 0x0, 0xb4, 0x60, 0x24, 0xec, 0x0, 0x0,
    0x0, 0x0, 0x0, 0x84, 0x47, 0x1a, 0xad,

    /* U+00B7 "·" */
    0x30, 0x53, 0x2, 0xe7, 0xff, 0x4b, 0xb2, 0xee,
    0x2a,

    /* U+00B8 "¸" */
    0x0, 0x19, 0xd9, 0x21, 0x0, 0x0, 0x3d, 0xd3,
    0xe1, 0x17, 0x1, 0x3, 0x40, 0xff, 0x47, 0x8,
    0xfc, 0xfe, 0xcb, 0xc, 0x0, 0x1a, 0x19, 0x0,
    0x0,

    /* U+00B9 "¹" */
    0x0, 0x13, 0xb6, 0xff, 0x2c, 0x1d, 0xe3, 0xcf,
    0xff, 0x2c, 0x1, 0x52, 0x4b, 0xff, 0x2c, 0x0,
    0x0, 0x4c, 0xff, 0x2c, 0x0, 0x0, 0x4c, 0xff,
    0x2c, 0x0, 0x0, 0x4c, 0xff, 0x2c, 0x0, 0x0,
    0x4c, 0xff, 0x2c,

    /* U+00BA "º" */
    0x0, 0x65, 0xda, 0xdf, 0x76, 0x0, 0x34, 0xfa,
    0x47, 0x3c, 0xf3, 0x4c, 0x77, 0xcc, 0x0, 0x0,
    0xb4, 0x94, 0x7d, 0xc7, 0x0, 0x0, 0xaf, 0x99,
    0x43, 0xf6, 0x1e, 0x14, 0xe9, 0x5f, 0x0, 0x8d,
    0xf7, 0xf8, 0xa5, 0x4, 0x0, 0x0, 0xd, 0xe,
    0x0, 0x0,

    /* U+00BB "»" */
    0x1a, 0xb3, 0x50, 0x0, 0x5b, 0xb7, 0x9, 0x0,
    0x0, 0x8, 0xcb, 0xf3, 0x2b, 0x4c, 0xfe, 0xa7,
    0x1, 0x0, 0x0, 0x1d, 0xeb, 0xdc, 0x10, 0x81,
    0xff, 0x76, 0x0, 0x0, 0x0, 0x5f, 0xff, 0x96,
    0x2, 0xd6, 0xfd, 0x25, 0x0, 0xc, 0xd6, 0xee,
    0x24, 0x5c, 0xff, 0x9e, 0x0, 0x1, 0xab, 0xfd,
    0x47, 0x2e, 0xf6, 0xc6, 0x7, 0x0, 0x21, 0xdc,
    0x76, 0x0, 0x79, 0xe1, 0x18, 0x0, 0x0, 0x0,
    0x6, 0x0, 0x0, 0x0, 0x6, 0x0, 0x0, 0x0,

    /* U+00BC "¼" */
    0x0, 0x24, 0xd3, 0xf0, 0x0, 0x0, 0x0, 0x0,
    0x66, 0xf9, 0x21, 0x0, 0x0, 0x3c, 0xee, 0xe1,
    0xf0, 0x0, 0x0, 0x0, 0xc, 0xe7, 0x8d, 0x0,
    0x0, 0x0, 0x1d, 0x6a, 0x82, 0xf0, 0x0, 0x0,
    0x0, 0x80, 0xef, 0x11, 0x0, 0x0, 0x0, 0x0,
    0x0, 0x84, 0xf0, 0x0, 0x0, 0x19, 0xf4, 0x73,
    0x0, 0x0, 0x0, 0x0, 0x0, 0x0, 0x84, 0xf0,
    0x0, 0x0, 0x9a, 0xdf, 0x7, 0x1, 0xc, 0x5,
    0x0, 0x0, 0x0, 0x84, 0xf0, 0x0, 0x2a, 0xfc,
    0x5a, 0x0, 0x6e, 0xff, 0x70, 0x0, 0x0, 0x0,
    0x84, 0xf0, 0x0, 0xb3, 0xcc, 0x1, 0x32, 0xd3,
    0xff, 0x70, 0x0, 0x0, 0x0, 0x0, 0x0, 0x3f,
    0xff, 0x41, 0xc, 0xd7, 0x48, 0xff, 0x70, 0x0,
    0x0, 0x0, 0x0, 0x1, 0xca, 0xb5, 0x0, 0xa1,
    0x81, 0xc, 0xff, 0x70, 0x0, 0x0, 0x0, 0x0,
    0x59, 0xfd, 0x2a, 0x1a, 0xff, 0xf9, 0xf8, 0xff,
    0xfc, 0x69, 0x0, 0x0, 0x6, 0xde, 0x9c, 0x0,
    0x4, 0x28, 0x28, 0x32, 0xff, 0x87, 0x11, 0x0,
    0x0, 0x72, 0xf4, 0x1a, 0x0, 0x0, 0x0, 0x0,
    0xc, 0xff, 0x70, 0x0,

    /* U+00BD "½" */
    0x0, 0x4b, 0xe3, 0xdc, 0x0, 0x0, 0x0, 0x0,
    0x9f, 0xd8, 0x5, 0x0, 0x0, 0x5a, 0xd9, 0xb4,
    0xdc, 0x0, 0x0, 0x0, 0x39, 0xfe, 0x47, 0x0,
    0x0, 0x0, 0x5, 0xc, 0x9b, 0xdc, 0x0, 0x0,
    0x2, 0xcb, 0xb0, 0x0, 0x0, 0x0, 0x0, 0x0,
    0x0, 0x9c, 0xdc, 0x0, 0x0, 0x63, 0xf8, 0x22,
    0x0, 0x1, 0x0, 0x0, 0x0, 0x0, 0x9c, 0xdc,
    0x0, 0xf, 0xea, 0x8d, 0x8e, 0xf0, 0xfb, 0xac,
    0x8, 0x0, 0x0, 0x9c, 0xdc, 0x0, 0x91, 0xe3,
    0x13, 0xd2, 0x60, 0x66, 0xff, 0x59, 0x0, 0x0,
    0x9c, 0xdc, 0x2c, 0xfc, 0x58, 0x0, 0x8, 0x0,
    0x22, 0xff, 0x58, 0x0, 0x0, 0x0, 0x0, 0xbd,
    0xc2, 0x0, 0x0, 0x0, 0x4, 0xb5, 0xd9, 0x9,
    0x0, 0x0, 0x0, 0x54, 0xfd, 0x2f, 0x0, 0x0,
    0x3, 0xa7, 0xe2, 0x21, 0x0, 0x0, 0x0, 0xa,
    0xe1, 0x94, 0x0, 0x0, 0x2, 0xa2, 0xe6, 0x2e,
    0xc, 0x6, 0x0, 0x0, 0x83, 0xec, 0x11, 0x0,
    0x0, 0x41, 0xff, 0xff, 0xff, 0xff, 0x84, 0x0,
    0x0, 0x34, 0x26, 0x0, 0x0, 0x0, 0x10, 0x3c,
    0x3c, 0x3c, 0x3c, 0x1f,

    /* U+00BE "¾" */
    0x2e, 0xc1, 0xf5, 0xeb, 0x77, 0x0, 0x0, 0x0,
    0x0, 0xbb, 0xbc, 0x0, 0x0, 0xe, 0x6a, 0x9,
    0x62, 0xff, 0x1a, 0x0, 0x0, 0x4a, 0xff, 0x34,
    0x0, 0x0, 0x0, 0x0, 0x0, 0x6e, 0xf3, 0xd,
    0x0, 0x3, 0xd3, 0xa6, 0x0, 0x0, 0x0, 0x0,
    0x71, 0xf4, 0xfd, 0x67, 0x0, 0x0, 0x64, 0xf9,
    0x21, 0x0, 0x0, 0x0, 0x0, 0xf, 0x23, 0x62,
    0xfe, 0x34, 0xb, 0xe6, 0x8c, 0x0, 0x7, 0xa,
    0x0, 0x30, 0x1f, 0x0, 0x39, 0xff, 0x51, 0x7f,
    0xee, 0x11, 0x17, 0xe8, 0xdc, 0x0, 0x66, 0xfa,
    0xfc, 0xff, 0xb1, 0x1e, 0xf4, 0x73, 0x2, 0xb9,
    0xd1, 0xdc, 0x0, 0x0, 0x9, 0x24, 0x13, 0x0,
    0x99, 0xdf, 0x7, 0x77, 0xa0, 0x9f, 0xdc, 0x0,
    0x0, 0x0, 0x0, 0x0, 0x2a, 0xfc, 0x59, 0x39,
    0xdb, 0xe, 0xa0, 0xdc, 0x0, 0x0, 0x0, 0x0,
    0x0, 0xb3, 0xcb, 0x1, 0xae, 0xfd, 0xf8, 0xfd,
    0xff, 0xd1, 0x0, 0x0, 0x0, 0x41, 0xff, 0x3f,
    0x0, 0x1c, 0x28, 0x28, 0xaf, 0xe2, 0x22, 0x0,
    0x0, 0x1, 0xcc, 0xb3, 0x0, 0x0, 0x0, 0x0,
    0x0, 0xa0, 0xdc, 0x0,

    /* U+00BF "¿" */
    0x0, 0x0, 0x0, 0xa7, 0xef, 0x30, 0x0, 0x0,
    0x0, 0x0, 0x0, 0xdb, 0xff, 0x54, 0x0, 0x0,
    0x0, 0x0, 0x0, 0x2c, 0x59, 0x4, 0x0, 0x0,
    0x0, 0x0, 0x0, 0x1c, 0x3c, 0x5, 0x0, 0x0,
    0x0, 0x0, 0x0, 0x83, 0xff, 0x10, 0x0, 0x0,
    0x0, 0x0, 0x22, 0xe5, 0xd6, 0x0, 0x0, 0x0,
    0x0, 0x3a, 0xeb, 0xec, 0x31, 0x0, 0x0, 0x0,
    0x21, 0xf3, 0xdb, 0x22, 0x0, 0x0, 0x0, 0x0,
    0x7f, 0xff, 0x48, 0x0, 0x0, 0x0, 0x0, 0x0,
    0x8a, 0xff, 0x46, 0x0, 0x0, 0x1, 0x1c, 0x0,
    0x3c, 0xff, 0xed, 0x9b, 0x9f, 0xdf, 0xda, 0x2,
    0x0, 0x57, 0xd3, 0xfa, 0xf3, 0xc3, 0x69, 0x4,

    /* U+00C0 "À" */
    0x0, 0x0, 0x1b, 0x80, 0x78, 0x2, 0x0, 0x0,
    0x0, 0x0, 0x0, 0x0, 0x0, 0x0, 0x9e, 0xff,
    0x61, 0x0, 0x0, 0x0, 0x0, 0x0, 0x0, 0x0,
    0x0, 0x4, 0xad, 0xec, 0x17, 0x0, 0x0, 0x0,
    0x0, 0x0, 0x0, 0x0, 0x0, 0x5, 0x73, 0x3f,
    0x0, 0x0, 0x0, 0x0, 0x0, 0x0, 0x0, 0x4,
    0xea, 0xff, 0x81, 0x0, 0x0, 0x0, 0x0, 0x0,
    0x0, 0x0, 0x49, 0xff, 0xf8, 0xdb, 0x0, 0x0,
    0x0, 0x0, 0x0, 0x0, 0x0, 0xa3, 0xfd, 0x8c,
    0xff, 0x37, 0x0, 0x0, 0x0, 0x0, 0x0, 0xa,
    0xf4, 0xc7, 0x2e, 0xff, 0x92, 0x0, 0x0, 0x0,
    0x0, 0x0, 0x57, 0xff, 0x75, 0x0, 0xd9, 0xe8,
    0x3, 0x0, 0x0, 0x0, 0x0, 0xb2, 0xff, 0x21,
    0x0, 0x84, 0xff, 0x46, 0x0, 0x0, 0x0, 0x13,
    0xfb, 0xcb, 0x0, 0x0, 0x2f, 0xff, 0xa1, 0x0,
    0x0, 0x0, 0x69, 0xff, 0xff, 0xff, 0xff, 0xff,
    0xff, 0xf2, 0x9, 0x0, 0x0, 0xc3, 0xff, 0xac,
    0xa8, 0xa8, 0xa8, 0xd1, 0xff, 0x56, 0x0, 0x1f,
    0xff, 0xd1, 0x0, 0x0, 0x0, 0x0, 0x40, 0xff,
    0xb1, 0x0, 0x79, 0xff, 0x7c, 0x0, 0x0, 0x0,
    0x0, 0x3, 0xe9, 0xf9, 0x12, 0xd3, 0xff, 0x27,
    0x0, 0x0, 0x0, 0x0, 0x0, 0x97, 0xff, 0x66,

    /* U+00C1 "Á" */
    0x0, 0x0, 0x0, 0x0, 0x0, 0x26, 0x80, 0x71,
    0x0, 0x0, 0x0, 0x0, 0x0, 0x0, 0x0, 0x0,
    0xb9, 0xfc, 0x4b, 0x0, 0x0, 0x0, 0x0, 0x0,
    0x0, 0x0, 0x5b, 0xfe, 0x5e, 0x0, 0x0, 0x0,
    0x0, 0x0, 0x0, 0x0, 0x0, 0x6b, 0x4f, 0x0,
    0x0, 0x0, 0x0, 0x0, 0x0, 0x0, 0x0, 0x4,
    0xea, 0xff, 0x81, 0x0, 0x0, 0x0, 0x0, 0x0,
    0x0, 0x0, 0x49, 0xff, 0xf8, 0xdb, 0x0, 0x0,
    0x0, 0x0, 0x0, 0x0, 0x0, 0xa3, 0xfd, 0x8c,
    0xff, 0x37, 0x0, 0x0, 0x0, 0x0, 0x0, 0xa,
    0xf4, 0xc7, 0x2e, 0xff, 0x92, 0x0, 0x0, 0x0,
    0x0, 0x0, 0x57, 0xff, 0x75, 0x0, 0xd9, 0xe8,
    0x3, 0x0, 0x0, 0x0, 0x0, 0xb2, 0xff, 0x21,
    0x0, 0x84, 0xff, 0x46, 0x0, 0x0, 0x0, 0x13,
    0xfb, 0xcb, 0x0, 0x0, 0x2f, 0xff, 0xa1, 0x0,
    0x0, 0x0, 0x69, 0xff, 0xff, 0xff, 0xff, 0xff,
    0xff, 0xf2, 0x9, 0x0, 0x0, 0xc3, 0xff, 0xac,
    0xa8, 0xa8, 0xa8, 0xd1, 0xff, 0x56, 0x0, 0x1f,
    0xff, 0xd1, 0x0, 0x0, 0x0, 0x0, 0x40, 0xff,
    0xb1, 0x0, 0x79, 0xff, 0x7c, 0x0, 0x0, 0x0,
    0x0, 0x3, 0xe9, 0xf9, 0x12, 0xd3, 0xff, 0x27,
    0x0, 0x0, 0x0, 0x0, 0x0, 0x97, 0xff, 0x66,

    /* U+00C2 "Â" */
    0x0, 0x0, 0x0, 0x0, 0x6f, 0x80, 0x3d, 0x0,
    0x0, 0x0, 0x0, 0x0, 0x0, 0x0, 0x5a, 0xff,
    0xf8, 0xe4, 0x12, 0x0, 0x0, 0x0, 0x0, 0x0,
    0x26, 0xf2, 0xa4, 0x2b, 0xe6, 0xb5, 0x2, 0x0,
    0x0, 0x0, 0x0, 0x53, 0x6a, 0x2, 0x0, 0x1e,
    0x7f, 0x23, 0x0, 0x0, 0x0, 0x0, 0x0, 0x4,
    0xea, 0xff, 0x81, 0x0, 0x0, 0x0, 0x0, 0x0,
    0x0, 0x0, 0x49, 0xff, 0xf8, 0xdb, 0x0, 0x0,
    0x0, 0x0, 0x0, 0x0, 0x0, 0xa3, 0xfd, 0x8c,
    0xff, 0x37, 0x0, 0x0, 0x0, 0x0, 0x0, 0xa,
    0xf4, 0xc7, 0x2e, 0xff, 0x92, 0x0, 0x0, 0x0,
    0x0, 0x0, 0x57, 0xff, 0x75, 0x0, 0xd9, 0xe8,
    0x3, 0x0, 0x0, 0x0, 0x0, 0xb2, 0xff, 0x21,
    0x0, 0x84, 0xff, 0x46, 0x0, 0x0, 0x0, 0x13,
    0xfb, 0xcb, 0x0, 0x0, 0x2f, 0xff, 0xa1, 0x0,
    0x0, 0x0, 0x69, 0xff, 0xff, 0xff, 0xff, 0xff,
    0xff, 0xf2, 0x9, 0x0, 0x0, 0xc3, 0xff, 0xac,
    0xa8, 0xa8, 0xa8, 0xd1, 0xff, 0x56, 0x0, 0x1f,
    0xff, 0xd1, 0x0, 0x0, 0x0, 0x0, 0x40, 0xff,
    0xb1, 0x0, 0x79, 0xff, 0x7c, 0x0, 0x0, 0x0,
    0x0, 0x3, 0xe9, 0xf9, 0x12, 0xd3, 0xff, 0x27,
    0x0, 0x0, 0x0, 0x0, 0x0, 0x97, 0xff, 0x66,

    /* U+00C3 "Ã" */
    0x0, 0x0, 0x0, 0x4, 0x8, 0x0, 0x0, 0xd,
    0x6, 0x0, 0x0, 0x0, 0x0, 0x31, 0xeb, 0xf7,
    0x82, 0x1f, 0xd7, 0x3a, 0x0, 0x0, 0x0, 0x0,
    0xac, 0x96, 0x6b, 0xe6, 0xff, 0xc5, 0x2, 0x0,
    0x0, 0x0, 0x0, 0x33, 0xc, 0x0, 0xb, 0x39,
    0x6, 0x0, 0x0, 0x0, 0x0, 0x0, 0x0, 0x4,
    0xea, 0xff, 0x81, 0x0, 0x0, 0x0, 0x0, 0x0,
    0x0, 0x0, 0x49, 0xff, 0xf8, 0xdb, 0x0, 0x0,
    0x0, 0x0, 0x0, 0x0, 0x0, 0xa3, 0xfd, 0x8c,
    0xff, 0x37, 0x0, 0x0, 0x0, 0x0, 0x0, 0xa,
    0xf4, 0xc7, 0x2e, 0xff, 0x92, 0x0, 0x0, 0x0,
    0x0, 0x0, 0x57, 0xff, 0x75, 0x0, 0xd9, 0xe8,
    0x3, 0x0, 0x0, 0x0, 0x0, 0xb2, 0xff, 0x21,
    0x0, 0x84, 0xff, 0x46, 0x0, 0x0, 0x0, 0x13,
    0xfb, 0xcb, 0x0, 0x0, 0x2f, 0xff, 0xa1, 0x0,
    0x0, 0x0, 0x69, 0xff, 0xff, 0xff, 0xff, 0xff,
    0xff, 0xf2, 0x9, 0x0, 0x0, 0xc3, 0xff, 0xac,
    0xa8, 0xa8, 0xa8, 0xd1, 0xff, 0x56, 0x0, 0x1f,
    0xff, 0xd1, 0x0, 0x0, 0x0, 0x0, 0x40, 0xff,
    0xb1, 0x0, 0x79, 0xff, 0x7c, 0x0, 0x0, 0x0,
    0x0, 0x3, 0xe9, 0xf9, 0x12, 0xd3, 0xff, 0x27,
    0x0, 0x0, 0x0, 0x0, 0x0, 0x97, 0xff, 0x66,

    /* U+00C4 "Ä" */
    0x0, 0x0, 0x14, 0xeb, 0x7d, 0xa, 0xe4, 0x90,
    0x0, 0x0, 0x0, 0x0, 0x0, 0xd, 0xc2, 0x61,
    0x6, 0xbb, 0x71, 0x0, 0x0, 0x0, 0x0, 0x0,
    0x0, 0x0, 0x0, 0x0, 0x0, 0x0, 0x0, 0x0,
    0x0, 0x0, 0x0, 0x0, 0x4, 0xea, 0xff, 0x81,
    0x0, 0x0, 0x0, 0x0, 0x0, 0x0, 0x0, 0x49,
    0xff, 0xf8, 0xdb, 0x0, 0x0, 0x0, 0x0, 0x0,
    0x0, 0x0, 0xa3, 0xfd, 0x8c, 0xff, 0x37, 0x0,
    0x0, 0x0, 0x0, 0x0, 0xa, 0xf4, 0xc7, 0x2e,
    0xff, 0x92, 0x0, 0x0, 0x0, 0x0, 0x0, 0x57,
    0xff, 0x75, 0x0, 0xd9, 0xe8, 0x3, 0x0, 0x0,
    0x0, 0x0, 0xb2, 0xff, 0x21, 0x0, 0x84, 0xff,
    0x46, 0x0, 0x0, 0x0, 0x13, 0xfb, 0xcb, 0x0,
    0x0, 0x2f, 0xff, 0xa1, 0x0, 0x0, 0x0, 0x69,
    0xff, 0xff, 0xff, 0xff, 0xff, 0xff, 0xf2, 0x9,
    0x0, 0x0, 0xc3, 0xff, 0xac, 0xa8, 0xa8, 0xa8,
    0xd1, 0xff, 0x56, 0x0, 0x1f, 0xff, 0xd1, 0x0,
    0x0, 0x0, 0x0, 0x40, 0xff, 0xb1, 0x0, 0x79,
    0xff, 0x7c, 0x0, 0x0, 0x0, 0x0, 0x3, 0xe9,
    0xf9, 0x12, 0xd3, 0xff, 0x27, 0x0, 0x0, 0x0,
    0x0, 0x0, 0x97, 0xff, 0x66,

    /* U+00C5 "Å" */
    0x0, 0x0, 0x0, 0x2e, 0xd5, 0xef, 0x9b, 0x1,
    0x0, 0x0, 0x0, 0x0, 0x0, 0x0, 0x88, 0x96,
    0x18, 0xf5, 0x1b, 0x0, 0x0, 0x0, 0x0, 0x0,
    0x0, 0x2f, 0xff, 0xff, 0xc0, 0x1, 0x0, 0x0,
    0x0, 0x0, 0x0, 0x0, 0x49, 0xff, 0xf7, 0xdb,
    0x0, 0x0, 0x0, 0x0, 0x0, 0x0, 0x0, 0xa3,
    0xfd, 0x8b, 0xff, 0x37, 0x0, 0x0, 0x0, 0x0,
    0x0, 0xa, 0xf4, 0xc7, 0x2c, 0xff, 0x92, 0x0,
    0x0, 0x0, 0x0, 0x0, 0x57, 0xff, 0x75, 0x0,
    0xd9, 0xe8, 0x3, 0x0, 0x0, 0x0, 0x0, 0xb2,
    0xff, 0x21, 0x0, 0x84, 0xff, 0x46, 0x0, 0x0,
    0x0, 0x13, 0xfb, 0xcb, 0x0, 0x0, 0x2f, 0xff,
    0xa1, 0x0, 0x0, 0x0, 0x69, 0xff, 0xff, 0xff,
    0xff, 0xff, 0xff, 0xf2, 0x9, 0x0, 0x0, 0xc3,
    0xff, 0xac, 0xa8, 0xa8, 0xa8, 0xd1, 0xff, 0x56,
    0x0, 0x1f, 0xff, 0xd1, 0x0, 0x0, 0x0, 0x0,
    0x40, 0xff, 0xb1, 0x0, 0x79, 0xff, 0x7c, 0x0,
    0x0, 0x0, 0x0, 0x3, 0xe9, 0xf9, 0x12, 0xd3,
    0xff, 0x27, 0x0, 0x0, 0x0, 0x0, 0x0, 0x97,
    0xff, 0x66,

    /* U+00C6 "Æ" */
    0x0, 0x0, 0x0, 0x0, 0x0, 0xd, 0xf1, 0xff,
    0xff, 0xff, 0xff, 0xff, 0xff, 0xff, 0xa8, 0x0,
    0x0, 0x0, 0x0, 0x0, 0x6c, 0xff, 0xb6, 0xe7,
    0xff, 0xae, 0xa0, 0xa0, 0xa0, 0x69, 0x0, 0x0,
    0x0, 0x0, 0x2, 0xdc, 0xeb, 0x8, 0xbc, 0xff,
    0x24, 0x0, 0x0, 0x0, 0x0, 0x0, 0x0, 0x0,
    0x0, 0x4d, 0xff, 0x87, 0x0, 0xbc, 0xff, 0x24,
    0x0, 0x0, 0x0, 0x0, 0x0, 0x0, 0x0, 0x0,
    0xbe, 0xfd, 0x1f, 0x0, 0xbc, 0xff, 0x24, 0x0,
    0x0, 0x0, 0x0, 0x0, 0x0, 0x0, 0x2d, 0xff,
    0xb1, 0x0, 0x0, 0xbc, 0xff, 0xff, 0xff, 0xff,
    0xff, 0x5c, 0x0, 0x0, 0x0, 0x9e, 0xff, 0x45,
    0x0, 0x0, 0xbc, 0xff, 0xaa, 0x9c, 0x9c, 0x9c,
    0x38, 0x0, 0x0, 0x15, 0xf8, 0xff, 0xff, 0xff,
    0xff, 0xff, 0xff, 0x24, 0x0, 0x0, 0x0, 0x0,
    0x0, 0x0, 0x7e, 0xff, 0xc3, 0xa8, 0xa8, 0xa8,
    0xe9, 0xff, 0x24, 0x0, 0x0, 0x0, 0x0, 0x0,
    0x6, 0xe6, 0xf3, 0xf, 0x0, 0x0, 0x0, 0xbc,
    0xff, 0x24, 0x0, 0x0, 0x0, 0x0, 0x0, 0x5e,
    0xff, 0x93, 0x0, 0x0, 0x0, 0x0, 0xbc, 0xff,
    0xae, 0xa0, 0xa0, 0xa0, 0x69, 0x0, 0xcd, 0xfe,
    0x24, 0x0, 0x0, 0x0, 0x0, 0xbc, 0xff, 0xff,
    0xff, 0xff, 0xff, 0xa8,

    /* U+00C7 "Ç" */
    0x0, 0x0, 0x0, 0x45, 0xb8, 0xf0, 0xfc, 0xe6,
    0xad, 0x38, 0x0, 0x0, 0x77, 0xff, 0xfd, 0xbe,
    0xa4, 0xc9, 0xfe, 0x4c, 0x0, 0x36, 0xfe, 0xee,
    0x35, 0x0, 0x0, 0x0, 0x22, 0x2, 0x0, 0xa8,
    0xff, 0x6c, 0x0, 0x0, 0x0, 0x0, 0x0, 0x0,
    0x0, 0xe9, 0xff, 0x13, 0x0, 0x0, 0x0, 0x0,
    0x0, 0x0, 0x6, 0xff, 0xef, 0x0, 0x0, 0x0,
    0x0, 0x0, 0x0, 0x0, 0x7, 0xff, 0xed, 0x0,
    0x0, 0x0, 0x0, 0x0, 0x0, 0x0, 0x0, 0xee,
    0xff, 0xe, 0x0, 0x0, 0x0, 0x0, 0x0, 0x0,
    0x0, 0xb3, 0xff, 0x5d, 0x0, 0x0, 0x0, 0x0,
    0x0, 0x0, 0x0, 0x4f, 0xff, 0xe5, 0x27, 0x0,
    0x0, 0x0, 0x4, 0x6, 0x0, 0x0, 0x9d, 0xff,
    0xfa, 0xb9, 0xa4, 0xba, 0xf0, 0x30, 0x0, 0x0,
    0x1, 0x63, 0xc9, 0xfb, 0xfe, 0xe8, 0xb2, 0x18,
    0x0, 0x0, 0x0, 0x0, 0x2, 0xd8, 0x96, 0x2,
    0x0, 0x0, 0x0, 0x0, 0x0, 0x0, 0xb, 0x75,
    0xfa, 0x79, 0x0, 0x0, 0x0, 0x0, 0x0, 0x0,
    0x1d, 0x24, 0xe7, 0x9b, 0x0, 0x0, 0x0, 0x0,
    0x0, 0x0, 0xa5, 0xfc, 0xcf, 0x29, 0x0, 0x0,

    /* U+00C8 "È" */
    0x0, 0x53, 0x80, 0x43, 0x0, 0x0, 0x0, 0x0,
    0x22, 0xea, 0xe6, 0xe, 0x0, 0x0, 0x0, 0x0,
    0x31, 0xee, 0x98, 0x0, 0x0, 0x0, 0x0, 0x0,
    0x30, 0x7f, 0xa, 0x0, 0x80, 0xff, 0xff, 0xff,
    0xff, 0xff, 0xf8, 0x80, 0xff, 0xc4, 0xa0, 0xa0,
    0xa0, 0x9b, 0x80, 0xff, 0x60, 0x0, 0x0, 0x0,
    0x0, 0x80, 0xff, 0x60, 0x0, 0x0, 0x0, 0x0,
    0x80, 0xff, 0x60, 0x0, 0x0, 0x0, 0x0, 0x80,
    0xff, 0xff, 0xff, 0xff, 0xff, 0xb0, 0x80, 0xff,
    0xc2, 0x9c, 0x9c, 0x9c, 0x6b, 0x80, 0xff, 0x60,
    0x0, 0x0, 0x0, 0x0, 0x80, 0xff, 0x60, 0x0,
    0x0, 0x0, 0x0, 0x80, 0xff, 0x60, 0x0, 0x0,
    0x0, 0x0, 0x80, 0xff, 0xc4, 0xa0, 0xa0, 0xa0,
    0x9b, 0x80, 0xff, 0xff, 0xff, 0xff, 0xff, 0xf8,

    /* U+00C9 "É" */
    0x0, 0x0, 0x0, 0x0, 0x5c, 0x80, 0x3b, 0x0,
    0x0, 0x0, 0x2b, 0xfb, 0xcf, 0xd, 0x0, 0x0,
    0x2, 0xc5, 0xd9, 0x17, 0x0, 0x0, 0x0, 0x21,
    0x7f, 0x19, 0x0, 0x0, 0x80, 0xff, 0xff, 0xff,
    0xff, 0xff, 0xf8, 0x80, 0xff, 0xc4, 0xa0, 0xa0,
    0xa0, 0x9b, 0x80, 0xff, 0x60, 0x0, 0x0, 0x0,
    0x0, 0x80, 0xff, 0x60, 0x0, 0x0, 0x0, 0x0,
    0x80, 0xff, 0x60, 0x0, 0x0, 0x0, 0x0, 0x80,
    0xff, 0xff, 0xff, 0xff, 0xff, 0xb0, 0x80, 0xff,
    0xc2, 0x9c, 0x9c, 0x9c, 0x6b, 0x80, 0xff, 0x60,
    0x0, 0x0, 0x0, 0x0, 0x80, 0xff, 0x60, 0x0,
    0x0, 0x0, 0x0, 0x80, 0xff, 0x60, 0x0, 0x0,
    0x0, 0x0, 0x80, 0xff, 0xc4, 0xa0, 0xa0, 0xa0,
    0x9b, 0x80, 0xff, 0xff, 0xff, 0xff, 0xff, 0xf8,

    /* U+00CA "Ê" */
    0x0, 0x0, 0x25, 0x80, 0x7e, 0x7, 0x0, 0x0,
    0x3, 0xc3, 0xf9, 0xff, 0x88, 0x0, 0x0, 0x84,
    0xf6, 0x42, 0x7e, 0xfe, 0x49, 0xa, 0x7f, 0x35,
    0x0, 0x0, 0x55, 0x6b, 0x80, 0xff, 0xff, 0xff,
    0xff, 0xff, 0xf8, 0x80, 0xff, 0xc4, 0xa0, 0xa0,
    0xa0, 0x9b, 0x80, 0xff, 0x60, 0x0, 0x0, 0x0,
    0x0, 0x80, 0xff, 0x60, 0x0, 0x0, 0x0, 0x0,
    0x80, 0xff, 0x60, 0x0, 0x0, 0x0, 0x0, 0x80,
    0xff, 0xff, 0xff, 0xff, 0xff, 0xb0, 0x80, 0xff,
    0xc2, 0x9c, 0x9c, 0x9c, 0x6b, 0x80, 0xff, 0x60,
    0x0, 0x0, 0x0, 0x0, 0x80, 0xff, 0x60, 0x0,
    0x0, 0x0, 0x0, 0x80, 0xff, 0x60, 0x0, 0x0,
    0x0, 0x0, 0x80, 0xff, 0xc4, 0xa0, 0xa0, 0xa0,
    0x9b, 0x80, 0xff, 0xff, 0xff, 0xff, 0xff, 0xf8,

    /* U+00CB "Ë" */
    0x0, 0x6e, 0xee, 0x1f, 0x5e, 0xf2, 0x2e, 0x0,
    0x55, 0xc5, 0x15, 0x47, 0xc8, 0x21, 0x0, 0x0,
    0x0, 0x0, 0x0, 0x0, 0x0, 0x80, 0xff, 0xff,
    0xff, 0xff, 0xff, 0xf8, 0x80, 0xff, 0xc4, 0xa0,
    0xa0, 0xa0, 0x9b, 0x80, 0xff, 0x60, 0x0, 0x0,
    0x0, 0x0, 0x80, 0xff, 0x60, 0x0, 0x0, 0x0,
    0x0, 0x80, 0xff, 0x60, 0x0, 0x0, 0x0, 0x0,
    0x80, 0xff, 0xff, 0xff, 0xff, 0xff, 0xb0, 0x80,
    0xff, 0xc2, 0x9c, 0x9c, 0x9c, 0x6b, 0x80, 0xff,
    0x60, 0x0, 0x0, 0x0, 0x0, 0x80, 0xff, 0x60,
    0x0, 0x0, 0x0, 0x0, 0x80, 0xff, 0x60, 0x0,
    0x0, 0x0, 0x0, 0x80, 0xff, 0xc4, 0xa0, 0xa0,
    0xa0, 0x9b, 0x80, 0xff, 0xff, 0xff, 0xff, 0xff,
    0xf8,

    /* U+00CC "Ì" */
    0x2b, 0x80, 0x6b, 0x0, 0x0, 0x4, 0xb8, 0xff,
    0x45, 0x0, 0x0, 0xb, 0xc5, 0xdc, 0xb, 0x0,
    0x0, 0xe, 0x7b, 0x32, 0x0, 0x0, 0x80, 0xff,
    0x60, 0x0, 0x0, 0x80, 0xff, 0x60, 0x0, 0x0,
    0x80, 0xff, 0x60, 0x0, 0x0, 0x80, 0xff, 0x60,
    0x0, 0x0, 0x80, 0xff, 0x60, 0x0, 0x0, 0x80,
    0xff, 0x60, 0x0, 0x0, 0x80, 0xff, 0x60, 0x0,
    0x0, 0x80, 0xff, 0x60, 0x0, 0x0, 0x80, 0xff,
    0x60, 0x0, 0x0, 0x80, 0xff, 0x60, 0x0, 0x0,
    0x80, 0xff, 0x60, 0x0, 0x0, 0x80, 0xff, 0x60,

    /* U+00CD "Í" */
    0x0, 0x1, 0x77, 0x80, 0x1d, 0x0, 0x61, 0xff,
    0x9e, 0x1, 0x17, 0xec, 0xb1, 0x4, 0x0, 0x3e,
    0x75, 0x6, 0x0, 0x0, 0x80, 0xff, 0x60, 0x0,
    0x0, 0x80, 0xff, 0x60, 0x0, 0x0, 0x80, 0xff,
    0x60, 0x0, 0x0, 0x80, 0xff, 0x60, 0x0, 0x0,
    0x80, 0xff, 0x60, 0x0, 0x0, 0x80, 0xff, 0x60,
    0x0, 0x0, 0x80, 0xff, 0x60, 0x0, 0x0, 0x80,
    0xff, 0x60, 0x0, 0x0, 0x80, 0xff, 0x60, 0x0,
    0x0, 0x80, 0xff, 0x60, 0x0, 0x0, 0x80, 0xff,
    0x60, 0x0, 0x0, 0x80, 0xff, 0x60, 0x0, 0x0,

    /* U+00CE "Î" */
    0x0, 0x0, 0x5d, 0x80, 0x4f, 0x0, 0x0, 0x0,
    0x39, 0xfd, 0xf8, 0xf5, 0x25, 0x0, 0x12, 0xe0,
    0xc0, 0x20, 0xd4, 0xcf, 0xa, 0x40, 0x76, 0x8,
    0x0, 0x10, 0x7b, 0x35, 0x0, 0x0, 0x80, 0xff,
    0x60, 0x0, 0x0, 0x0, 0x0, 0x80, 0xff, 0x60,
    0x0, 0x0, 0x0, 0x0, 0x80, 0xff, 0x60, 0x0,
    0x0, 0x0, 0x0, 0x80, 0xff, 0x60, 0x0, 0x0,
    0x0, 0x0, 0x80, 0xff, 0x60, 0x0, 0x0, 0x0,
    0x0, 0x80, 0xff, 0x60, 0x0, 0x0, 0x0, 0x0,
    0x80, 0xff, 0x60, 0x0, 0x0, 0x0, 0x0, 0x80,
    0xff, 0x60, 0x0, 0x0, 0x0, 0x0, 0x80, 0xff,
    0x60, 0x0, 0x0, 0x0, 0x0, 0x80, 0xff, 0x60,
    0x0, 0x0, 0x0, 0x0, 0x80, 0xff, 0x60, 0x0,
    0x0, 0x0, 0x0, 0x80, 0xff, 0x60, 0x0, 0x0,

    /* U+00CF "Ï" */
    0xd4, 0xab, 0x0, 0xc0, 0xbf, 0xab, 0x86, 0x0,
    0x9a, 0x97, 0x0, 0x0, 0x0, 0x0, 0x0, 0x0,
    0x80, 0xff, 0x60, 0x0, 0x0, 0x80, 0xff, 0x60,
    0x0, 0x0, 0x80, 0xff, 0x60, 0x0, 0x0, 0x80,
    0xff, 0x60, 0x0, 0x0, 0x80, 0xff, 0x60, 0x0,
    0x0, 0x80, 0xff, 0x60, 0x0, 0x0, 0x80, 0xff,
    0x60, 0x0, 0x0, 0x80, 0xff, 0x60, 0x0, 0x0,
    0x80, 0xff, 0x60, 0x0, 0x0, 0x80, 0xff, 0x60,
    0x0, 0x0, 0x80, 0xff, 0x60, 0x0, 0x0, 0x80,
    0xff, 0x60, 0x0,

    /* U+00D0 "Ð" */
    0x0, 0x70, 0xff, 0xff, 0xff, 0xfa, 0xda, 0x92,
    0x1d, 0x0, 0x0, 0x0, 0x70, 0xff, 0xc4, 0x98,
    0xa2, 0xd7, 0xff, 0xf0, 0x3d, 0x0, 0x0, 0x70,
    0xff, 0x6c, 0x0, 0x0, 0x0, 0x65, 0xff, 0xe9,
    0xf, 0x0, 0x70, 0xff, 0x6c, 0x0, 0x0, 0x0,
    0x0, 0xa4, 0xff, 0x6b, 0x0, 0x70, 0xff, 0x6c,
    0x0, 0x0, 0x0, 0x0, 0x51, 0xff, 0xaa, 0x5a,
    0xc8, 0xff, 0xc6, 0x9c, 0x7f, 0x0, 0x0, 0x31,
    0xff, 0xc3, 0x94, 0xff, 0xff, 0xff, 0xff, 0xd0,
    0x0, 0x0, 0x33, 0xff, 0xc1, 0x0, 0x70, 0xff,
    0x6c, 0x0, 0x0, 0x0, 0x0, 0x58, 0xff, 0xa3,
    0x0, 0x70, 0xff, 0x6c, 0x0, 0x0, 0x0, 0x0,
    0xb2, 0xff, 0x60, 0x0, 0x70, 0xff, 0x6c, 0x0,
    0x0, 0x3, 0x7b, 0xff, 0xe1, 0x9, 0x0, 0x70,
    0xff, 0xc6, 0x9c, 0xaa, 0xe4, 0xff, 0xe9, 0x32,
    0x0, 0x0, 0x70, 0xff, 0xff, 0xff, 0xf5, 0xce,
    0x83, 0x14, 0x0, 0x0,

    /* U+00D1 "Ñ" */
    0x0, 0x0, 0x0, 0x4, 0x8, 0x0, 0x0, 0xd,
    0x6, 0x0, 0x0, 0x0, 0x0, 0x31, 0xeb, 0xf7,
    0x82, 0x1f, 0xd7, 0x3a, 0x0, 0x0, 0x0, 0x0,
    0xac, 0x96, 0x6b, 0xe6, 0xff, 0xc5, 0x2, 0x0,
    0x0, 0x0, 0x0, 0x33, 0xc, 0x0, 0xb, 0x39,
    0x6, 0x0, 0x0, 0x0, 0x80, 0xff, 0xf7, 0x20,
    0x0, 0x0, 0x0, 0x0, 0xac, 0xff, 0x8, 0x80,
    0xff, 0xff, 0xad, 0x0, 0x0, 0x0, 0x0, 0xac,
    0xff, 0x8, 0x80, 0xff, 0xdf, 0xff, 0x43, 0x0,
    0x0, 0x0, 0xac, 0xff, 0x8, 0x80, 0xff, 0x5c,
    0xff, 0xd4, 0x4, 0x0, 0x0, 0xac, 0xff, 0x8,
    0x80, 0xff, 0x2a, 0xa5, 0xff, 0x6e, 0x0, 0x0,
    0xac, 0xff, 0x8, 0x80, 0xff, 0x32, 0x1c, 0xf4,
    0xf0, 0x15, 0x0, 0xac, 0xff, 0x8, 0x80, 0xff,
    0x34, 0x0, 0x7a, 0xff, 0x9c, 0x0, 0xab, 0xff,
    0x8, 0x80, 0xff, 0x34, 0x0, 0x7, 0xde, 0xfe,
    0x33, 0xa5, 0xff, 0x8, 0x80, 0xff, 0x34, 0x0,
    0x0, 0x50, 0xff, 0xc7, 0x9c, 0xff, 0x8, 0x80,
    0xff, 0x34, 0x0, 0x0, 0x0, 0xb9, 0xff, 0xe5,
    0xff, 0x8, 0x80, 0xff, 0x34, 0x0, 0x0, 0x0,
    0x28, 0xfb, 0xff, 0xff, 0x8, 0x80, 0xff, 0x34,
    0x0, 0x0, 0x0, 0x0, 0x8f, 0xff, 0xff, 0x8,

    /* U+00D2 "Ò" */
    0x0, 0x0, 0x0, 0x14, 0x80, 0x7b, 0x5, 0x0,
    0x0, 0x0, 0x0, 0x0, 0x0, 0x0, 0x0, 0x0,
    0x6c, 0xfe, 0x8a, 0x0, 0x0, 0x0, 0x0, 0x0,
    0x0, 0x0, 0x0, 0x0, 0x0, 0x54, 0xf3, 0x50,
    0x0, 0x0, 0x0, 0x0, 0x0, 0x0, 0x0, 0x0,
    0x0, 0x0, 0x0, 0x0, 0x0, 0x0, 0x0, 0x0,
    0x0, 0x0, 0x0, 0x59, 0xc1, 0xf1, 0xfc, 0xe5,
    0xa0, 0x24, 0x0, 0x0, 0x0, 0x0, 0x93, 0xff,
    0xf8, 0xb9, 0xa4, 0xcf, 0xff, 0xf3, 0x36, 0x0,
    0x0, 0x48, 0xff, 0xe4, 0x25, 0x0, 0x0, 0x0,
    0x67, 0xff, 0xdc, 0x4, 0x0, 0xb1, 0xff, 0x5d,
    0x0, 0x0, 0x0, 0x0, 0x0, 0xc4, 0xff, 0x48,
    0x0, 0xed, 0xff, 0x10, 0x0, 0x0, 0x0, 0x0,
    0x0, 0x79, 0xff, 0x84, 0x7, 0xff, 0xf1, 0x0,
    0x0, 0x0, 0x0, 0x0, 0x0, 0x5a, 0xff, 0x9e,
    0x7, 0xff, 0xf1, 0x0, 0x0, 0x0, 0x0, 0x0,
    0x0, 0x59, 0xff, 0x9f, 0x0, 0xed, 0xff, 0x10,
    0x0, 0x0, 0x0, 0x0, 0x0, 0x78, 0xff, 0x85,
    0x0, 0xb0, 0xff, 0x5e, 0x0, 0x0, 0x0, 0x0,
    0x0, 0xc5, 0xff, 0x48, 0x0, 0x45, 0xff, 0xe5,
    0x25, 0x0, 0x0, 0x0, 0x6d, 0xff, 0xda, 0x4,
    0x0, 0x0, 0x8f, 0xff, 0xf8, 0xb8, 0xa4, 0xd1,
    0xff, 0xf0, 0x35, 0x0, 0x0, 0x0, 0x0, 0x56,
    0xc1, 0xf3, 0xfe, 0xe5, 0x9e, 0x22, 0x0, 0x0,

    /* U+00D3 "Ó" */
    0x0, 0x0, 0x0, 0x0, 0x0, 0x0, 0x28, 0x80,
    0x6e, 0x0, 0x0, 0x0, 0x0, 0x0, 0x0, 0x0,
    0x0, 0x7, 0xce, 0xea, 0x33, 0x0, 0x0, 0x0,
    0x0, 0x0, 0x0, 0x0, 0x0, 0x9a, 0xd7, 0x25,
    0x0, 0x0, 0x0, 0x0, 0x0, 0x0, 0x0, 0x0,
    0x0, 0x0, 0x0, 0x0, 0x0, 0x0, 0x0, 0x0,
    0x0, 0x0, 0x0, 0x59, 0xc1, 0xf1, 0xfc, 0xe5,
    0xa0, 0x24, 0x0, 0x0, 0x0, 0x0, 0x93, 0xff,
    0xf8, 0xb9, 0xa4, 0xcf, 0xff, 0xf3, 0x36, 0x0,
    0x0, 0x48, 0xff, 0xe4, 0x25, 0x0, 0x0, 0x0,
    0x67, 0xff, 0xdc, 0x4, 0x0, 0xb1, 0xff, 0x5d,
    0x0, 0x0, 0x0, 0x0, 0x0, 0xc4, 0xff, 0x48,
    0x0, 0xed, 0xff, 0x10, 0x0, 0x0, 0x0, 0x0,
    0x0, 0x79, 0xff, 0x84, 0x7, 0xff, 0xf1, 0x0,
    0x0, 0x0, 0x0, 0x0, 0x0, 0x5a, 0xff, 0x9e,
    0x7, 0xff, 0xf1, 0x0, 0x0, 0x0, 0x0, 0x0,
    0x0, 0x59, 0xff, 0x9f, 0x0, 0xed, 0xff, 0x10,
    0x0, 0x0, 0x0, 0x0, 0x0, 0x78, 0xff, 0x85,
    0x0, 0xb0, 0xff, 0x5e, 0x0, 0x0, 0x0, 0x0,
    0x0, 0xc5, 0xff, 0x48, 0x0, 0x45, 0xff, 0xe5,
    0x25, 0x0, 0x0, 0x0, 0x6d, 0xff, 0xda, 0x4,
    0x0, 0x0, 0x8f, 0xff, 0xf8, 0xb8, 0xa4, 0xd1,
    0xff, 0xf0, 0x35, 0x0, 0x0, 0x0, 0x0, 0x56,
    0xc1, 0xf3, 0xfe, 0xe5, 0x9e, 0x22, 0x0, 0x0,

    /* U+00D4 "Ô" */
    0x0, 0x0, 0x0, 0x0, 0x0, 0x70, 0x80, 0x41,
    0x0, 0x0, 0x0, 0x0, 0x0, 0x0, 0x0, 0x0,
    0x79, 0xfe, 0xd5, 0xf0, 0x2c, 0x0, 0x0, 0x0,
    0x0, 0x0, 0x0, 0x5f, 0xef, 0x50, 0x7, 0x98,
    0xe4, 0x20, 0x0, 0x0, 0x0, 0x0, 0x0, 0x0,
    0x0, 0x0, 0x0, 0x0, 0x0, 0x0, 0x0, 0x0,
    0x0, 0x0, 0x0, 0x59, 0xc1, 0xf1, 0xfc, 0xe5,
    0xa0, 0x24, 0x0, 0x0, 0x0, 0x0, 0x93, 0xff,
    0xf8, 0xb9, 0xa4, 0xcf, 0xff, 0xf3, 0x36, 0x0,
    0x0, 0x48, 0xff, 0xe4, 0x25, 0x0, 0x0, 0x0,
    0x67, 0xff, 0xdc, 0x4, 0x0, 0xb1, 0xff, 0x5d,
    0x0, 0x0, 0x0, 0x0, 0x0, 0xc4, 0xff, 0x48,
    0x0, 0xed, 0xff, 0x10, 0x0, 0x0, 0x0, 0x0,
    0x0, 0x79, 0xff, 0x84, 0x7, 0xff, 0xf1, 0x0,
    0x0, 0x0, 0x0, 0x0, 0x0, 0x5a, 0xff, 0x9e,
    0x7, 0xff, 0xf1, 0x0, 0x0, 0x0, 0x0, 0x0,
    0x0, 0x59, 0xff, 0x9f, 0x0, 0xed, 0xff, 0x10,
    0x0, 0x0, 0x0, 0x0, 0x0, 0x78, 0xff, 0x85,
    0x0, 0xb0, 0xff, 0x5e, 0x0, 0x0, 0x0, 0x0,
    0x0, 0xc5, 0xff, 0x48, 0x0, 0x45, 0xff, 0xe5,
    0x25, 0x0, 0x0, 0x0, 0x6d, 0xff, 0xda, 0x4,
    0x0, 0x0, 0x8f, 0xff, 0xf8, 0xb8, 0xa4, 0xd1,
    0xff, 0xf0, 0x35, 0x0, 0x0, 0x0, 0x0, 0x56,
    0xc1, 0xf3, 0xfe, 0xe5, 0x9e, 0x22, 0x0, 0x0,

    /* U+00D5 "Õ" */
    0x0, 0x0, 0x0, 0x0, 0x4, 0x8, 0x0, 0x0,
    0xc, 0x7, 0x0, 0x0, 0x0, 0x0, 0x0, 0x2f,
    0xea, 0xf7, 0x84, 0x20, 0xd3, 0x3e, 0x0, 0x0,
    0x0, 0x0, 0x0, 0xa8, 0x99, 0x68, 0xe6, 0xff,
    0xc9, 0x3, 0x0, 0x0, 0x0, 0x0, 0x0, 0x32,
    0xd, 0x0, 0xb, 0x39, 0x6, 0x0, 0x0, 0x0,
    0x0, 0x0, 0x0, 0x59, 0xc1, 0xf1, 0xfc, 0xe5,
    0xa0, 0x24, 0x0, 0x0, 0x0, 0x0, 0x93, 0xff,
    0xf8, 0xb9, 0xa4, 0xcf, 0xff, 0xf3, 0x36, 0x0,
    0x0, 0x48, 0xff, 0xe4, 0x25, 0x0, 0x0, 0x0,
    0x67, 0xff, 0xdc, 0x4, 0x0, 0xb1, 0xff, 0x5d,
    0x0, 0x0, 0x0, 0x0, 0x0, 0xc4, 0xff, 0x48,
    0x0, 0xed, 0xff, 0x10, 0x0, 0x0, 0x0, 0x0,
    0x0, 0x79, 0xff, 0x84, 0x7, 0xff, 0xf1, 0x0,
    0x0, 0x0, 0x0, 0x0, 0x0, 0x5a, 0xff, 0x9e,
    0x7, 0xff, 0xf1, 0x0, 0x0, 0x0, 0x0, 0x0,
    0x0, 0x59, 0xff, 0x9f, 0x0, 0xed, 0xff, 0x10,
    0x0, 0x0, 0x0, 0x0, 0x0, 0x78, 0xff, 0x85,
    0x0, 0xb0, 0xff, 0x5e, 0x0, 0x0, 0x0, 0x0,
    0x0, 0xc5, 0xff, 0x48, 0x0, 0x45, 0xff, 0xe5,
    0x25, 0x0, 0x0, 0x0, 0x6d, 0xff, 0xda, 0x4,
    0x0, 0x0, 0x8f, 0xff, 0xf8, 0xb8, 0xa4, 0xd1,
    0xff, 0xf0, 0x35, 0x0, 0x0, 0x0, 0x0, 0x56,
    0xc1, 0xf3, 0xfe, 0xe5, 0x9e, 0x22, 0x0, 0x0,

    /* U+00D6 "Ö" */
    0x0, 0x0, 0x0, 0x11, 0xea, 0x83, 0x6, 0xe2,
    0x98, 0x0, 0x0, 0x0, 0x0, 0x0, 0x0, 0xb,
    0xc0, 0x65, 0x3, 0xb8, 0x77, 0x0, 0x0, 0x0,
    0x0, 0x0, 0x0, 0x0, 0x0, 0x0, 0x0, 0x0,
    0x0, 0x0, 0x0, 0x0, 0x0, 0x0, 0x0, 0x59,
    0xc1, 0xf1, 0xfc, 0xe5, 0xa0, 0x24, 0x0, 0x0,
    0x0, 0x0, 0x93, 0xff, 0xf8, 0xb9, 0xa4, 0xcf,
    0xff, 0xf3, 0x36, 0x0, 0x0, 0x48, 0xff, 0xe4,
    0x25, 0x0, 0x0, 0x0, 0x67, 0xff, 0xdc, 0x4,
    0x0, 0xb1, 0xff, 0x5d, 0x0, 0x0, 0x0, 0x0,
    0x0, 0xc4, 0xff, 0x48, 0x0, 0xed, 0xff, 0x10,
    0x0, 0x0, 0x0, 0x0, 0x0, 0x79, 0xff, 0x84,
    0x7, 0xff, 0xf1, 0x0, 0x0, 0x0, 0x0, 0x0,
    0x0, 0x5a, 0xff, 0x9e, 0x7, 0xff, 0xf1, 0x0,
    0x0, 0x0, 0x0, 0x0, 0x0, 0x59, 0xff, 0x9f,
    0x0, 0xed, 0xff, 0x10, 0x0, 0x0, 0x0, 0x0,
    0x0, 0x78, 0xff, 0x85, 0x0, 0xb0, 0xff, 0x5e,
    0x0, 0x0, 0x0, 0x0, 0x0, 0xc5, 0xff, 0x48,
    0x0, 0x45, 0xff, 0xe5, 0x25, 0x0, 0x0, 0x0,
    0x6d, 0xff, 0xda, 0x4, 0x0, 0x0, 0x8f, 0xff,
    0xf8, 0xb8, 0xa4, 0xd1, 0xff, 0xf0, 0x35, 0x0,
    0x0, 0x0, 0x0, 0x56, 0xc1, 0xf3, 0xfe, 0xe5,
    0x9e, 0x22, 0x0, 0x0,

    /* U+00D7 "×" */
    0x12, 0x15, 0x0, 0x0, 0x0, 0x8, 0x1f, 0x0,
    0xb5, 0xd0, 0x12, 0x0, 0x7, 0xb6, 0xd8, 0x3,
    0x30, 0xee, 0xcd, 0x15, 0xb5, 0xf7, 0x43, 0x0,
    0x0, 0x33, 0xf1, 0xf4, 0xf8, 0x47, 0x0, 0x0,
    0x0, 0x4, 0xb7, 0xff, 0xce, 0xa, 0x0, 0x0,
    0x2, 0xa4, 0xfb, 0x7f, 0xf5, 0xbd, 0x9, 0x0,
    0x99, 0xfc, 0x56, 0x0, 0x3f, 0xf5, 0xb9, 0x2,
    0x55, 0x5b, 0x0, 0x0, 0x0, 0x3f, 0x73, 0x0,

    /* U+00D8 "Ø" */
    0x0, 0x0, 0x0, 0x0, 0x0, 0x0, 0x0, 0x0,
    0x0, 0x1c, 0xd, 0x0, 0x0, 0x0, 0x0, 0x59,
    0xc1, 0xf1, 0xfc, 0xe2, 0x9a, 0xca, 0xa9, 0x0,
    0x0, 0x0, 0x93, 0xff, 0xf8, 0xb9, 0xa4, 0xd3,
    0xff, 0xff, 0x55, 0x0, 0x0, 0x48, 0xff, 0xe4,
    0x25, 0x0, 0x0, 0x28, 0xfb, 0xff, 0xda, 0x4,
    0x0, 0xb1, 0xff, 0x5d, 0x0, 0x0, 0x4, 0xc9,
    0xc4, 0xc8, 0xff, 0x48, 0x0, 0xed, 0xff, 0x10,
    0x0, 0x0, 0x7b, 0xf5, 0x25, 0x7a, 0xff, 0x85,
    0x7, 0xff, 0xf1, 0x0, 0x0, 0x2e, 0xfa, 0x6d,
    0x0, 0x5a, 0xff, 0x9f, 0x7, 0xff, 0xf2, 0x0,
    0x6, 0xd0, 0xbd, 0x1, 0x0, 0x59, 0xff, 0x9f,
    0x0, 0xed, 0xff, 0x12, 0x83, 0xf2, 0x20, 0x0,
    0x0, 0x78, 0xff, 0x85, 0x0, 0xb3, 0xff, 0x92,
    0xfc, 0x64, 0x0, 0x0, 0x0, 0xc5, 0xff, 0x48,
    0x0, 0x49, 0xff, 0xff, 0xba, 0x0, 0x0, 0x0,
    0x6d, 0xff, 0xda, 0x4, 0x0, 0x0, 0xc2, 0xff,
    0xfa, 0xb9, 0xa4, 0xd1, 0xff, 0xf0, 0x35, 0x0,
    0x0, 0x1f, 0xfc, 0x95, 0xc1, 0xf2, 0xfd, 0xe5,
    0x9e, 0x22, 0x0, 0x0, 0x0, 0x0, 0x39, 0x1,
    0x0, 0x0, 0x0, 0x0, 0x0, 0x0, 0x0, 0x0,

    /* U+00D9 "Ù" */
    0x0, 0x0, 0x42, 0x80, 0x53, 0x0, 0x0, 0x0,
    0x0, 0x0, 0x0, 0x0, 0xb, 0xbb, 0xfa, 0x34,
    0x0, 0x0, 0x0, 0x0, 0x0, 0x0, 0x0, 0x6,
    0x9e, 0xe1, 0x13, 0x0, 0x0, 0x0, 0x0, 0x0,
    0x0, 0x0, 0x0, 0x0, 0x0, 0x0, 0x0, 0x0,
    0x98, 0xff, 0x48, 0x0, 0x0, 0x0, 0x0, 0x64,
    0xff, 0x78, 0x98, 0xff, 0x48, 0x0, 0x0, 0x0,
    0x0, 0x64, 0xff, 0x78, 0x98, 0xff, 0x48, 0x0,
    0x0, 0x0, 0x0, 0x64, 0xff, 0x78, 0x98, 0xff,
    0x48, 0x0, 0x0, 0x0, 0x0, 0x64, 0xff, 0x78,
    0x98, 0xff, 0x48, 0x0, 0x0, 0x0, 0x0, 0x64,
    0xff, 0x78, 0x98, 0xff, 0x48, 0x0, 0x0, 0x0,
    0x0, 0x64, 0xff, 0x78, 0x98, 0xff, 0x48, 0x0,
    0x0, 0x0, 0x0, 0x64, 0xff, 0x78, 0x97, 0xff,
    0x4a, 0x0, 0x0, 0x0, 0x0, 0x65, 0xff, 0x77,
    0x87, 0xff, 0x67, 0x0, 0x0, 0x0, 0x0, 0x83,
    0xff, 0x64, 0x42, 0xff, 0xd0, 0xd, 0x0, 0x0,
    0x17, 0xe2, 0xfe, 0x22, 0x0, 0xb1, 0xff, 0xe9,
    0xab, 0xac, 0xef, 0xff, 0x88, 0x0, 0x0, 0x6,
    0x7d, 0xd8, 0xfb, 0xf7, 0xcc, 0x61, 0x0, 0x0,

    /* U+00DA "Ú" */
    0x0, 0x0, 0x0, 0x0, 0x0, 0x54, 0x80, 0x40,
    0x0, 0x0, 0x0, 0x0, 0x0, 0x0, 0x36, 0xfb,
    0xb8, 0xa, 0x0, 0x0, 0x0, 0x0, 0x0, 0x13,
    0xe1, 0x9b, 0x5, 0x0, 0x0, 0x0, 0x0, 0x0,
    0x0, 0x0, 0x0, 0x0, 0x0, 0x0, 0x0, 0x0,
    0x98, 0xff, 0x48, 0x0, 0x0, 0x0, 0x0, 0x64,
    0xff, 0x78, 0x98, 0xff, 0x48, 0x0, 0x0, 0x0,
    0x0, 0x64, 0xff, 0x78, 0x98, 0xff, 0x48, 0x0,
    0x0, 0x0, 0x0, 0x64, 0xff, 0x78, 0x98, 0xff,
    0x48, 0x0, 0x0, 0x0, 0x0, 0x64, 0xff, 0x78,
    0x98, 0xff, 0x48, 0x0, 0x0, 0x0, 0x0, 0x64,
    0xff, 0x78, 0x98, 0xff, 0x48, 0x0, 0x0, 0x0,
    0x0, 0x64, 0xff, 0x78, 0x98, 0xff, 0x48, 0x0,
    0x0, 0x0, 0x0, 0x64, 0xff, 0x78, 0x97, 0xff,
    0x4a, 0x0, 0x0, 0x0, 0x0, 0x65, 0xff, 0x77,
    0x87, 0xff, 0x67, 0x0, 0x0, 0x0, 0x0, 0x83,
    0xff, 0x64, 0x42, 0xff, 0xd0, 0xd, 0x0, 0x0,
    0x17, 0xe2, 0xfe, 0x22, 0x0, 0xb1, 0xff, 0xe9,
    0xab, 0xac, 0xef, 0xff, 0x88, 0x0, 0x0, 0x6,
    0x7d, 0xd8, 0xfb, 0xf7, 0xcc, 0x61, 0x0, 0x0,

    /* U+00DB "Û" */
    0x0, 0x0, 0x0, 0x1d, 0x80, 0x80, 0x14, 0x0,
    0x0, 0x0, 0x0, 0x0, 0x9, 0xc7, 0xe4, 0xed,
    0xbd, 0x6, 0x0, 0x0, 0x0, 0x2, 0xb5, 0xc8,
    0x1c, 0x25, 0xd1, 0xaa, 0x0, 0x0, 0x0, 0x0,
    0x0, 0x0, 0x0, 0x0, 0x0, 0x0, 0x0, 0x0,
    0x98, 0xff, 0x48, 0x0, 0x0, 0x0, 0x0, 0x64,
    0xff, 0x78, 0x98, 0xff, 0x48, 0x0, 0x0, 0x0,
    0x0, 0x64, 0xff, 0x78, 0x98, 0xff, 0x48, 0x0,
    0x0, 0x0, 0x0, 0x64, 0xff, 0x78, 0x98, 0xff,
    0x48, 0x0, 0x0, 0x0, 0x0, 0x64, 0xff, 0x78,
    0x98, 0xff, 0x48, 0x0, 0x0, 0x0, 0x0, 0x64,
    0xff, 0x78, 0x98, 0xff, 0x48, 0x0, 0x0, 0x0,
    0x0, 0x64, 0xff, 0x78, 0x98, 0xff, 0x48, 0x0,
    0x0, 0x0, 0x0, 0x64, 0xff, 0x78, 0x97, 0xff,
    0x4a, 0x0, 0x0, 0x0, 0x0, 0x65, 0xff, 0x77,
    0x87, 0xff, 0x67, 0x0, 0x0, 0x0, 0x0, 0x83,
    0xff, 0x64, 0x42, 0xff, 0xd0, 0xd, 0x0, 0x0,
    0x17, 0xe2, 0xfe, 0x22, 0x0, 0xb1, 0xff, 0xe9,
    0xab, 0xac, 0xef, 0xff, 0x88, 0x0, 0x0, 0x6,
    0x7d, 0xd8, 0xfb, 0xf7, 0xcc, 0x61, 0x0, 0x0,

    /* U+00DC "Ü" */
    0x0, 0x0, 0x58, 0xf2, 0x32, 0x49, 0xf4, 0x42,
    0x0, 0x0, 0x0, 0x0, 0x43, 0xc9, 0x24, 0x37,
    0xcc, 0x31, 0x0, 0x0, 0x0, 0x0, 0x0, 0x0,
    0x0, 0x0, 0x0, 0x0, 0x0, 0x0, 0x98, 0xff,
    0x48, 0x0, 0x0, 0x0, 0x0, 0x64, 0xff, 0x78,
    0x98, 0xff, 0x48, 0x0, 0x0, 0x0, 0x0, 0x64,
    0xff, 0x78, 0x98, 0xff, 0x48, 0x0, 0x0, 0x0,
    0x0, 0x64, 0xff, 0x78, 0x98, 0xff, 0x48, 0x0,
    0x0, 0x0, 0x0, 0x64, 0xff, 0x78, 0x98, 0xff,
    0x48, 0x0, 0x0, 0x0, 0x0, 0x64, 0xff, 0x78,
    0x98, 0xff, 0x48, 0x0, 0x0, 0x0, 0x0, 0x64,
    0xff, 0x78, 0x98, 0xff, 0x48, 0x0, 0x0, 0x0,
    0x0, 0x64, 0xff, 0x78, 0x97, 0xff, 0x4a, 0x0,
    0x0, 0x0, 0x0, 0x65, 0xff, 0x77, 0x87, 0xff,
    0x67, 0x0, 0x0, 0x0, 0x0, 0x83, 0xff, 0x64,
    0x42, 0xff, 0xd0, 0xd, 0x0, 0x0, 0x17, 0xe2,
    0xfe, 0x22, 0x0, 0xb1, 0xff, 0xe9, 0xab, 0xac,
    0xef, 0xff, 0x88, 0x0, 0x0, 0x6, 0x7d, 0xd8,
    0xfb, 0xf7, 0xcc, 0x61, 0x0, 0x0,

    /* U+00DD "Ý" */
    0x0, 0x0, 0x0, 0x0, 0x0, 0x4c, 0x5c, 0x20,
    0x0, 0x0, 0x0, 0x0, 0x0, 0x0, 0x52, 0xff,
    0xa3, 0x5, 0x0, 0x0, 0x0, 0x0, 0x0, 0x2a,
    0xf0, 0x7c, 0x1, 0x0, 0x0, 0x0, 0x0, 0x0,
    0x0, 0x3, 0x7, 0x0, 0x0, 0x0, 0x0, 0x0,
    0xbe, 0xff, 0x4d, 0x0, 0x0, 0x0, 0x1, 0xcd,
    0xff, 0x37, 0x3b, 0xff, 0xcd, 0x1, 0x0, 0x0,
    0x50, 0xff, 0xb1, 0x0, 0x0, 0xb8, 0xff, 0x50,
    0x0, 0x2, 0xd0, 0xfe, 0x30, 0x0, 0x0, 0x33,
    0xff, 0xcf, 0x1, 0x56, 0xff, 0xa9, 0x0, 0x0,
    0x0, 0x0, 0xb0, 0xff, 0x52, 0xd6, 0xfd, 0x27,
    0x0, 0x0, 0x0, 0x0, 0x2d, 0xfe, 0xf1, 0xff,
    0xa0, 0x0, 0x0, 0x0, 0x0, 0x0, 0x0, 0xa7,
    0xff, 0xfa, 0x21, 0x0, 0x0, 0x0, 0x0, 0x0,
    0x0, 0x3b, 0xff, 0xb4, 0x0, 0x0, 0x0, 0x0,
    0x0, 0x0, 0x0, 0x30, 0xff, 0xac, 0x0, 0x0,
    0x0, 0x0, 0x0, 0x0, 0x0, 0x30, 0xff, 0xac,
    0x0, 0x0, 0x0, 0x0, 0x0, 0x0, 0x0, 0x30,
    0xff, 0xac, 0x0, 0x0, 0x0, 0x0, 0x0, 0x0,
    0x0, 0x30, 0xff, 0xac, 0x0, 0x0, 0x0, 0x0,

    /* U+00DE "Þ" */
    0x80, 0xff, 0x60, 0x0, 0x0, 0x0, 0x0, 0x0,
    0x0, 0x80, 0xff, 0x60, 0x0, 0x0, 0x0, 0x0,
    0x0, 0x0, 0x80, 0xff, 0xbf, 0x98, 0x91, 0x6c,
    0x18, 0x0, 0x0, 0x80, 0xff, 0xff, 0xff, 0xff,
    0xff, 0xf4, 0x3d, 0x0, 0x80, 0xff, 0x60, 0x1,
    0x15, 0x7f, 0xff, 0xd2, 0x0, 0x80, 0xff, 0x60,
    0x0, 0x0, 0x0, 0xe7, 0xff, 0xc, 0x80, 0xff,
    0x60, 0x0, 0x0, 0x1, 0xeb, 0xfd, 0x8, 0x80,
    0xff, 0x60, 0x1, 0x1c, 0x8d, 0xff, 0xc1, 0x0,
    0x80, 0xff, 0xff, 0xff, 0xff, 0xff, 0xe1, 0x28,
    0x0, 0x80, 0xff, 0xbd, 0x94, 0x88, 0x58, 0x9,
    0x0, 0x0, 0x80, 0xff, 0x60, 0x0, 0x0, 0x0,
    0x0, 0x0, 0x0, 0x80, 0xff, 0x60, 0x0, 0x0,
    0x0, 0x0, 0x0, 0x0,

    /* U+00DF "ß" */
    0x0, 0x4f, 0xc4, 0xf5, 0xfd, 0xe3, 0x97, 0x15,
    0x0, 0x0, 0x44, 0xff, 0xf2, 0x98, 0x86, 0xc9,
    0xff, 0xc3, 0x0, 0x0, 0xa1, 0xff, 0x4f, 0x0,
    0x0, 0x4, 0xf1, 0xf5, 0x0, 0x0, 0xb0, 0xff,
    0x28, 0x0, 0x0, 0x53, 0xff, 0x9d, 0x0, 0x0,
    0xb0, 0xff, 0x28, 0x0, 0x76, 0xfe, 0x98, 0x6,
    0x0, 0x0, 0xb0, 0xff, 0x28, 0x7, 0xfc, 0xd6,
    0x0, 0x0, 0x0, 0x0, 0xb0, 0xff, 0x28, 0x1,
    0xd3, 0xff, 0xa1, 0x10, 0x0, 0x0, 0xb0, 0xff,
    0x28, 0x0, 0x16, 0xaf, 0xff, 0xe4, 0x32, 0x0,
    0xb0, 0xff, 0x28, 0x0, 0x0, 0x0, 0x57, 0xfe,
    0xd7, 0x0, 0xb0, 0xff, 0x28, 0x0, 0x0, 0x0,
    0x0, 0xde, 0xff, 0x3, 0xb0, 0xff, 0x28, 0x83,
    0x9a, 0x6d, 0x96, 0xff, 0xcf, 0x0, 0xb0, 0xff,
    0x28, 0x5c, 0xdf, 0xfd, 0xf2, 0xb5, 0x24, 0x0,

    /* U+00E0 "à" */
    0x0, 0x0, 0x87, 0xff, 0x8d, 0x0, 0x0, 0x0,
    0x0, 0x0, 0x0, 0x0, 0x5e, 0xf5, 0x63, 0x0,
    0x0, 0x0, 0x0, 0x0, 0x0, 0x0, 0x1d, 0x36,
    0x0, 0x0, 0x0, 0x0, 0x20, 0x9b, 0xdf, 0xfc,
    0xee, 0xa9, 0x17, 0x0, 0x0, 0x21, 0xf3, 0xa1,
    0x75, 0xb6, 0xff, 0xb4, 0x0, 0x0, 0x0, 0xc,
    0x0, 0x0, 0x4, 0xea, 0xfa, 0x1, 0x0, 0x0,
    0x0, 0x0, 0x0, 0x0, 0xc9, 0xff, 0x8, 0x0,
    0x34, 0xb1, 0xe8, 0xfb, 0xfc, 0xff, 0xff, 0x8,
    0x16, 0xf4, 0xf7, 0x6d, 0x34, 0x2c, 0xd5, 0xff,
    0x8, 0x47, 0xff, 0xa6, 0x0, 0x0, 0x5, 0xe9,
    0xff, 0x8, 0x21, 0xfd, 0xe7, 0x58, 0x53, 0xbb,
    0xf2, 0xff, 0x8, 0x0, 0x61, 0xe2, 0xfc, 0xe0,
    0x72, 0x6c, 0xff, 0x8,

    /* U+00E1 "á" */
    0x0, 0x0, 0x0, 0x0, 0x35, 0xfa, 0xd2, 0x18,
    0x0, 0x0, 0x0, 0x0, 0x1d, 0xe5, 0xaa, 0xc,
    0x0, 0x0, 0x0, 0x0, 0x0, 0x20, 0x35, 0x0,
    0x0, 0x0, 0x0, 0x0, 0x20, 0x9b, 0xdf, 0xfc,
    0xee, 0xa9, 0x17, 0x0, 0x0, 0x21, 0xf3, 0xa1,
    0x75, 0xb6, 0xff, 0xb4, 0x0, 0x0, 0x0, 0xc,
    0x0, 0x0, 0x4, 0xea, 0xfa, 0x1, 0x0, 0x0,
    0x0, 0x0, 0x0, 0x0, 0xc9, 0xff, 0x8, 0x0,
    0x34, 0xb1, 0xe8, 0xfb, 0xfc, 0xff, 0xff, 0x8,
    0x16, 0xf4, 0xf7, 0x6d, 0x34, 0x2c, 0xd5, 0xff,
    0x8, 0x47, 0xff, 0xa6, 0x0, 0x0, 0x5, 0xe9,
    0xff, 0x8, 0x21, 0xfd, 0xe7, 0x58, 0x53, 0xbb,
    0xf2, 0xff, 0x8, 0x0, 0x61, 0xe2, 0xfc, 0xe0,
    0x72, 0x6c, 0xff, 0x8,

    /* U+00E2 "â" */
    0x0, 0x0, 0x7, 0xc0, 0xff, 0xef, 0x28, 0x0,
    0x0, 0x0, 0x9, 0xb6, 0xd3, 0x32, 0xa6, 0xe6,
    0x2c, 0x0, 0x0, 0x14, 0x3b, 0x6, 0x0, 0x0,
    0x2f, 0x28, 0x0, 0x0, 0x20, 0x9b, 0xdf, 0xfc,
    0xee, 0xa9, 0x17, 0x0, 0x0, 0x21, 0xf3, 0xa1,
    0x75, 0xb6, 0xff, 0xb4, 0x0, 0x0, 0x0, 0xc,
    0x0, 0x0, 0x4, 0xea, 0xfa, 0x1, 0x0, 0x0,
    0x0, 0x0, 0x0, 0x0, 0xc9, 0xff, 0x8, 0x0,
    0x34, 0xb1, 0xe8, 0xfb, 0xfc, 0xff, 0xff, 0x8,
    0x16, 0xf4, 0xf7, 0x6d, 0x34, 0x2c, 0xd5, 0xff,
    0x8, 0x47, 0xff, 0xa6, 0x0, 0x0, 0x5, 0xe9,
    0xff, 0x8, 0x21, 0xfd, 0xe7, 0x58, 0x53, 0xbb,
    0xf2, 0xff, 0x8, 0x0, 0x61, 0xe2, 0xfc, 0xe0,
    0x72, 0x6c, 0xff, 0x8,

    /* U+00E3 "ã" */
    0x0, 0x4, 0xae, 0xf8, 0xa9, 0x2f, 0x89, 0x9a,
    0x0, 0x0, 0x4e, 0xda, 0x67, 0xcb, 0xff, 0xf7,
    0x34, 0x0, 0x0, 0x1e, 0x25, 0x0, 0x1, 0x34,
    0x1b, 0x0, 0x0, 0x0, 0x20, 0x9b, 0xdf, 0xfc,
    0xee, 0xa9, 0x17, 0x0, 0x0, 0x21, 0xf3, 0xa1,
    0x75, 0xb6, 0xff, 0xb4, 0x0, 0x0, 0x0, 0xc,
    0x0, 0x0, 0x4, 0xea, 0xfa, 0x1, 0x0, 0x0,
    0x0, 0x0, 0x0, 0x0, 0xc9, 0xff, 0x8, 0x0,
    0x34, 0xb1, 0xe8, 0xfb, 0xfc, 0xff, 0xff, 0x8,
    0x16, 0xf4, 0xf7, 0x6d, 0x34, 0x2c, 0xd5, 0xff,
    0x8, 0x47, 0xff, 0xa6, 0x0, 0x0, 0x5, 0xe9,
    0xff, 0x8, 0x21, 0xfd, 0xe7, 0x58, 0x53, 0xbb,
    0xf2, 0xff, 0x8, 0x0, 0x61, 0xe2, 0xfc, 0xe0,
    0x72, 0x6c, 0xff, 0x8,

    /* U+00E4 "ä" */
    0x0, 0x0, 0xa5, 0xd7, 0x0, 0x94, 0xe3, 0x8,
    0x0, 0x0, 0x0, 0x83, 0xae, 0x0, 0x76, 0xba,
    0x4, 0x0, 0x0, 0x0, 0x0, 0x0, 0x0, 0x0,
    0x0, 0x0, 0x0, 0x0, 0x20, 0x9b, 0xdf, 0xfc,
    0xee, 0xa9, 0x17, 0x0, 0x0, 0x21, 0xf3, 0xa1,
    0x75, 0xb6, 0xff, 0xb4, 0x0, 0x0, 0x0, 0xc,
    0x0, 0x0, 0x4, 0xea, 0xfa, 0x1, 0x0, 0x0,
    0x0, 0x0, 0x0, 0x0, 0xc9, 0xff, 0x8, 0x0,
    0x34, 0xb1, 0xe8, 0xfb, 0xfc, 0xff, 0xff, 0x8,
    0x16, 0xf4, 0xf7, 0x6d, 0x34, 0x2c, 0xd5, 0xff,
    0x8, 0x47, 0xff, 0xa6, 0x0, 0x0, 0x5, 0xe9,
    0xff, 0x8, 0x21, 0xfd, 0xe7, 0x58, 0x53, 0xbb,
    0xf2, 0xff, 0x8, 0x0, 0x61, 0xe2, 0xfc, 0xe0,
    0x72, 0x6c, 0xff, 0x8,

    /* U+00E5 "å" */
    0x0, 0x0, 0x0, 0x87, 0xee, 0xbe, 0x12, 0x0,
    0x0, 0x0, 0x0, 0x1b, 0xeb, 0xf, 0xa8, 0x75,
    0x0, 0x0, 0x0, 0x0, 0x1a, 0xea, 0xc, 0xa8,
    0x74, 0x0, 0x0, 0x0, 0x0, 0x0, 0x87, 0xef,
    0xc0, 0x13, 0x0, 0x0, 0x0, 0x0, 0x0, 0x0,
    0x0, 0x0, 0x0, 0x0, 0x0, 0x0, 0x20, 0x9b,
    0xdf, 0xfc, 0xee, 0xa9, 0x17, 0x0, 0x0, 0x21,
    0xf3, 0xa1, 0x75, 0xb6, 0xff, 0xb4, 0x0, 0x0,
    0x0, 0xc, 0x0, 0x0, 0x4, 0xea, 0xfa, 0x1,
    0x0, 0x0, 0x0, 0x0, 0x0, 0x0, 0xc9, 0xff,
    0x8, 0x0, 0x34, 0xb1, 0xe8, 0xfb, 0xfc, 0xff,
    0xff, 0x8, 0x16, 0xf4, 0xf7, 0x6d, 0x34, 0x2c,
    0xd5, 0xff, 0x8, 0x47, 0xff, 0xa6, 0x0, 0x0,
    0x5, 0xe9, 0xff, 0x8, 0x21, 0xfd, 0xe7, 0x58,
    0x53, 0xbb, 0xf2, 0xff, 0x8, 0x0, 0x61, 0xe2,
    0xfc, 0xe0, 0x72, 0x6c, 0xff, 0x8,

    /* U+00E6 "æ" */
    0x0, 0x2a, 0xa5, 0xe5, 0xfc, 0xe6, 0x77, 0x22,
    0xb7, 0xf7, 0xf2, 0xa4, 0x14, 0x0, 0x0, 0x37,
    0xea, 0x95, 0x77, 0xc6, 0xff, 0xf1, 0xed, 0x82,
    0x92, 0xfe, 0xc4, 0x1, 0x0, 0x0, 0x8, 0x0,
    0x0, 0x15, 0xff, 0xff, 0x47, 0x0, 0x0, 0x9d,
    0xff, 0x3c, 0x0, 0x0, 0x0, 0x5, 0x13, 0x14,
    0xf9, 0xf9, 0x17, 0x14, 0x14, 0x6b, 0xff, 0x6f,
    0x0, 0x46, 0xcb, 0xfd, 0xff, 0xff, 0xff, 0xff,
    0xff, 0xff, 0xff, 0xff, 0xff, 0x7c, 0x1b, 0xf9,
    0xf6, 0x78, 0x49, 0x44, 0xfd, 0xf3, 0x44, 0x44,
    0x44, 0x44, 0x44, 0x21, 0x49, 0xff, 0xa7, 0x0,
    0x0, 0x27, 0xff, 0xff, 0x3a, 0x0, 0x0, 0x0,
    0x0, 0x0, 0x1f, 0xfc, 0xf2, 0x8b, 0x8a, 0xe7,
    0xb1, 0xe7, 0xf1, 0x93, 0x7c, 0x94, 0xd3, 0xc,
    0x0, 0x5c, 0xdd, 0xfe, 0xe7, 0x88, 0x6, 0x23,
    0xae, 0xf1, 0xfd, 0xe4, 0x9e, 0x5,

    /* U+00E7 "ç" */
    0x0, 0x0, 0x4f, 0xc8, 0xf8, 0xf8, 0xcc, 0x34,
    0x0, 0x59, 0xff, 0xf0, 0x9e, 0x9f, 0xdb, 0x18,
    0x0, 0xdd, 0xfd, 0x2d, 0x0, 0x0, 0x0, 0x0,
    0x1b, 0xff, 0xcc, 0x0, 0x0, 0x0, 0x0, 0x0,
    0x2e, 0xff, 0xb6, 0x0, 0x0, 0x0, 0x0, 0x0,
    0x1f, 0xff, 0xcc, 0x0, 0x0, 0x0, 0x0, 0x0,
    0x1, 0xe7, 0xfd, 0x2d, 0x0, 0x0, 0x1, 0x7,
    0x0, 0x6a, 0xff, 0xef, 0x9d, 0x9d, 0xd9, 0x3c,
    0x0, 0x0, 0x64, 0xd4, 0xff, 0xf7, 0xc0, 0x1e,
    0x0, 0x0, 0x0, 0x37, 0xff, 0x3d, 0x0, 0x0,
    0x0, 0x0, 0x0, 0x2a, 0xac, 0xfa, 0x24, 0x0,
    0x0, 0x0, 0x2, 0x25, 0x5c, 0xff, 0x3e, 0x0,
    0x0, 0x0, 0x7, 0xf6, 0xf5, 0xa1, 0x3, 0x0,

    /* U+00E8 "è" */
    0x0, 0x0, 0x86, 0xff, 0x91, 0x0, 0x0, 0x0,
    0x0, 0x0, 0x0, 0x0, 0x5d, 0xf5, 0x67, 0x0,
    0x0, 0x0, 0x0, 0x0, 0x0, 0x0, 0x1d, 0x37,
    0x0, 0x0, 0x0, 0x0, 0x0, 0x52, 0xcf, 0xfb,
    0xed, 0x9c, 0xf, 0x0, 0x0, 0x53, 0xff, 0xda,
    0x74, 0x95, 0xff, 0xbd, 0x0, 0x0, 0xd9, 0xfc,
    0x1f, 0x0, 0x0, 0xa1, 0xff, 0x38, 0x1b, 0xff,
    0xd1, 0x14, 0x14, 0x14, 0x6d, 0xff, 0x6b, 0x2e,
    0xff, 0xff, 0xff, 0xff, 0xff, 0xff, 0xff, 0x78,
    0x1d, 0xff, 0xcd, 0x44, 0x44, 0x44, 0x44, 0x44,
    0x20, 0x0, 0xdd, 0xf3, 0x1a, 0x0, 0x0, 0x0,
    0x0, 0x0, 0x0, 0x50, 0xfe, 0xe6, 0x8c, 0x7c,
    0x96, 0xd5, 0x8, 0x0, 0x0, 0x44, 0xbf, 0xf5,
    0xfd, 0xe4, 0x9d, 0x3,

    /* U+00E9 "é" */
    0x0, 0x0, 0x0, 0x0, 0x34, 0xf9, 0xd2, 0x18,
    0x0, 0x0, 0x0, 0x0, 0x1d, 0xe4, 0xaa, 0xc,
    0x0, 0x0, 0x0, 0x0, 0x0, 0x1f, 0x35, 0x0,
    0x0, 0x0, 0x0, 0x0, 0x0, 0x52, 0xcf, 0xfb,
    0xed, 0x9c, 0xf, 0x0, 0x0, 0x53, 0xff, 0xda,
    0x74, 0x95, 0xff, 0xbd, 0x0, 0x0, 0xd9, 0xfc,
    0x1f, 0x0, 0x0, 0xa1, 0xff, 0x38, 0x1b, 0xff,
    0xd1, 0x14, 0x14, 0x14, 0x6d, 0xff, 0x6b, 0x2e,
    0xff, 0xff, 0xff, 0xff, 0xff, 0xff, 0xff, 0x78,
    0x1d, 0xff, 0xcd, 0x44, 0x44, 0x44, 0x44, 0x44,
    0x20, 0x0, 0xdd, 0xf3, 0x1a, 0x0, 0x0, 0x0,
    0x0, 0x0, 0x0, 0x50, 0xfe, 0xe6, 0x8c, 0x7c,
    0x96, 0xd5, 0x8, 0x0, 0x0, 0x44, 0xbf, 0xf5,
    0xfd, 0xe4, 0x9d, 0x3,

    /* U+00EA "ê" */
    0x0, 0x0, 0x7, 0xbf, 0xff, 0xf0, 0x2b, 0x0,
    0x0, 0x0, 0x9, 0xb6, 0xd3, 0x35, 0xa5, 0xe9,
    0x2d, 0x0, 0x0, 0x14, 0x3b, 0x7, 0x0, 0x0,
    0x2e, 0x29, 0x0, 0x0, 0x0, 0x52, 0xcf, 0xfb,
    0xed, 0x9c, 0xf, 0x0, 0x0, 0x53, 0xff, 0xda,
    0x74, 0x95, 0xff, 0xbd, 0x0, 0x0, 0xd9, 0xfc,
    0x1f, 0x0, 0x0, 0xa1, 0xff, 0x38, 0x1b, 0xff,
    0xd1, 0x14, 0x14, 0x14, 0x6d, 0xff, 0x6b, 0x2e,
    0xff, 0xff, 0xff, 0xff, 0xff, 0xff, 0xff, 0x78,
    0x1d, 0xff, 0xcd, 0x44, 0x44, 0x44, 0x44, 0x44,
    0x20, 0x0, 0xdd, 0xf3, 0x1a, 0x0, 0x0, 0x0,
    0x0, 0x0, 0x0, 0x50, 0xfe, 0xe6, 0x8c, 0x7c,
    0x96, 0xd5, 0x8, 0x0, 0x0, 0x44, 0xbf, 0xf5,
    0xfd, 0xe4, 0x9d, 0x3,

    /* U+00EB "ë" */
    0x0, 0x0, 0xa5, 0xd9, 0x1, 0x91, 0xe4, 0xa,
    0x0, 0x0, 0x0, 0x83, 0xb0, 0x0, 0x74, 0xbb,
    0x6, 0x0, 0x0, 0x0, 0x0, 0x0, 0x0, 0x0,
    0x0, 0x0, 0x0, 0x0, 0x0, 0x52, 0xcf, 0xfb,
    0xed, 0x9c, 0xf, 0x0, 0x0, 0x53, 0xff, 0xda,
    0x74, 0x95, 0xff, 0xbd, 0x0, 0x0, 0xd9, 0xfc,
    0x1f, 0x0, 0x0, 0xa1, 0xff, 0x38, 0x1b, 0xff,
    0xd1, 0x14, 0x14, 0x14, 0x6d, 0xff, 0x6b, 0x2e,
    0xff, 0xff, 0xff, 0xff, 0xff, 0xff, 0xff, 0x78,
    0x1d, 0xff, 0xcd, 0x44, 0x44, 0x44, 0x44, 0x44,
    0x20, 0x0, 0xdd, 0xf3, 0x1a, 0x0, 0x0, 0x0,
    0x0, 0x0, 0x0, 0x50, 0xfe, 0xe6, 0x8c, 0x7c,
    0x96, 0xd5, 0x8, 0x0, 0x0, 0x44, 0xbf, 0xf5,
    0xfd, 0xe4, 0x9d, 0x3,

    /* U+00EC "ì" */
    0x19, 0xcd, 0xf8, 0x34, 0x0, 0x0, 0x9, 0x99,
    0xe9, 0x26, 0x0, 0x0, 0x0, 0x1a, 0x10, 0x0,
    0x0, 0xb0, 0xff, 0x28, 0x0, 0x0, 0xb0, 0xff,
    0x28, 0x0, 0x0, 0xb0, 0xff, 0x28, 0x0, 0x0,
    0xb0, 0xff, 0x28, 0x0, 0x0, 0xb0, 0xff, 0x28,
    0x0, 0x0, 0xb0, 0xff, 0x28, 0x0, 0x0, 0xb0,
    0xff, 0x28, 0x0, 0x0, 0xb0, 0xff, 0x28, 0x0,
    0x0, 0xb0, 0xff, 0x28,

    /* U+00ED "í" */
    0x0, 0x9d, 0xfe, 0x7a, 0x7e, 0xeb, 0x49, 0x0,
    0x1e, 0xd, 0x0, 0x0, 0xb0, 0xff, 0x28, 0x0,
    0xb0, 0xff, 0x28, 0x0, 0xb0, 0xff, 0x28, 0x0,
    0xb0, 0xff, 0x28, 0x0, 0xb0, 0xff, 0x28, 0x0,
    0xb0, 0xff, 0x28, 0x0, 0xb0, 0xff, 0x28, 0x0,
    0xb0, 0xff, 0x28, 0x0, 0xb0, 0xff, 0x28, 0x0,

    /* U+00EE "î" */
    0x0, 0x3d, 0xf8, 0xff, 0xb2, 0x5, 0x0, 0x48,
    0xee, 0x7a, 0x2f, 0xd0, 0xb4, 0xa, 0x19, 0x13,
    0x0, 0x0, 0x3, 0x20, 0x9, 0x0, 0x0, 0xb0,
    0xff, 0x28, 0x0, 0x0, 0x0, 0x0, 0xb0, 0xff,
    0x28, 0x0, 0x0, 0x0, 0x0, 0xb0, 0xff, 0x28,
    0x0, 0x0, 0x0, 0x0, 0xb0, 0xff, 0x28, 0x0,
    0x0, 0x0, 0x0, 0xb0, 0xff, 0x28, 0x0, 0x0,
    0x0, 0x0, 0xb0, 0xff, 0x28, 0x0, 0x0, 0x0,
    0x0, 0xb0, 0xff, 0x28, 0x0, 0x0, 0x0, 0x0,
    0xb0, 0xff, 0x28, 0x0, 0x0, 0x0, 0x0, 0xb0,
    0xff, 0x28, 0x0, 0x0,

    /* U+00EF "ï" */
    0x1f, 0xee, 0x71, 0x11, 0xea, 0x84, 0x16, 0xc5,
    0x58, 0xb, 0xc1, 0x69, 0x0, 0x0, 0x0, 0x0,
    0x0, 0x0, 0x0, 0x0, 0xb0, 0xff, 0x28, 0x0,
    0x0, 0x0, 0xb0, 0xff, 0x28, 0x0, 0x0, 0x0,
    0xb0, 0xff, 0x28, 0x0, 0x0, 0x0, 0xb0, 0xff,
    0x28, 0x0, 0x0, 0x0, 0xb0, 0xff, 0x28, 0x0,
    0x0, 0x0, 0xb0, 0xff, 0x28, 0x0, 0x0, 0x0,
    0xb0, 0xff, 0x28, 0x0, 0x0, 0x0, 0xb0, 0xff,
    0x28, 0x0, 0x0, 0x0, 0xb0, 0xff, 0x28, 0x0,

    /* U+00F0 "ð" */
    0x0, 0x0, 0x0, 0x81, 0x49, 0x0, 0x41, 0x65,
    0x0, 0x0, 0x0, 0x6, 0xbd, 0xff, 0xcd, 0xfc,
    0x8c, 0x0, 0x0, 0x0, 0x2, 0x6a, 0xfb, 0xff,
    0xd3, 0xb, 0x0, 0x0, 0x0, 0x2b, 0xec, 0x6d,
    0x5b, 0xff, 0x9d, 0x0, 0x0, 0x0, 0x0, 0x10,
    0x1c, 0xb, 0x9c, 0xff, 0x2e, 0x0, 0x6, 0x91,
    0xf7, 0xff, 0xfc, 0xbb, 0xff, 0x8e, 0x0, 0x90,
    0xff, 0xbc, 0x5a, 0x67, 0xdc, 0xff, 0xcd, 0x9,
    0xf7, 0xe9, 0x7, 0x0, 0x0, 0x28, 0xff, 0xec,
    0x29, 0xff, 0xb7, 0x0, 0x0, 0x0, 0x0, 0xf0,
    0xf1, 0x25, 0xff, 0xbd, 0x0, 0x0, 0x0, 0x5,
    0xfb, 0xd9, 0x3, 0xea, 0xf3, 0x13, 0x0, 0x0,
    0x4f, 0xff, 0x96, 0x0, 0x65, 0xff, 0xd7, 0x7b,
    0x88, 0xf1, 0xee, 0x1f, 0x0, 0x0, 0x56, 0xcd,
    0xf9, 0xf2, 0xb2, 0x2a, 0x0,

    /* U+00F1 "ñ" */
    0x0, 0x4c, 0xec, 0xdc, 0x61, 0x2c, 0xf0, 0x10,
    0x0, 0xd9, 0x84, 0x90, 0xf7, 0xff, 0x9e, 0x0,
    0x0, 0x43, 0x1, 0x0, 0x17, 0x37, 0x1, 0x0,
    0xb0, 0xd6, 0x2d, 0xc0, 0xf9, 0xef, 0x9d, 0xc,
    0xb0, 0xfd, 0xe9, 0xb3, 0x8f, 0xdb, 0xff, 0x93,
    0xb0, 0xff, 0x95, 0x0, 0x0, 0x1f, 0xff, 0xdb,
    0xb0, 0xff, 0x41, 0x0, 0x0, 0x0, 0xef, 0xec,
    0xb0, 0xff, 0x2a, 0x0, 0x0, 0x0, 0xec, 0xec,
    0xb0, 0xff, 0x28, 0x0, 0x0, 0x0, 0xec, 0xec,
    0xb0, 0xff, 0x28, 0x0, 0x0, 0x0, 0xec, 0xec,
    0xb0, 0xff, 0x28, 0x0, 0x0, 0x0, 0xec, 0xec,
    0xb0, 0xff, 0x28, 0x0, 0x0, 0x0, 0xec, 0xec,

    /* U+00F2 "ò" */
    0x0, 0x0, 0x4f, 0xf8, 0xc7, 0x6, 0x0, 0x0,
    0x0, 0x0, 0x0, 0x0, 0x34, 0xdf, 0xa2, 0x1,
    0x0, 0x0, 0x0, 0x0, 0x0, 0x0, 0xe, 0x3c,
    0x9, 0x0, 0x0, 0x0, 0x0, 0x4f, 0xcb, 0xf9,
    0xf3, 0xb5, 0x2c, 0x0, 0x0, 0x57, 0xff, 0xea,
    0x99, 0xa4, 0xf9, 0xf1, 0x24, 0x0, 0xdd, 0xfd,
    0x28, 0x0, 0x0, 0x5b, 0xff, 0xa1, 0x1b, 0xff,
    0xcc, 0x0, 0x0, 0x0, 0x7, 0xfc, 0xe3, 0x2e,
    0xff, 0xb6, 0x0, 0x0, 0x0, 0x0, 0xee, 0xf6,
    0x1b, 0xff, 0xcc, 0x0, 0x0, 0x0, 0x8, 0xfc,
    0xe3, 0x0, 0xd9, 0xfc, 0x27, 0x0, 0x0, 0x5c,
    0xff, 0xa5, 0x0, 0x4e, 0xfe, 0xea, 0x93, 0xa0,
    0xf8, 0xf4, 0x28, 0x0, 0x0, 0x4c, 0xc8, 0xf9,
    0xf3, 0xb6, 0x30, 0x0,

    /* U+00F3 "ó" */
    0x0, 0x0, 0x0, 0x0, 0x10, 0xdd, 0xee, 0x3c,
    0x0, 0x0, 0x0, 0x0, 0x6, 0xbb, 0xd2, 0x24,
    0x0, 0x0, 0x0, 0x0, 0x0, 0x10, 0x3c, 0x8,
    0x0, 0x0, 0x0, 0x0, 0x0, 0x4f, 0xcb, 0xf9,
    0xf3, 0xb5, 0x2c, 0x0, 0x0, 0x57, 0xff, 0xea,
    0x99, 0xa4, 0xf9, 0xf1, 0x24, 0x0, 0xdd, 0xfd,
    0x28, 0x0, 0x0, 0x5b, 0xff, 0xa1, 0x1b, 0xff,
    0xcc, 0x0, 0x0, 0x0, 0x7, 0xfc, 0xe3, 0x2e,
    0xff, 0xb6, 0x0, 0x0, 0x0, 0x0, 0xee, 0xf6,
    0x1b, 0xff, 0xcc, 0x0, 0x0, 0x0, 0x8, 0xfc,
    0xe3, 0x0, 0xd9, 0xfc, 0x27, 0x0, 0x0, 0x5c,
    0xff, 0xa5, 0x0, 0x4e, 0xfe, 0xea, 0x93, 0xa0,
    0xf8, 0xf4, 0x28, 0x0, 0x0, 0x4c, 0xc8, 0xf9,
    0xf3, 0xb6, 0x30, 0x0,

    /* U+00F4 "ô" */
    0x0, 0x0, 0x0, 0x86, 0xff, 0xff, 0x5c, 0x0,
    0x0, 0x0, 0x0, 0x7f, 0xed, 0x50, 0x76, 0xf6,
    0x5a, 0x0, 0x0, 0x5, 0x3c, 0x15, 0x0, 0x0,
    0x1f, 0x38, 0x0, 0x0, 0x0, 0x4f, 0xcb, 0xf9,
    0xf3, 0xb5, 0x2c, 0x0, 0x0, 0x57, 0xff, 0xea,
    0x99, 0xa4, 0xf9, 0xf1, 0x24, 0x0, 0xdd, 0xfd,
    0x28, 0x0, 0x0, 0x5b, 0xff, 0xa1, 0x1b, 0xff,
    0xcc, 0x0, 0x0, 0x0, 0x7, 0xfc, 0xe3, 0x2e,
    0xff, 0xb6, 0x0, 0x0, 0x0, 0x0, 0xee, 0xf6,
    0x1b, 0xff, 0xcc, 0x0, 0x0, 0x0, 0x8, 0xfc,
    0xe3, 0x0, 0xd9, 0xfc, 0x27, 0x0, 0x0, 0x5c,
    0xff, 0xa5, 0x0, 0x4e, 0xfe, 0xea, 0x93, 0xa0,
    0xf8, 0xf4, 0x28, 0x0, 0x0, 0x4c, 0xc8, 0xf9,
    0xf3, 0xb6, 0x30, 0x0,

    /* U+00F5 "õ" */
    0x0, 0x0, 0x77, 0xf5, 0xc9, 0x48, 0x4b, 0xda,
    0x0, 0x0, 0x12, 0xf4, 0x6b, 0xa9, 0xfe, 0xff,
    0x6b, 0x0, 0x0, 0xd, 0x36, 0x0, 0x0, 0x25,
    0x2b, 0x0, 0x0, 0x0, 0x0, 0x4f, 0xcb, 0xf9,
    0xf3, 0xb5, 0x2c, 0x0, 0x0, 0x57, 0xff, 0xea,
    0x99, 0xa4, 0xf9, 0xf1, 0x24, 0x0, 0xdd, 0xfd,
    0x28, 0x0, 0x0, 0x5b, 0xff, 0xa1, 0x1b, 0xff,
    0xcc, 0x0, 0x0, 0x0, 0x7, 0xfc, 0xe3, 0x2e,
    0xff, 0xb6, 0x0, 0x0, 0x0, 0x0, 0xee, 0xf6,
    0x1b, 0xff, 0xcc, 0x0, 0x0, 0x0, 0x8, 0xfc,
    0xe3, 0x0, 0xd9, 0xfc, 0x27, 0x0, 0x0, 0x5c,
    0xff, 0xa5, 0x0, 0x4e, 0xfe, 0xea, 0x93, 0xa0,
    0xf8, 0xf4, 0x28, 0x0, 0x0, 0x4c, 0xc8, 0xf9,
    0xf3, 0xb6, 0x30, 0x0,

    /* U+00F6 "ö" */
    0x0, 0x0, 0x67, 0xf0, 0x25, 0x57, 0xf3, 0x35,
    0x0, 0x0, 0x0, 0x4f, 0xc8, 0x1a, 0x43, 0xca,
    0x27, 0x0, 0x0, 0x0, 0x0, 0x0, 0x0, 0x0,
    0x0, 0x0, 0x0, 0x0, 0x0, 0x4f, 0xcb, 0xf9,
    0xf3, 0xb5, 0x2c, 0x0, 0x0, 0x57, 0xff, 0xea,
    0x99, 0xa4, 0xf9, 0xf1, 0x24, 0x0, 0xdd, 0xfd,
    0x28, 0x0, 0x0, 0x5b, 0xff, 0xa1, 0x1b, 0xff,
    0xcc, 0x0, 0x0, 0x0, 0x7, 0xfc, 0xe3, 0x2e,
    0xff, 0xb6, 0x0, 0x0, 0x0, 0x0, 0xee, 0xf6,
    0x1b, 0xff, 0xcc, 0x0, 0x0, 0x0, 0x8, 0xfc,
    0xe3, 0x0, 0xd9, 0xfc, 0x27, 0x0, 0x0, 0x5c,
    0xff, 0xa5, 0x0, 0x4e, 0xfe, 0xea, 0x93, 0xa0,
    0xf8, 0xf4, 0x28, 0x0, 0x0, 0x4c, 0xc8, 0xf9,
    0xf3, 0xb6, 0x30, 0x0,

    /* U+00F7 "÷" */
    0x0, 0x0, 0x0, 0x3f, 0xf4, 0x5b, 0x0, 0x0,
    0x0, 0x0, 0x0, 0x0, 0x4c, 0xff, 0x6c, 0x0,
    0x0, 0x0, 0x0, 0x0, 0x0, 0x0, 0x1a, 0x0,
    0x0, 0x0, 0x0, 0x7, 0x1c, 0x1c, 0x1c, 0x1c,
    0x1c, 0x1c, 0x1c, 0xb, 0x40, 0xff, 0xff, 0xff,
    0xff, 0xff, 0xff, 0xff, 0x64, 0x13, 0x4c, 0x4c,
    0x4c, 0x64, 0x4c, 0x4c, 0x4c, 0x1e, 0x0, 0x0,
    0x0, 0x4e, 0xff, 0x6f, 0x0, 0x0, 0x0, 0x0,
    0x0, 0x0, 0x3d, 0xf6, 0x5a, 0x0, 0x0, 0x0,

    /* U+00F8 "ø" */
    0x0, 0x0, 0x0, 0x0, 0x0, 0x0, 0x0, 0x15,
    0x0, 0x0, 0x0, 0x4f, 0xcb, 0xf9, 0xf2, 0xaf,
    0xed, 0x4a, 0x0, 0x58, 0xff, 0xea, 0x99, 0xa5,
    0xff, 0xfe, 0x22, 0x0, 0xde, 0xfd, 0x28, 0x0,
    0x67, 0xff, 0xff, 0x98, 0x1e, 0xff, 0xcc, 0x0,
    0x27, 0xf5, 0x75, 0xfd, 0xe1, 0x2e, 0xff, 0xb6,
    0x6, 0xcd, 0xb5, 0x1, 0xf0, 0xf6, 0x1b, 0xff,
    0xcc, 0x88, 0xe9, 0x17, 0x7, 0xfc, 0xe3, 0x0,
    0xd6, 0xfe, 0xfd, 0x4d, 0x0, 0x5b, 0xff, 0xa5,
    0x0, 0x53, 0xff, 0xf6, 0x95, 0xa0, 0xf8, 0xf4,
    0x2a, 0x0, 0x80, 0xde, 0xc4, 0xf9, 0xf3, 0xb7,
    0x32, 0x0, 0x0, 0x8, 0x25, 0x0, 0x0, 0x0,
    0x0, 0x0, 0x0,

    /* U+00F9 "ù" */
    0x0, 0x29, 0xe1, 0xea, 0x1e, 0x0, 0x0, 0x0,
    0x0, 0x0, 0x13, 0xb2, 0xd5, 0x15, 0x0, 0x0,
    0x0, 0x0, 0x0, 0x0, 0x1e, 0xc, 0x0, 0x0,
    0xc0, 0xff, 0x18, 0x0, 0x0, 0x0, 0xfc, 0xdc,
    0xc0, 0xff, 0x18, 0x0, 0x0, 0x0, 0xfc, 0xdc,
    0xc0, 0xff, 0x18, 0x0, 0x0, 0x0, 0xfc, 0xdc,
    0xc0, 0xff, 0x18, 0x0, 0x0, 0x0, 0xfc, 0xdc,
    0xc0, 0xff, 0x18, 0x0, 0x0, 0x0, 0xfd, 0xdc,
    0xc0, 0xff, 0x19, 0x0, 0x0, 0xe, 0xff, 0xdc,
    0xb2, 0xff, 0x3c, 0x0, 0x0, 0x53, 0xff, 0xdc,
    0x6b, 0xff, 0xd5, 0x66, 0x78, 0xeb, 0xf8, 0xdc,
    0x3, 0x8a, 0xea, 0xfc, 0xd4, 0x57, 0xb3, 0xdc,

    /* U+00FA "ú" */
    0x0, 0x0, 0x0, 0x5, 0xbc, 0xf9, 0x5c, 0x0,
    0x0, 0x0, 0x2, 0xa0, 0xdc, 0x33, 0x0, 0x0,
    0x0, 0x0, 0x3, 0x20, 0x8, 0x0, 0x0, 0x0,
    0xc0, 0xff, 0x18, 0x0, 0x0, 0x0, 0xfc, 0xdc,
    0xc0, 0xff, 0x18, 0x0, 0x0, 0x0, 0xfc, 0xdc,
    0xc0, 0xff, 0x18, 0x0, 0x0, 0x0, 0xfc, 0xdc,
    0xc0, 0xff, 0x18, 0x0, 0x0, 0x0, 0xfc, 0xdc,
    0xc0, 0xff, 0x18, 0x0, 0x0, 0x0, 0xfd, 0xdc,
    0xc0, 0xff, 0x19, 0x0, 0x0, 0xe, 0xff, 0xdc,
    0xb2, 0xff, 0x3c, 0x0, 0x0, 0x53, 0xff, 0xdc,
    0x6b, 0xff, 0xd5, 0x66, 0x78, 0xeb, 0xf8, 0xdc,
    0x3, 0x8a, 0xea, 0xfc, 0xd4, 0x57, 0xb3, 0xdc,

    /* U+00FB "û" */
    0x0, 0x0, 0x5a, 0xff, 0xff, 0x91, 0x0, 0x0,
    0x0, 0x61, 0xec, 0x62, 0x40, 0xe0, 0x97, 0x3,
    0x0, 0x1d, 0xe, 0x0, 0x0, 0x8, 0x20, 0x4,
    0xc0, 0xff, 0x18, 0x0, 0x0, 0x0, 0xfc, 0xdc,
    0xc0, 0xff, 0x18, 0x0, 0x0, 0x0, 0xfc, 0xdc,
    0xc0, 0xff, 0x18, 0x0, 0x0, 0x0, 0xfc, 0xdc,
    0xc0, 0xff, 0x18, 0x0, 0x0, 0x0, 0xfc, 0xdc,
    0xc0, 0xff, 0x18, 0x0, 0x0, 0x0, 0xfd, 0xdc,
    0xc0, 0xff, 0x19, 0x0, 0x0, 0xe, 0xff, 0xdc,
    0xb2, 0xff, 0x3c, 0x0, 0x0, 0x53, 0xff, 0xdc,
    0x6b, 0xff, 0xd5, 0x66, 0x78, 0xeb, 0xf8, 0xdc,
    0x3, 0x8a, 0xea, 0xfc, 0xd4, 0x57, 0xb3, 0xdc,

    /* U+00FC "ü" */
    0x0, 0x3c, 0xf3, 0x50, 0x2a, 0xf1, 0x61, 0x0,
    0x0, 0x2d, 0xcb, 0x3c, 0x1f, 0xc9, 0x4b, 0x0,
    0x0, 0x0, 0x0, 0x0, 0x0, 0x0, 0x0, 0x0,
    0xc0, 0xff, 0x18, 0x0, 0x0, 0x0, 0xfc, 0xdc,
    0xc0, 0xff, 0x18, 0x0, 0x0, 0x0, 0xfc, 0xdc,
    0xc0, 0xff, 0x18, 0x0, 0x0, 0x0, 0xfc, 0xdc,
    0xc0, 0xff, 0x18, 0x0, 0x0, 0x0, 0xfc, 0xdc,
    0xc0, 0xff, 0x18, 0x0, 0x0, 0x0, 0xfd, 0xdc,
    0xc0, 0xff, 0x19, 0x0, 0x0, 0xe, 0xff, 0xdc,
    0xb2, 0xff, 0x3c, 0x0, 0x0, 0x53, 0xff, 0xdc,
    0x6b, 0xff, 0xd5, 0x66, 0x78, 0xeb, 0xf8, 0xdc,
    0x3, 0x8a, 0xea, 0xfc, 0xd4, 0x57, 0xb3, 0xdc,

    /* U+00FD "ý" */
    0x0, 0x0, 0x0, 0x0, 0x91, 0xff, 0x85, 0x0,
    0x0, 0x0, 0x0, 0x0, 0x71, 0xee, 0x52, 0x0,
    0x0, 0x0, 0x0, 0x0, 0x0, 0x1d, 0xe, 0x0,
    0x0, 0x0, 0x0, 0xcc, 0xff, 0x30, 0x0, 0x0,
    0x0, 0x93, 0xff, 0x62, 0x68, 0xff, 0x88, 0x0,
    0x0, 0x2, 0xe5, 0xf7, 0xe, 0x10, 0xf6, 0xdf,
    0x1, 0x0, 0x3c, 0xff, 0xa9, 0x0, 0x0, 0xa4,
    0xff, 0x38, 0x0, 0x91, 0xff, 0x4c, 0x0, 0x0,
    0x42, 0xff, 0x90, 0x2, 0xe5, 0xeb, 0x5, 0x0,
    0x0, 0x1, 0xde, 0xe5, 0x3a, 0xff, 0x93, 0x0,
    0x0, 0x0, 0x0, 0x7e, 0xff, 0xab, 0xff, 0x37,
    0x0, 0x0, 0x0, 0x0, 0x1e, 0xfe, 0xfd, 0xda,
    0x0, 0x0, 0x0, 0x0, 0x0, 0x0, 0xba, 0xff,
    0x7e, 0x0, 0x0, 0x0, 0x0, 0x0, 0x0, 0xb7,
    0xff, 0x22, 0x0, 0x0, 0x0, 0x0, 0x0, 0x2a,
    0xfd, 0xc1, 0x0, 0x0, 0x0, 0x0, 0x61, 0x92,
    0xe8, 0xfd, 0x3c, 0x0, 0x0, 0x0, 0x0, 0x96,
    0xfe, 0xd9, 0x51, 0x0, 0x0, 0x0, 0x0, 0x0,

    /* U+00FE "þ" */
    0xb0, 0xff, 0x28, 0x0, 0x0, 0x0, 0x0, 0x0,
    0x0, 0xb0, 0xff, 0x28, 0x0, 0x0, 0x0, 0x0,
    0x0, 0x0, 0xb0, 0xff, 0x28, 0x0, 0x0, 0x0,
    0x0, 0x0, 0x0, 0xb0, 0xff, 0x49, 0xbf, 0xf9,
    0xe8, 0x7d, 0x2, 0x0, 0xb0, 0xff, 0xea, 0xa9,
    0x92, 0xe4, 0xff, 0x76, 0x0, 0xb0, 0xff, 0x82,
    0x0, 0x0, 0x22, 0xfc, 0xe6, 0x1, 0xb0, 0xff,
    0x37, 0x0, 0x0, 0x0, 0xcd, 0xff, 0x19, 0xb0,
    0xff, 0x29, 0x0, 0x0, 0x0, 0xba, 0xff, 0x26,
    0xb0, 0xff, 0x3d, 0x0, 0x0, 0x0, 0xcf, 0xff,
    0x17, 0xb0, 0xff, 0x8d, 0x0, 0x0, 0x26, 0xfd,
    0xe1, 0x0, 0xb0, 0xff, 0xf4, 0xab, 0x91, 0xe6,
    0xff, 0x70, 0x0, 0xb0, 0xff, 0x53, 0xc8, 0xfa,
    0xe7, 0x7c, 0x1, 0x0, 0xb0, 0xff, 0x28, 0x0,
    0x0, 0x0, 0x0, 0x0, 0x0, 0xb0, 0xff, 0x28,
    0x0, 0x0, 0x0, 0x0, 0x0, 0x0, 0xb0, 0xff,
    0x28, 0x0, 0x0, 0x0, 0x0, 0x0, 0x0, 0xb0,
    0xff, 0x28, 0x0, 0x0, 0x0, 0x0, 0x0, 0x0,

    /* U+00FF "ÿ" */
    0x0, 0x14, 0xeb, 0x7d, 0xa, 0xe4, 0x90, 0x0,
    0x0, 0x0, 0xd, 0xc4, 0x62, 0x6, 0xbb, 0x72,
    0x0, 0x0, 0x0, 0x0, 0x0, 0x0, 0x0, 0x0,
    0x0, 0x0, 0x0, 0xcc, 0xff, 0x30, 0x0, 0x0,
    0x0, 0x93, 0xff, 0x62, 0x68, 0xff, 0x88, 0x0,
    0x0, 0x2, 0xe5, 0xf7, 0xe, 0x10, 0xf6, 0xdf,
    0x1, 0x0, 0x3c, 0xff, 0xa9, 0x0, 0x0, 0xa4,
    0xff, 0x38, 0x0, 0x91, 0xff, 0x4c, 0x0, 0x0,
    0x42, 0xff, 0x90, 0x2, 0xe5, 0xeb, 0x5, 0x0,
    0x0, 0x1, 0xde, 0xe5, 0x3a, 0xff, 0x93, 0x0,
    0x0, 0x0, 0x0, 0x7e, 0xff, 0xab, 0xff, 0x37,
    0x0, 0x0, 0x0, 0x0, 0x1e, 0xfe, 0xfd, 0xda,
    0x0, 0x0, 0x0, 0x0, 0x0, 0x0, 0xba, 0xff,
    0x7e, 0x0, 0x0, 0x0, 0x0, 0x0, 0x0, 0xb7,
    0xff, 0x22, 0x0, 0x0, 0x0, 0x0, 0x0, 0x2a,
    0xfd, 0xc1, 0x0, 0x0, 0x0, 0x0, 0x61, 0x92,
    0xe8, 0xfd, 0x3c, 0x0, 0x0, 0x0, 0x0, 0x96,
    0xfe, 0xd9, 0x51, 0x0, 0x0, 0x0, 0x0, 0x0
};

/*---------------------
 *  GLYPH DESCRIPTION
 *--------------------*/

static const lv_font_fmt_txt_glyph_dsc_t glyph_dsc[] = {
    {.bitmap_index = 0, .adv_w = 0, .box_w = 0, .box_h = 0, .ofs_x = 0, .ofs_y = 0} /* id = 0 reserved */,
    {.bitmap_index = 0, .adv_w = 67, .box_w = 0, .box_h = 0, .ofs_x = 0, .ofs_y = 0},
    {.bitmap_index = 0, .adv_w = 71, .box_w = 3, .box_h = 12, .ofs_x = 1, .ofs_y = 0},
    {.bitmap_index = 36, .adv_w = 112, .box_w = 5, .box_h = 5, .ofs_x = 1, .ofs_y = 7},
    {.bitmap_index = 61, .adv_w = 165, .box_w = 10, .box_h = 12, .ofs_x = 0, .ofs_y = 0},
    {.bitmap_index = 181, .adv_w = 146, .box_w = 9, .box_h = 14, .ofs_x = 0, .ofs_y = -2},
    {.bitmap_index = 307, .adv_w = 221, .box_w = 14, .box_h = 12, .ofs_x = 0, .ofs_y = 0},
    {.bitmap_index = 475, .adv_w = 189, .box_w = 12, .box_h = 12, .ofs_x = 0, .ofs_y = 0},
    {.bitmap_index = 619, .adv_w = 62, .box_w = 2, .box_h = 5, .ofs_x = 1, .ofs_y = 7},
    {.bitmap_index = 629, .adv_w = 81, .box_w = 5, .box_h = 15, .ofs_x = 0, .ofs_y = -3},
    {.bitmap_index = 704, .adv_w = 81, .box_w = 5, .box_h = 15, .ofs_x = 0, .ofs_y = -3},
    {.bitmap_index = 779, .adv_w = 140, .box_w = 9, .box_h = 8, .ofs_x = 0, .ofs_y = 4},
    {.bitmap_index = 851, .adv_w = 146, .box_w = 9, .box_h = 8, .ofs_x = 0, .ofs_y = 2},
    {.bitmap_index = 923, .adv_w = 70, .box_w = 4, .box_h = 5, .ofs_x = 0, .ofs_y = -2},
    {.bitmap_index = 943, .adv_w = 82, .box_w = 5, .box_h = 2, .ofs_x = 0, .ofs_y = 4},
    {.bitmap_index = 953, .adv_w = 70, .box_w = 3, .box_h = 3, .ofs_x = 1, .ofs_y = 0},
    {.bitmap_index = 962, .adv_w = 100, .box_w = 7, .box_h = 12, .ofs_x = 0, .ofs_y = 0},
    {.bitmap_index = 1046, .adv_w = 146, .box_w = 9, .box_h = 12, .ofs_x = 0, .ofs_y = 0},
    {.bitmap_index = 1154, .adv_w = 146, .box_w = 6, .box_h = 12, .ofs_x = 1, .ofs_y = 0},
    {.bitmap_index = 1226, .adv_w = 146, .box_w = 9, .box_h = 12, .ofs_x = 0, .ofs_y = 0},
    {.bitmap_index = 1334, .adv_w = 146, .box_w = 9, .box_h = 12, .ofs_x = 0, .ofs_y = 0},
    {.bitmap_index = 1442, .adv_w = 146, .box_w = 9, .box_h = 12, .ofs_x = 0, .ofs_y = 0},
    {.bitmap_index = 1550, .adv_w = 146, .box_w = 9, .box_h = 12, .ofs_x = 0, .ofs_y = 0},
    {.bitmap_index = 1658, .adv_w = 146, .box_w = 9, .box_h = 12, .ofs_x = 0, .ofs_y = 0},
    {.bitmap_index = 1766, .adv_w = 146, .box_w = 9, .box_h = 12, .ofs_x = 0, .ofs_y = 0},
    {.bitmap_index = 1874, .adv_w = 146, .box_w = 9, .box_h = 12, .ofs_x = 0, .ofs_y = 0},
    {.bitmap_index = 1982, .adv_w = 146, .box_w = 9, .box_h = 12, .ofs_x = 0, .ofs_y = 0},
    {.bitmap_index = 2090, .adv_w = 70, .box_w = 3, .box_h = 9, .ofs_x = 1, .ofs_y = 0},
    {.bitmap_index = 2117, .adv_w = 70, .box_w = 4, .box_h = 12, .ofs_x = 0, .ofs_y = -3},
    {.bitmap_index = 2165, .adv_w = 146, .box_w = 9, .box_h = 10, .ofs_x = 0, .ofs_y = 1},
    {.bitmap_index = 2255, .adv_w = 146, .box_w = 9, .box_h = 6, .ofs_x = 0, .ofs_y = 3},
    {.bitmap_index = 2309, .adv_w = 146, .box_w = 9, .box_h = 10, .ofs_x = 0, .ofs_y = 1},
    {.bitmap_index = 2399, .adv_w = 116, .box_w = 7, .box_h = 12, .ofs_x = 0, .ofs_y = 0},
    {.bitmap_index = 2483, .adv_w = 230, .box_w = 14, .box_h = 14, .ofs_x = 0, .ofs_y = -2},
    {.bitmap_index = 2679, .adv_w = 169, .box_w = 11, .box_h = 12, .ofs_x = 0, .ofs_y = 0},
    {.bitmap_index = 2811, .adv_w = 169, .box_w = 9, .box_h = 12, .ofs_x = 1, .ofs_y = 0},
    {.bitmap_index = 2919, .adv_w = 162, .box_w = 10, .box_h = 12, .ofs_x = 0, .ofs_y = 0},
    {.bitmap_index = 3039, .adv_w = 188, .box_w = 10, .box_h = 12, .ofs_x = 1, .ofs_y = 0},
    {.bitmap_index = 3159, .adv_w = 143, .box_w = 7, .box_h = 12, .ofs_x = 1, .ofs_y = 0},
    {.bitmap_index = 3243, .adv_w = 136, .box_w = 7, .box_h = 12, .ofs_x = 1, .ofs_y = 0},
    {.bitmap_index = 3327, .adv_w = 186, .box_w = 11, .box_h = 12, .ofs_x = 0, .ofs_y = 0},
    {.bitmap_index = 3459, .adv_w = 192, .box_w = 10, .box_h = 12, .ofs_x = 1, .ofs_y = 0},
    {.bitmap_index = 3579, .adv_w = 78, .box_w = 3, .box_h = 12, .ofs_x = 1, .ofs_y = 0},
    {.bitmap_index = 3615, .adv_w = 77, .box_w = 6, .box_h = 15, .ofs_x = -2, .ofs_y = -3},
    {.bitmap_index = 3705, .adv_w = 163, .box_w = 10, .box_h = 12, .ofs_x = 1, .ofs_y = 0},
    {.bitmap_index = 3825, .adv_w = 139, .box_w = 8, .box_h = 12, .ofs_x = 1, .ofs_y = 0},
    {.bitmap_index = 3921, .adv_w = 236, .box_w = 13, .box_h = 12, .ofs_x = 1, .ofs_y = 0},
    {.bitmap_index = 4077, .adv_w = 201, .box_w = 11, .box_h = 12, .ofs_x = 1, .ofs_y = 0},
    {.bitmap_index = 4209, .adv_w = 202, .box_w = 12, .box_h = 12, .ofs_x = 0, .ofs_y = 0},
    {.bitmap_index = 4353, .adv_w = 157, .box_w = 9, .box_h = 12, .ofs_x = 1, .ofs_y = 0},
    {.bitmap_index = 4461, .adv_w = 202, .box_w = 12, .box_h = 15, .ofs_x = 0, .ofs_y = -3},
    {.bitmap_index = 4641, .adv_w = 164, .box_w = 10, .box_h = 12, .ofs_x = 1, .ofs_y = 0},
    {.bitmap_index = 4761, .adv_w = 141, .box_w = 9, .box_h = 12, .ofs_x = 0, .ofs_y = 0},
    {.bitmap_index = 4869, .adv_w = 145, .box_w = 9, .box_h = 12, .ofs_x = 0, .ofs_y = 0},
    {.bitmap_index = 4977, .adv_w = 190, .box_w = 10, .box_h = 12, .ofs_x = 1, .ofs_y = 0},
    {.bitmap_index = 5097, .adv_w = 160, .box_w = 10, .box_h = 12, .ofs_x = 0, .ofs_y = 0},
    {.bitmap_index = 5217, .adv_w = 242, .box_w = 16, .box_h = 12, .ofs_x = 0, .ofs_y = 0},
    {.bitmap_index = 5409, .adv_w = 159, .box_w = 10, .box_h = 12, .ofs_x = 0, .ofs_y = 0},
    {.bitmap_index = 5529, .adv_w = 152, .box_w = 10, .box_h = 12, .ofs_x = 0, .ofs_y = 0},
    {.bitmap_index = 5649, .adv_w = 147, .box_w = 9, .box_h = 12, .ofs_x = 0, .ofs_y = 0},
    {.bitmap_index = 5757, .adv_w = 84, .box_w = 4, .box_h = 15, .ofs_x = 1, .ofs_y = -3},
    {.bitmap_index = 5817, .adv_w = 100, .box_w = 7, .box_h = 12, .ofs_x = 0, .ofs_y = 0},
    {.bitmap_index = 5901, .adv_w = 84, .box_w = 5, .box_h = 15, .ofs_x = 0, .ofs_y = -3},
    {.bitmap_index = 5976, .adv_w = 146, .box_w = 9, .box_h = 8, .ofs_x = 0, .ofs_y = 4},
    {.bitmap_index = 6048, .adv_w = 109, .box_w = 8, .box_h = 2, .ofs_x = -1, .ofs_y = -3},
    {.bitmap_index = 6064, .adv_w = 82, .box_w = 5, .box_h = 3, .ofs_x = 0, .ofs_y = 10},
    {.bitmap_index = 6079, .adv_w = 149, .box_w = 9, .box_h = 9, .ofs_x = 0, .ofs_y = 0},
    {.bitmap_index = 6160, .adv_w = 159, .box_w = 9, .box_h = 12, .ofs_x = 1, .ofs_y = 0},
    {.bitmap_index = 6268, .adv_w = 127, .box_w = 8, .box_h = 9, .ofs_x = 0, .ofs_y = 0},
    {.bitmap_index = 6340, .adv_w = 159, .box_w = 9, .box_h = 12, .ofs_x = 0, .ofs_y = 0},
    {.bitmap_index = 6448, .adv_w = 148, .box_w = 9, .box_h = 9, .ofs_x = 0, .ofs_y = 0},
    {.bitmap_index = 6529, .adv_w = 93, .box_w = 7, .box_h = 12, .ofs_x = 0, .ofs_y = 0},
    {.bitmap_index = 6613, .adv_w = 142, .box_w = 9, .box_h = 13, .ofs_x = 0, .ofs_y = -4},
    {.bitmap_index = 6730, .adv_w = 163, .box_w = 8, .box_h = 12, .ofs_x = 1, .ofs_y = 0},
    {.bitmap_index = 6826, .adv_w = 71, .box_w = 3, .box_h = 12, .ofs_x = 1, .ofs_y = 0},
    {.bitmap_index = 6862, .adv_w = 71, .box_w = 5, .box_h = 16, .ofs_x = -1, .ofs_y = -4},
    {.bitmap_index = 6942, .adv_w = 147, .box_w = 9, .box_h = 12, .ofs_x = 1, .ofs_y = 0},
    {.bitmap_index = 7050, .adv_w = 71, .box_w = 3, .box_h = 12, .ofs_x = 1, .ofs_y = 0},
    {.bitmap_index = 7086, .adv_w = 244, .box_w = 14, .box_h = 9, .ofs_x = 1, .ofs_y = 0},
    {.bitmap_index = 7212, .adv_w = 163, .box_w = 8, .box_h = 9, .ofs_x = 1, .ofs_y = 0},
    {.bitmap_index = 7284, .adv_w = 156, .box_w = 9, .box_h = 9, .ofs_x = 0, .ofs_y = 0},
    {.bitmap_index = 7365, .adv_w = 159, .box_w = 9, .box_h = 13, .ofs_x = 1, .ofs_y = -4},
    {.bitmap_index = 7482, .adv_w = 159, .box_w = 9, .box_h = 13, .ofs_x = 0, .ofs_y = -4},
    {.bitmap_index = 7599, .adv_w = 111, .box_w = 6, .box_h = 9, .ofs_x = 1, .ofs_y = 0},
    {.bitmap_index = 7653, .adv_w = 125, .box_w = 8, .box_h = 9, .ofs_x = 0, .ofs_y = 0},
    {.bitmap_index = 7725, .adv_w = 101, .box_w = 6, .box_h = 11, .ofs_x = 0, .ofs_y = 0},
    {.bitmap_index = 7791, .adv_w = 163, .box_w = 8, .box_h = 9, .ofs_x = 1, .ofs_y = 0},
    {.bitmap_index = 7863, .adv_w = 137, .box_w = 9, .box_h = 9, .ofs_x = 0, .ofs_y = 0},
    {.bitmap_index = 7944, .adv_w = 209, .box_w = 13, .box_h = 9, .ofs_x = 0, .ofs_y = 0},
    {.bitmap_index = 8061, .adv_w = 141, .box_w = 9, .box_h = 9, .ofs_x = 0, .ofs_y = 0},
    {.bitmap_index = 8142, .adv_w = 137, .box_w = 9, .box_h = 13, .ofs_x = 0, .ofs_y = -4},
    {.bitmap_index = 8259, .adv_w = 123, .box_w = 8, .box_h = 9, .ofs_x = 0, .ofs_y = 0},
    {.bitmap_index = 8331, .adv_w = 99, .box_w = 6, .box_h = 15, .ofs_x = 0, .ofs_y = -3},
    {.bitmap_index = 8421, .adv_w = 141, .box_w = 3, .box_h = 16, .ofs_x = 3, .ofs_y = -4},
    {.bitmap_index = 8469, .adv_w = 99, .box_w = 6, .box_h = 15, .ofs_x = 0, .ofs_y = -3},
    {.bitmap_index = 8559, .adv_w = 146, .box_w = 9, .box_h = 4, .ofs_x = 0, .ofs_y = 4},
    {.bitmap_index = 8595, .adv_w = 67, .box_w = 0, .box_h = 0, .ofs_x = 0, .ofs_y = 0},
    {.bitmap_index = 8595, .adv_w = 71, .box_w = 3, .box_h = 12, .ofs_x = 1, .ofs_y = -3},
    {.bitmap_index = 8631, .adv_w = 146, .box_w = 7, .box_h = 12, .ofs_x = 1, .ofs_y = 0},
    {.bitmap_index = 8715, .adv_w = 146, .box_w = 9, .box_h = 12, .ofs_x = 0, .ofs_y = 0},
    {.bitmap_index = 8823, .adv_w = 146, .box_w = 9, .box_h = 8, .ofs_x = 0, .ofs_y = 2},
    {.bitmap_index = 8895, .adv_w = 146, .box_w = 9, .box_h = 12, .ofs_x = 0, .ofs_y = 0},
    {.bitmap_index = 9003, .adv_w = 141, .box_w = 3, .box_h = 16, .ofs_x = 3, .ofs_y = -4},
    {.bitmap_index = 9051, .adv_w = 128, .box_w = 8, .box_h = 12, .ofs_x = 0, .ofs_y = 0},
    {.bitmap_index = 9147, .adv_w = 152, .box_w = 6, .box_h = 2, .ofs_x = 2, .ofs_y = 10},
    {.bitmap_index = 9159, .adv_w = 213, .box_w = 13, .box_h = 12, .ofs_x = 0, .ofs_y = 0},
    {.bitmap_index = 9315, .adv_w = 94, .box_w = 6, .box_h = 6, .ofs_x = 0, .ofs_y = 6},
    {.bitmap_index = 9351, .adv_w = 142, .box_w = 9, .box_h = 8, .ofs_x = 0, .ofs_y = 0},
    {.bitmap_index = 9423, .adv_w = 146, .box_w = 9, .box_h = 6, .ofs_x = 0, .ofs_y = 1},
    {.bitmap_index = 9477, .adv_w = 82, .box_w = 5, .box_h = 2, .ofs_x = 0, .ofs_y = 4},
    {.bitmap_index = 9487, .adv_w = 213, .box_w = 13, .box_h = 12, .ofs_x = 0, .ofs_y = 0},
    {.bitmap_index = 9643, .adv_w = 128, .box_w = 10, .box_h = 3, .ofs_x = -1, .ofs_y = 12},
    {.bitmap_index = 9673, .adv_w = 110, .box_w = 7, .box_h = 6, .ofs_x = 0, .ofs_y = 6},
    {.bitmap_index = 9715, .adv_w = 146, .box_w = 9, .box_h = 10, .ofs_x = 0, .ofs_y = 0},
    {.bitmap_index = 9805, .adv_w = 93, .box_w = 6, .box_h = 7, .ofs_x = 0, .ofs_y = 7},
    {.bitmap_index = 9847, .adv_w = 93, .box_w = 6, .box_h = 7, .ofs_x = 0, .ofs_y = 7},
    {.bitmap_index = 9889, .adv_w = 82, .box_w = 5, .box_h = 3, .ofs_x = 0, .ofs_y = 10},
    {.bitmap_index = 9904, .adv_w = 164, .box_w = 8, .box_h = 13, .ofs_x = 1, .ofs_y = -4},
    {.bitmap_index = 10008, .adv_w = 168, .box_w = 9, .box_h = 15, .ofs_x = 0, .ofs_y = -3},
    {.bitmap_index = 10143, .adv_w = 70, .box_w = 3, .box_h = 3, .ofs_x = 1, .ofs_y = 5},
    {.bitmap_index = 10152, .adv_w = 55, .box_w = 5, .box_h = 5, .ofs_x = -1, .ofs_y = -5},
    {.bitmap_index = 10177, .adv_w = 93, .box_w = 5, .box_h = 7, .ofs_x = 0, .ofs_y = 7},
    {.bitmap_index = 10212, .adv_w = 98, .box_w = 6, .box_h = 7, .ofs_x = 0, .ofs_y = 5},
    {.bitmap_index = 10254, .adv_w = 142, .box_w = 9, .box_h = 8, .ofs_x = 0, .ofs_y = 0},
    {.bitmap_index = 10326, .adv_w = 201, .box_w = 13, .box_h = 12, .ofs_x = 0, .ofs_y = 0},
    {.bitmap_index = 10482, .adv_w = 210, .box_w = 13, .box_h = 12, .ofs_x = 0, .ofs_y = -1},
    {.bitmap_index = 10638, .adv_w = 208, .box_w = 13, .box_h = 12, .ofs_x = 0, .ofs_y = 0},
    {.bitmap_index = 10794, .adv_w = 116, .box_w = 8, .box_h = 12, .ofs_x = 0, .ofs_y = -3},
    {.bitmap_index = 10890, .adv_w = 169, .box_w = 11, .box_h = 16, .ofs_x = 0, .ofs_y = 0},
    {.bitmap_index = 11066, .adv_w = 169, .box_w = 11, .box_h = 16, .ofs_x = 0, .ofs_y = 0},
    {.bitmap_index = 11242, .adv_w = 169, .box_w = 11, .box_h = 16, .ofs_x = 0, .ofs_y = 0},
    {.bitmap_index = 11418, .adv_w = 169, .box_w = 11, .box_h = 16, .ofs_x = 0, .ofs_y = 0},
    {.bitmap_index = 11594, .adv_w = 169, .box_w = 11, .box_h = 15, .ofs_x = 0, .ofs_y = 0},
    {.bitmap_index = 11759, .adv_w = 169, .box_w = 11, .box_h = 14, .ofs_x = 0, .ofs_y = 0},
    {.bitmap_index = 11913, .adv_w = 233, .box_w = 15, .box_h = 12, .ofs_x = -1, .ofs_y = 0},
    {.bitmap_index = 12093, .adv_w = 162, .box_w = 10, .box_h = 16, .ofs_x = 0, .ofs_y = -4},
    {.bitmap_index = 12253, .adv_w = 143, .box_w = 7, .box_h = 16, .ofs_x = 1, .ofs_y = 0},
    {.bitmap_index = 12365, .adv_w = 143, .box_w = 7, .box_h = 16, .ofs_x = 1, .ofs_y = 0},
    {.bitmap_index = 12477, .adv_w = 143, .box_w = 7, .box_h = 16, .ofs_x = 1, .ofs_y = 0},
    {.bitmap_index = 12589, .adv_w = 143, .box_w = 7, .box_h = 15, .ofs_x = 1, .ofs_y = 0},
    {.bitmap_index = 12694, .adv_w = 78, .box_w = 5, .box_h = 16, .ofs_x = -1, .ofs_y = 0},
    {.bitmap_index = 12774, .adv_w = 78, .box_w = 5, .box_h = 16, .ofs_x = 1, .ofs_y = 0},
    {.bitmap_index = 12854, .adv_w = 78, .box_w = 7, .box_h = 16, .ofs_x = -1, .ofs_y = 0},
    {.bitmap_index = 12966, .adv_w = 78, .box_w = 5, .box_h = 15, .ofs_x = 0, .ofs_y = 0},
    {.bitmap_index = 13041, .adv_w = 188, .box_w = 11, .box_h = 12, .ofs_x = 0, .ofs_y = 0},
    {.bitmap_index = 13173, .adv_w = 201, .box_w = 11, .box_h = 16, .ofs_x = 1, .ofs_y = 0},
    {.bitmap_index = 13349, .adv_w = 202, .box_w = 12, .box_h = 16, .ofs_x = 0, .ofs_y = 0},
    {.bitmap_index = 13541, .adv_w = 202, .box_w = 12, .box_h = 16, .ofs_x = 0, .ofs_y = 0},
    {.bitmap_index = 13733, .adv_w = 202, .box_w = 12, .box_h = 16, .ofs_x = 0, .ofs_y = 0},
    {.bitmap_index = 13925, .adv_w = 202, .box_w = 12, .box_h = 16, .ofs_x = 0, .ofs_y = 0},
    {.bitmap_index = 14117, .adv_w = 202, .box_w = 12, .box_h = 15, .ofs_x = 0, .ofs_y = 0},
    {.bitmap_index = 14297, .adv_w = 146, .box_w = 8, .box_h = 8, .ofs_x = 1, .ofs_y = 2},
    {.bitmap_index = 14361, .adv_w = 202, .box_w = 12, .box_h = 14, .ofs_x = 0, .ofs_y = -1},
    {.bitmap_index = 14529, .adv_w = 190, .box_w = 10, .box_h = 16, .ofs_x = 1, .ofs_y = 0},
    {.bitmap_index = 14689, .adv_w = 190, .box_w = 10, .box_h = 16, .ofs_x = 1, .ofs_y = 0},
    {.bitmap_index = 14849, .adv_w = 190, .box_w = 10, .box_h = 16, .ofs_x = 1, .ofs_y = 0},
    {.bitmap_index = 15009, .adv_w = 190, .box_w = 10, .box_h = 15, .ofs_x = 1, .ofs_y = 0},
    {.bitmap_index = 15159, .adv_w = 152, .box_w = 10, .box_h = 16, .ofs_x = 0, .ofs_y = 0},
    {.bitmap_index = 15319, .adv_w = 157, .box_w = 9, .box_h = 12, .ofs_x = 1, .ofs_y = 0},
    {.bitmap_index = 15427, .adv_w = 171, .box_w = 10, .box_h = 12, .ofs_x = 1, .ofs_y = 0},
    {.bitmap_index = 15547, .adv_w = 149, .box_w = 9, .box_h = 12, .ofs_x = 0, .ofs_y = 0},
    {.bitmap_index = 15655, .adv_w = 149, .box_w = 9, .box_h = 12, .ofs_x = 0, .ofs_y = 0},
    {.bitmap_index = 15763, .adv_w = 149, .box_w = 9, .box_h = 12, .ofs_x = 0, .ofs_y = 0},
    {.bitmap_index = 15871, .adv_w = 149, .box_w = 9, .box_h = 12, .ofs_x = 0, .ofs_y = 0},
    {.bitmap_index = 15979, .adv_w = 149, .box_w = 9, .box_h = 12, .ofs_x = 0, .ofs_y = 0},
    {.bitmap_index = 16087, .adv_w = 149, .box_w = 9, .box_h = 14, .ofs_x = 0, .ofs_y = 0},
    {.bitmap_index = 16213, .adv_w = 228, .box_w = 14, .box_h = 9, .ofs_x = 0, .ofs_y = 0},
    {.bitmap_index = 16339, .adv_w = 127, .box_w = 8, .box_h = 13, .ofs_x = 0, .ofs_y = -4},
    {.bitmap_index = 16443, .adv_w = 148, .box_w = 9, .box_h = 12, .ofs_x = 0, .ofs_y = 0},
    {.bitmap_index = 16551, .adv_w = 148, .box_w = 9, .box_h = 12, .ofs_x = 0, .ofs_y = 0},
    {.bitmap_index = 16659, .adv_w = 148, .box_w = 9, .box_h = 12, .ofs_x = 0, .ofs_y = 0},
    {.bitmap_index = 16767, .adv_w = 148, .box_w = 9, .box_h = 12, .ofs_x = 0, .ofs_y = 0},
    {.bitmap_index = 16875, .adv_w = 71, .box_w = 5, .box_h = 12, .ofs_x = -1, .ofs_y = 0},
    {.bitmap_index = 16935, .adv_w = 71, .box_w = 4, .box_h = 12, .ofs_x = 1, .ofs_y = 0},
    {.bitmap_index = 16983, .adv_w = 71, .box_w = 7, .box_h = 12, .ofs_x = -1, .ofs_y = 0},
    {.bitmap_index = 17067, .adv_w = 71, .box_w = 6, .box_h = 12, .ofs_x = -1, .ofs_y = 0},
    {.bitmap_index = 17139, .adv_w = 156, .box_w = 9, .box_h = 13, .ofs_x = 0, .ofs_y = 0},
    {.bitmap_index = 17256, .adv_w = 163, .box_w = 8, .box_h = 12, .ofs_x = 1, .ofs_y = 0},
    {.bitmap_index = 17352, .adv_w = 156, .box_w = 9, .box_h = 12, .ofs_x = 0, .ofs_y = 0},
    {.bitmap_index = 17460, .adv_w = 156, .box_w = 9, .box_h = 12, .ofs_x = 0, .ofs_y = 0},
    {.bitmap_index = 17568, .adv_w = 156, .box_w = 9, .box_h = 12, .ofs_x = 0, .ofs_y = 0},
    {.bitmap_index = 17676, .adv_w = 156, .box_w = 9, .box_h = 12, .ofs_x = 0, .ofs_y = 0},
    {.bitmap_index = 17784, .adv_w = 156, .box_w = 9, .box_h = 12, .ofs_x = 0, .ofs_y = 0},
    {.bitmap_index = 17892, .adv_w = 146, .box_w = 9, .box_h = 8, .ofs_x = 0, .ofs_y = 2},
    {.bitmap_index = 17964, .adv_w = 156, .box_w = 9, .box_h = 11, .ofs_x = 0, .ofs_y = -1},
    {.bitmap_index = 18063, .adv_w = 163, .box_w = 8, .box_h = 12, .ofs_x = 1, .ofs_y = 0},
    {.bitmap_index = 18159, .adv_w = 163, .box_w = 8, .box_h = 12, .ofs_x = 1, .ofs_y = 0},
    {.bitmap_index = 18255, .adv_w = 163, .box_w = 8, .box_h = 12, .ofs_x = 1, .ofs_y = 0},
    {.bitmap_index = 18351, .adv_w = 163, .box_w = 8, .box_h = 12, .ofs_x = 1, .ofs_y = 0},
    {.bitmap_index = 18447, .adv_w = 137, .box_w = 9, .box_h = 16, .ofs_x = 0, .ofs_y = -4},
    {.bitmap_index = 18591, .adv_w = 159, .box_w = 9, .box_h = 16, .ofs_x = 1, .ofs_y = -4},
    {.bitmap_index = 18735, .adv_w = 137, .box_w = 9, .box_h = 16, .ofs_x = 0, .ofs_y = -4}
};

/*---------------------
 *  CHARACTER MAPPING
 *--------------------*/

/*Collect the unicode lists and glyph_id offsets*/
static const lv_font_fmt_txt_cmap_t cmaps[] =
{
    {
        .range_start = 32, .range_length = 95, .glyph_id_start = 1,
        .unicode_list = NULL, .glyph_id_ofs_list = NULL, .list_length = 0, .type = LV_FONT_FMT_TXT_CMAP_FORMAT0_TINY
    },
    {
        .range_start = 160, .range_length = 96, .glyph_id_start = 96,
        .unicode_list = NULL, .glyph_id_ofs_list = NULL, .list_length = 0, .type = LV_FONT_FMT_TXT_CMAP_FORMAT0_TINY
    }
};

/*--------------------
 *  ALL CUSTOM DATA
 *--------------------*/

#if LVGL_VERSION_MAJOR == 8
/*Store all the custom data of the font*/
static  lv_font_fmt_txt_glyph_cache_t cache;
#endif

#if LVGL_VERSION_MAJOR >= 8
static const lv_font_fmt_txt_dsc_t font_dsc = {
#else
static lv_font_fmt_txt_dsc_t font_dsc = {
#endif
    .glyph_bitmap = glyph_bitmap,
    .glyph_dsc = glyph_dsc,
    .cmaps = cmaps,
    .kern_dsc = NULL,
    .kern_scale = 0,
    .cmap_num = 2,
    .bpp = 8,
    .kern_classes = 0,
    .bitmap_format = 0,
#if LVGL_VERSION_MAJOR == 8
    .cache = &cache
#endif
};

/*-----------------
 *  PUBLIC FONT
 *----------------*/

/*Initialize a public general font descriptor*/
#if LVGL_VERSION_MAJOR >= 8
const lv_font_t ui_font_open_sans_semibold_16 = {
#else
lv_font_t ui_font_open_sans_semibold_16 = {
#endif
    .get_glyph_dsc = lv_font_get_glyph_dsc_fmt_txt,    /*Function pointer to get glyph's data*/
    .get_glyph_bitmap = lv_font_get_bitmap_fmt_txt,    /*Function pointer to get glyph's bitmap*/
    .line_height = 21,          /*The maximum line height required by the font*/
    .base_line = 5,             /*Baseline measured from the bottom of the line*/
#if !(LVGL_VERSION_MAJOR == 6 && LVGL_VERSION_MINOR == 0)
    .subpx = LV_FONT_SUBPX_NONE,
#endif
#if LV_VERSION_CHECK(7, 4, 0) || LVGL_VERSION_MAJOR >= 8
    .underline_position = -1,
    .underline_thickness = 0,
#endif
    .dsc = &font_dsc,          /*The custom font data. Will be accessed by `get_glyph_bitmap/dsc` */
#if LV_VERSION_CHECK(8, 2, 0) || LVGL_VERSION_MAJOR >= 9
    .fallback = NULL,
#endif
    .user_data = NULL,
};

#endif /*#if UI_FONT_OPEN_SANS_SEMIBOLD_16*/